Date,ToVol,SmVol,MeVol,LaVol,Speed,OccRate,hour,dow,is_weekend,time_4bin,occ_label,large_pct
2017-04-02 00:00:00,43,34,9,0,50.3,1.9,0,6,True,새벽(0-5),원활,0.0
2017-04-02 00:05:00,45,32,13,0,58.9,1.84,0,6,True,새벽(0-5),원활,0.0
2017-04-02 00:10:00,46,34,12,0,50.6,1.87,0,6,True,새벽(0-5),원활,0.0
2017-04-02 00:15:00,45,36,9,0,50.9,1.72,0,6,True,새벽(0-5),원활,0.0
2017-04-02 00:20:00,27,13,13,1,62.2,1.12,0,6,True,새벽(0-5),원활,3.7
2017-04-02 00:25:00,30,15,15,0,63.5,1.17,0,6,True,새벽(0-5),원활,0.0
2017-04-02 00:30:00,27,14,12,1,73.6,0.99,0,6,True,새벽(0-5),원활,3.7
2017-04-02 00:35:00,40,25,15,0,52.7,1.76,0,6,True,새벽(0-5),원활,0.0
2017-04-02 00:40:00,31,18,13,0,59.9,1.24,0,6,True,새벽(0-5),원활,0.0
2017-04-02 00:45:00,38,28,10,0,59.1,1.49,0,6,True,새벽(0-5),원활,0.0
2017-04-02 00:50:00,39,27,12,0,54.5,1.84,0,6,True,새벽(0-5),원활,0.0
2017-04-02 00:55:00,38,27,11,0,50.6,1.42,0,6,True,새벽(0-5),원활,0.0
2017-04-02 01:00:00,27,18,9,0,50.8,1.18,1,6,True,새벽(0-5),원활,0.0
2017-04-02 01:05:00,28,19,9,0,65.0,1.07,1,6,True,새벽(0-5),원활,0.0
2017-04-02 01:10:00,35,20,15,0,58.1,1.52,1,6,True,새벽(0-5),원활,0.0
2017-04-02 01:15:00,26,18,8,0,59.3,1.03,1,6,True,새벽(0-5),원활,0.0
2017-04-02 01:20:00,27,20,7,0,53.2,1.08,1,6,True,새벽(0-5),원활,0.0
2017-04-02 01:25:00,15,11,4,0,59.4,0.63,1,6,True,새벽(0-5),원활,0.0
2017-04-02 01:30:00,24,20,4,0,55.7,1.08,1,6,True,새벽(0-5),원활,0.0
2017-04-02 01:35:00,21,14,7,0,54.7,0.9,1,6,True,새벽(0-5),원활,0.0
2017-04-02 01:40:00,18,13,5,0,63.0,0.59,1,6,True,새벽(0-5),원활,0.0
2017-04-02 01:45:00,24,18,6,0,58.2,1.04,1,6,True,새벽(0-5),원활,0.0
2017-04-02 01:50:00,22,15,7,0,63.4,0.94,1,6,True,새벽(0-5),원활,0.0
2017-04-02 01:55:00,28,18,10,0,57.6,1.15,1,6,True,새벽(0-5),원활,0.0
2017-04-02 02:00:00,29,21,8,0,58.2,1.2,2,6,True,새벽(0-5),원활,0.0
2017-04-02 02:05:00,23,16,7,0,56.2,1.11,2,6,True,새벽(0-5),원활,0.0
2017-04-02 02:10:00,30,19,11,0,60.8,1.58,2,6,True,새벽(0-5),원활,0.0
2017-04-02 02:15:00,18,15,3,0,61.1,0.71,2,6,True,새벽(0-5),원활,0.0
2017-04-02 02:20:00,15,8,7,0,55.9,0.66,2,6,True,새벽(0-5),원활,0.0
2017-04-02 02:25:00,16,9,7,0,51.5,0.66,2,6,True,새벽(0-5),원활,0.0
2017-04-02 02:30:00,21,11,10,0,60.9,0.76,2,6,True,새벽(0-5),원활,0.0
2017-04-02 02:35:00,13,7,6,0,69.5,0.49,2,6,True,새벽(0-5),원활,0.0
2017-04-02 02:40:00,17,14,3,0,61.3,0.72,2,6,True,새벽(0-5),원활,0.0
2017-04-02 02:45:00,15,11,4,0,66.6,0.52,2,6,True,새벽(0-5),원활,0.0
2017-04-02 02:50:00,21,16,5,0,55.4,0.88,2,6,True,새벽(0-5),원활,0.0
2017-04-02 02:55:00,20,9,11,0,54.2,0.74,2,6,True,새벽(0-5),원활,0.0
2017-04-02 03:00:00,15,7,8,0,64.6,0.65,3,6,True,새벽(0-5),원활,0.0
2017-04-02 03:05:00,13,11,2,0,61.8,0.58,3,6,True,새벽(0-5),원활,0.0
2017-04-02 03:10:00,21,12,9,0,61.8,0.81,3,6,True,새벽(0-5),원활,0.0
2017-04-02 03:15:00,14,7,7,0,57.8,0.63,3,6,True,새벽(0-5),원활,0.0
2017-04-02 03:20:00,14,7,7,0,64.9,0.48,3,6,True,새벽(0-5),원활,0.0
2017-04-02 03:25:00,22,10,12,0,63.2,0.84,3,6,True,새벽(0-5),원활,0.0
2017-04-02 03:30:00,13,7,6,0,57.2,0.59,3,6,True,새벽(0-5),원활,0.0
2017-04-02 03:35:00,14,11,2,1,57.5,0.6,3,6,True,새벽(0-5),원활,7.14
2017-04-02 03:40:00,20,9,11,0,60.0,0.81,3,6,True,새벽(0-5),원활,0.0
2017-04-02 03:45:00,13,6,7,0,61.6,0.59,3,6,True,새벽(0-5),원활,0.0
2017-04-02 03:50:00,19,10,9,0,61.5,0.82,3,6,True,새벽(0-5),원활,0.0
2017-04-02 03:55:00,11,7,4,0,64.0,0.43,3,6,True,새벽(0-5),원활,0.0
2017-04-02 04:00:00,24,12,12,0,61.5,1.04,4,6,True,새벽(0-5),원활,0.0
2017-04-02 04:05:00,15,11,4,0,62.5,0.55,4,6,True,새벽(0-5),원활,0.0
2017-04-02 04:10:00,19,10,9,0,71.3,0.87,4,6,True,새벽(0-5),원활,0.0
2017-04-02 04:15:00,21,9,12,0,57.2,0.84,4,6,True,새벽(0-5),원활,0.0
2017-04-02 04:20:00,23,13,10,0,48.9,0.83,4,6,True,새벽(0-5),원활,0.0
2017-04-02 04:25:00,18,10,8,0,55.6,0.8,4,6,True,새벽(0-5),원활,0.0
2017-04-02 04:30:00,26,12,14,0,58.8,1.02,4,6,True,새벽(0-5),원활,0.0
2017-04-02 04:35:00,20,12,8,0,63.6,0.75,4,6,True,새벽(0-5),원활,0.0
2017-04-02 04:40:00,25,18,7,0,55.9,0.98,4,6,True,새벽(0-5),원활,0.0
2017-04-02 04:45:00,21,14,7,0,60.1,0.9,4,6,True,새벽(0-5),원활,0.0
2017-04-02 04:50:00,20,14,6,0,59.6,0.78,4,6,True,새벽(0-5),원활,0.0
2017-04-02 04:55:00,19,7,12,0,63.4,0.91,4,6,True,새벽(0-5),원활,0.0
2017-04-02 05:00:00,23,19,4,0,65.9,1.06,5,6,True,새벽(0-5),원활,0.0
2017-04-02 05:05:00,30,15,15,0,56.7,1.33,5,6,True,새벽(0-5),원활,0.0
2017-04-02 05:10:00,22,13,9,0,61.4,0.82,5,6,True,새벽(0-5),원활,0.0
2017-04-02 05:15:00,25,15,9,1,70.3,1.03,5,6,True,새벽(0-5),원활,4.0
2017-04-02 05:20:00,34,23,11,0,55.2,1.45,5,6,True,새벽(0-5),원활,0.0
2017-04-02 05:25:00,29,19,9,1,68.6,1.03,5,6,True,새벽(0-5),원활,3.45
2017-04-02 05:30:00,16,10,6,0,49.2,0.74,5,6,True,새벽(0-5),원활,0.0
2017-04-02 05:35:00,22,16,6,0,59.6,0.98,5,6,True,새벽(0-5),원활,0.0
2017-04-02 05:40:00,24,16,8,0,52.8,1.04,5,6,True,새벽(0-5),원활,0.0
2017-04-02 05:45:00,31,24,7,0,52.3,1.32,5,6,True,새벽(0-5),원활,0.0
2017-04-02 05:50:00,42,29,12,1,57.7,1.63,5,6,True,새벽(0-5),원활,2.38
2017-04-02 05:55:00,42,23,19,0,57.3,1.87,5,6,True,새벽(0-5),원활,0.0
2017-04-02 06:00:00,42,26,16,0,58.1,1.68,6,6,True,오전(6-11),원활,0.0
2017-04-02 06:05:00,35,21,12,2,59.6,1.57,6,6,True,오전(6-11),원활,5.71
2017-04-02 06:10:00,30,23,6,1,61.8,1.09,6,6,True,오전(6-11),원활,3.33
2017-04-02 06:15:00,47,31,14,2,56.3,1.72,6,6,True,오전(6-11),원활,4.26
2017-04-02 06:20:00,41,24,17,0,58.9,1.57,6,6,True,오전(6-11),원활,0.0
2017-04-02 06:25:00,54,34,20,0,60.6,1.94,6,6,True,오전(6-11),원활,0.0
2017-04-02 06:30:00,45,29,15,1,61.1,1.67,6,6,True,오전(6-11),원활,2.22
2017-04-02 06:35:00,45,26,17,2,63.8,1.71,6,6,True,오전(6-11),원활,4.44
2017-04-02 06:40:00,55,31,23,1,63.3,2.0,6,6,True,오전(6-11),원활,1.82
2017-04-02 06:45:00,61,31,26,4,56.7,2.69,6,6,True,오전(6-11),원활,6.56
2017-04-02 06:50:00,38,23,13,2,53.1,1.49,6,6,True,오전(6-11),원활,5.26
2017-04-02 06:55:00,48,30,18,0,55.7,2.02,6,6,True,오전(6-11),원활,0.0
2017-04-02 07:00:00,48,37,10,1,63.7,1.68,7,6,True,오전(6-11),원활,2.08
2017-04-02 07:05:00,46,26,17,3,58.7,1.86,7,6,True,오전(6-11),원활,6.52
2017-04-02 07:10:00,67,44,21,2,60.7,2.52,7,6,True,오전(6-11),원활,2.99
2017-04-02 07:15:00,87,53,33,1,59.6,3.17,7,6,True,오전(6-11),원활,1.15
2017-04-02 07:20:00,89,60,29,0,59.6,3.35,7,6,True,오전(6-11),원활,0.0
2017-04-02 07:25:00,105,76,27,2,55.7,4.31,7,6,True,오전(6-11),원활,1.9
2017-04-02 07:30:00,73,50,21,2,58.7,2.65,7,6,True,오전(6-11),원활,2.74
2017-04-02 07:35:00,76,54,20,2,56.5,3.1,7,6,True,오전(6-11),원활,2.63
2017-04-02 07:40:00,69,48,20,1,60.8,2.76,7,6,True,오전(6-11),원활,1.45
2017-04-02 07:45:00,67,43,23,1,55.4,2.7,7,6,True,오전(6-11),원활,1.49
2017-04-02 07:50:00,82,53,27,2,57.9,3.17,7,6,True,오전(6-11),원활,2.44
2017-04-02 07:55:00,73,48,24,1,53.1,2.99,7,6,True,오전(6-11),원활,1.37
2017-04-02 08:00:00,68,48,20,0,58.9,2.26,8,6,True,오전(6-11),원활,0.0
2017-04-02 08:05:00,70,50,18,2,56.3,3.22,8,6,True,오전(6-11),원활,2.86
2017-04-02 08:10:00,61,50,11,0,59.5,2.1,8,6,True,오전(6-11),원활,0.0
2017-04-02 08:15:00,61,46,15,0,54.0,2.34,8,6,True,오전(6-11),원활,0.0
2017-04-02 08:20:00,74,54,19,1,54.9,2.66,8,6,True,오전(6-11),원활,1.35
2017-04-02 08:25:00,76,57,17,2,56.7,3.1,8,6,True,오전(6-11),원활,2.63
2017-04-02 08:30:00,77,61,16,0,56.4,2.85,8,6,True,오전(6-11),원활,0.0
2017-04-02 08:35:00,85,63,19,3,54.7,3.0,8,6,True,오전(6-11),원활,3.53
2017-04-02 08:40:00,113,78,34,1,53.9,4.35,8,6,True,오전(6-11),원활,0.88
2017-04-02 08:45:00,137,103,32,2,45.9,8.32,8,6,True,오전(6-11),혼잡,1.46
2017-04-02 08:50:00,125,93,31,1,45.8,8.84,8,6,True,오전(6-11),혼잡,0.8
2017-04-02 08:55:00,124,89,33,2,49.3,5.27,8,6,True,오전(6-11),원활,1.61
2017-04-02 09:00:00,89,65,23,1,50.6,4.61,9,6,True,오전(6-11),원활,1.12
2017-04-02 09:05:00,96,66,29,1,51.8,4.06,9,6,True,오전(6-11),원활,1.04
2017-04-02 09:10:00,102,83,19,0,53.4,4.06,9,6,True,오전(6-11),원활,0.0
2017-04-02 09:15:00,109,85,21,3,52.9,3.99,9,6,True,오전(6-11),원활,2.75
2017-04-02 09:20:00,93,75,18,0,54.4,3.93,9,6,True,오전(6-11),원활,0.0
2017-04-02 09:25:00,122,82,38,2,51.7,6.2,9,6,True,오전(6-11),혼잡,1.64
2017-04-02 09:30:00,99,70,29,0,50.6,4.26,9,6,True,오전(6-11),원활,0.0
2017-04-02 09:35:00,94,65,27,2,53.5,3.57,9,6,True,오전(6-11),원활,2.13
2017-04-02 09:40:00,92,69,23,0,51.7,4.49,9,6,True,오전(6-11),원활,0.0
2017-04-02 09:45:00,107,69,34,4,48.4,5.28,9,6,True,오전(6-11),원활,3.74
2017-04-02 09:50:00,111,80,31,0,51.3,4.35,9,6,True,오전(6-11),원활,0.0
2017-04-02 09:55:00,130,99,31,0,51.8,4.9,9,6,True,오전(6-11),원활,0.0
2017-04-02 10:00:00,109,63,45,1,53.5,4.97,10,6,True,오전(6-11),원활,0.92
2017-04-02 10:05:00,122,78,44,0,50.0,4.96,10,6,True,오전(6-11),원활,0.0
2017-04-02 10:10:00,93,61,32,0,53.6,3.79,10,6,True,오전(6-11),원활,0.0
2017-04-02 10:15:00,120,74,43,3,53.0,4.56,10,6,True,오전(6-11),원활,2.5
2017-04-02 10:20:00,82,53,28,1,52.3,4.85,10,6,True,오전(6-11),원활,1.22
2017-04-02 10:25:00,108,63,43,2,47.6,6.88,10,6,True,오전(6-11),혼잡,1.85
2017-04-02 10:30:00,131,93,37,1,48.6,9.31,10,6,True,오전(6-11),혼잡,0.76
2017-04-02 10:35:00,128,85,39,4,43.4,14.34,10,6,True,오전(6-11),혼잡,3.12
2017-04-02 10:40:00,136,88,47,1,40.6,17.14,10,6,True,오전(6-11),혼잡,0.74
2017-04-02 10:45:00,163,113,48,2,37.0,18.12,10,6,True,오전(6-11),혼잡,1.23
2017-04-02 10:50:00,140,96,43,1,41.8,9.27,10,6,True,오전(6-11),혼잡,0.71
2017-04-02 10:55:00,160,115,43,2,42.9,7.67,10,6,True,오전(6-11),혼잡,1.25
2017-04-02 11:00:00,115,73,40,2,47.5,5.76,11,6,True,오전(6-11),혼잡,1.74
2017-04-02 11:05:00,125,84,39,2,49.0,5.57,11,6,True,오전(6-11),혼잡,1.6
2017-04-02 11:10:00,127,76,50,1,51.2,5.51,11,6,True,오전(6-11),원활,0.79
2017-04-02 11:15:00,139,95,44,0,45.6,6.44,11,6,True,오전(6-11),혼잡,0.0
2017-04-02 11:20:00,104,78,24,2,49.4,4.66,11,6,True,오전(6-11),원활,1.92
2017-04-02 11:25:00,128,89,36,3,47.4,5.53,11,6,True,오전(6-11),원활,2.34
2017-04-02 11:30:00,128,96,30,2,46.6,6.26,11,6,True,오전(6-11),혼잡,1.56
2017-04-02 11:35:00,118,85,33,0,51.8,4.96,11,6,True,오전(6-11),원활,0.0
2017-04-02 11:40:00,117,81,36,0,47.5,5.08,11,6,True,오전(6-11),원활,0.0
2017-04-02 11:45:00,137,87,48,2,48.3,6.0,11,6,True,오전(6-11),혼잡,1.46
2017-04-02 11:50:00,118,80,36,2,50.6,4.67,11,6,True,오전(6-11),원활,1.69
2017-04-02 11:55:00,153,105,46,2,46.7,6.65,11,6,True,오전(6-11),혼잡,1.31
2017-04-02 12:00:00,134,94,38,2,49.6,5.38,12,6,True,오후(12-17),원활,1.49
2017-04-02 12:05:00,132,86,44,2,46.5,5.92,12,6,True,오후(12-17),혼잡,1.52
2017-04-02 12:10:00,123,90,32,1,44.5,5.57,12,6,True,오후(12-17),혼잡,0.81
2017-04-02 12:15:00,152,105,45,2,46.3,6.78,12,6,True,오후(12-17),혼잡,1.32
2017-04-02 12:20:00,140,101,38,1,45.6,6.3,12,6,True,오후(12-17),혼잡,0.71
2017-04-02 12:25:00,142,96,45,1,45.8,6.22,12,6,True,오후(12-17),혼잡,0.7
2017-04-02 12:30:00,149,108,41,0,42.3,7.89,12,6,True,오후(12-17),혼잡,0.0
2017-04-02 12:35:00,182,117,64,1,38.7,11.56,12,6,True,오후(12-17),혼잡,0.55
2017-04-02 12:40:00,181,129,51,1,42.9,9.14,12,6,True,오후(12-17),혼잡,0.55
2017-04-02 12:45:00,179,123,56,0,40.3,9.93,12,6,True,오후(12-17),혼잡,0.0
2017-04-02 12:50:00,135,102,33,0,42.3,7.27,12,6,True,오후(12-17),혼잡,0.0
2017-04-02 12:55:00,152,110,40,2,43.2,7.56,12,6,True,오후(12-17),혼잡,1.32
2017-04-02 13:00:00,155,106,47,2,39.2,8.66,13,6,True,오후(12-17),혼잡,1.29
2017-04-02 13:05:00,137,90,47,0,45.1,6.17,13,6,True,오후(12-17),혼잡,0.0
2017-04-02 13:10:00,157,101,54,2,44.2,7.14,13,6,True,오후(12-17),혼잡,1.27
2017-04-02 13:15:00,183,119,61,3,43.6,8.33,13,6,True,오후(12-17),혼잡,1.64
2017-04-02 13:20:00,178,134,44,0,41.4,8.38,13,6,True,오후(12-17),혼잡,0.0
2017-04-02 13:25:00,147,106,40,1,46.3,6.25,13,6,True,오후(12-17),혼잡,0.68
2017-04-02 13:30:00,139,97,40,2,40.5,7.17,13,6,True,오후(12-17),혼잡,1.44
2017-04-02 13:35:00,160,110,50,0,40.7,8.07,13,6,True,오후(12-17),혼잡,0.0
2017-04-02 13:40:00,156,110,45,1,43.7,7.38,13,6,True,오후(12-17),혼잡,0.64
2017-04-02 13:45:00,173,112,59,2,40.2,10.68,13,6,True,오후(12-17),혼잡,1.16
2017-04-02 13:50:00,192,130,59,3,44.4,8.57,13,6,True,오후(12-17),혼잡,1.56
2017-04-02 13:55:00,178,139,38,1,43.5,7.75,13,6,True,오후(12-17),혼잡,0.56
2017-04-02 14:00:00,183,138,43,2,41.4,8.93,14,6,True,오후(12-17),혼잡,1.09
2017-04-02 14:05:00,170,117,50,3,43.3,7.88,14,6,True,오후(12-17),혼잡,1.76
2017-04-02 14:10:00,189,142,47,0,39.8,9.99,14,6,True,오후(12-17),혼잡,0.0
2017-04-02 14:15:00,152,113,37,2,38.9,8.76,14,6,True,오후(12-17),혼잡,1.32
2017-04-02 14:20:00,150,115,35,0,44.0,7.09,14,6,True,오후(12-17),혼잡,0.0
2017-04-02 14:25:00,179,135,41,3,41.2,8.95,14,6,True,오후(12-17),혼잡,1.68
2017-04-02 14:30:00,175,130,44,1,43.8,7.81,14,6,True,오후(12-17),혼잡,0.57
2017-04-02 14:35:00,160,115,45,0,42.2,7.73,14,6,True,오후(12-17),혼잡,0.0
2017-04-02 14:40:00,146,108,38,0,43.7,6.49,14,6,True,오후(12-17),혼잡,0.0
2017-04-02 14:45:00,169,125,41,3,42.1,8.85,14,6,True,오후(12-17),혼잡,1.78
2017-04-02 14:50:00,150,112,38,0,46.7,6.16,14,6,True,오후(12-17),혼잡,0.0
2017-04-02 14:55:00,155,110,44,1,44.5,7.43,14,6,True,오후(12-17),혼잡,0.65
2017-04-02 15:00:00,154,121,33,0,43.2,7.36,15,6,True,오후(12-17),혼잡,0.0
2017-04-02 15:05:00,179,127,50,2,43.4,8.22,15,6,True,오후(12-17),혼잡,1.12
2017-04-02 15:10:00,166,123,43,0,43.7,8.28,15,6,True,오후(12-17),혼잡,0.0
2017-04-02 15:15:00,149,115,32,2,41.2,6.86,15,6,True,오후(12-17),혼잡,1.34
2017-04-02 15:20:00,161,130,30,1,45.9,6.57,15,6,True,오후(12-17),혼잡,0.62
2017-04-02 15:25:00,153,117,35,1,41.1,9.62,15,6,True,오후(12-17),혼잡,0.65
2017-04-02 15:30:00,135,104,30,1,42.8,6.39,15,6,True,오후(12-17),혼잡,0.74
2017-04-02 15:35:00,141,101,35,5,44.6,6.16,15,6,True,오후(12-17),혼잡,3.55
2017-04-02 15:40:00,135,110,25,0,46.6,5.9,15,6,True,오후(12-17),혼잡,0.0
2017-04-02 15:45:00,140,101,39,0,42.6,6.61,15,6,True,오후(12-17),혼잡,0.0
2017-04-02 15:50:00,119,97,20,2,46.5,5.09,15,6,True,오후(12-17),원활,1.68
2017-04-02 15:55:00,146,119,26,1,40.7,7.09,15,6,True,오후(12-17),혼잡,0.68
2017-04-02 16:00:00,147,111,36,0,44.3,6.36,16,6,True,오후(12-17),혼잡,0.0
2017-04-02 16:05:00,149,115,33,1,45.1,6.43,16,6,True,오후(12-17),혼잡,0.67
2017-04-02 16:10:00,129,103,26,0,43.6,7.83,16,6,True,오후(12-17),혼잡,0.0
2017-04-02 16:15:00,155,126,29,0,43.8,12.53,16,6,True,오후(12-17),혼잡,0.0
2017-04-02 16:20:00,121,98,22,1,45.6,4.98,16,6,True,오후(12-17),원활,0.83
2017-04-02 16:25:00,153,114,37,2,39.6,8.5,16,6,True,오후(12-17),혼잡,1.31
2017-04-02 16:30:00,155,114,41,0,48.6,11.63,16,6,True,오후(12-17),혼잡,0.0
2017-04-02 16:35:00,142,116,26,0,43.8,6.43,16,6,True,오후(12-17),혼잡,0.0
2017-04-02 16:40:00,158,111,46,1,47.5,17.5,16,6,True,오후(12-17),혼잡,0.63
2017-04-02 16:45:00,124,89,32,3,47.4,5.15,16,6,True,오후(12-17),원활,2.42
2017-04-02 16:50:00,127,95,31,1,44.4,5.78,16,6,True,오후(12-17),혼잡,0.79
2017-04-02 16:55:00,128,85,41,2,45.1,6.89,16,6,True,오후(12-17),혼잡,1.56
2017-04-02 17:00:00,131,101,30,0,45.8,6.23,17,6,True,오후(12-17),혼잡,0.0
2017-04-02 17:05:00,129,98,29,2,43.7,5.67,17,6,True,오후(12-17),혼잡,1.55
2017-04-02 17:10:00,141,102,39,0,46.3,6.16,17,6,True,오후(12-17),혼잡,0.0
2017-04-02 17:15:00,155,114,41,0,46.8,6.75,17,6,True,오후(12-17),혼잡,0.0
2017-04-02 17:20:00,136,98,36,2,47.0,6.06,17,6,True,오후(12-17),혼잡,1.47
2017-04-02 17:25:00,142,91,49,2,46.9,5.99,17,6,True,오후(12-17),혼잡,1.41
2017-04-02 17:30:00,77,60,17,0,48.5,5.87,17,6,True,오후(12-17),혼잡,0.0
2017-04-02 17:35:00,110,70,38,2,49.7,4.31,17,6,True,오후(12-17),원활,1.82
2017-04-02 17:40:00,138,105,32,1,49.3,5.32,17,6,True,오후(12-17),원활,0.72
2017-04-02 17:45:00,132,93,37,2,49.7,5.55,17,6,True,오후(12-17),원활,1.52
2017-04-02 17:50:00,138,89,49,0,47.3,5.77,17,6,True,오후(12-17),혼잡,0.0
2017-04-02 17:55:00,151,114,35,2,44.6,7.02,17,6,True,오후(12-17),혼잡,1.32
2017-04-02 18:00:00,116,92,22,2,51.8,4.73,18,6,True,저녁(18-23),원활,1.72
2017-04-02 18:05:00,136,108,27,1,46.6,5.7,18,6,True,저녁(18-23),혼잡,0.74
2017-04-02 18:10:00,139,97,41,1,45.3,5.91,18,6,True,저녁(18-23),혼잡,0.72
2017-04-02 18:15:00,142,102,37,3,45.0,6.42,18,6,True,저녁(18-23),혼잡,2.11
2017-04-02 18:20:00,123,93,30,0,47.8,5.12,18,6,True,저녁(18-23),원활,0.0
2017-04-02 18:25:00,107,76,31,0,49.0,4.77,18,6,True,저녁(18-23),원활,0.0
2017-04-02 18:30:00,110,77,32,1,49.8,4.23,18,6,True,저녁(18-23),원활,0.91
2017-04-02 18:35:00,125,98,26,1,49.5,4.76,18,6,True,저녁(18-23),원활,0.8
2017-04-02 18:40:00,133,94,37,2,50.4,4.78,18,6,True,저녁(18-23),원활,1.5
2017-04-02 18:45:00,106,73,33,0,53.2,3.83,18,6,True,저녁(18-23),원활,0.0
2017-04-02 18:50:00,108,76,32,0,48.9,4.31,18,6,True,저녁(18-23),원활,0.0
2017-04-02 18:55:00,115,85,28,2,46.1,5.06,18,6,True,저녁(18-23),원활,1.74
2017-04-02 19:00:00,127,92,34,1,43.2,6.13,19,6,True,저녁(18-23),혼잡,0.79
2017-04-02 19:05:00,144,122,22,0,44.5,6.87,19,6,True,저녁(18-23),혼잡,0.0
2017-04-02 19:10:00,124,104,20,0,44.4,6.45,19,6,True,저녁(18-23),혼잡,0.0
2017-04-02 19:15:00,165,142,23,0,41.5,10.25,19,6,True,저녁(18-23),혼잡,0.0
2017-04-02 19:20:00,147,125,22,0,43.0,8.54,19,6,True,저녁(18-23),혼잡,0.0
2017-04-02 19:25:00,131,110,20,1,45.1,6.38,19,6,True,저녁(18-23),혼잡,0.76
2017-04-02 19:30:00,125,106,19,0,46.2,7.07,19,6,True,저녁(18-23),혼잡,0.0
2017-04-02 19:35:00,126,104,21,1,46.7,5.95,19,6,True,저녁(18-23),혼잡,0.79
2017-04-02 19:40:00,104,75,29,0,47.1,4.79,19,6,True,저녁(18-23),원활,0.0
2017-04-02 19:45:00,114,95,18,1,45.4,6.07,19,6,True,저녁(18-23),혼잡,0.88
2017-04-02 19:50:00,116,95,20,1,47.5,5.61,19,6,True,저녁(18-23),혼잡,0.86
2017-04-02 19:55:00,110,95,15,0,48.0,5.56,19,6,True,저녁(18-23),혼잡,0.0
2017-04-02 20:00:00,120,99,19,2,50.3,5.9,20,6,True,저녁(18-23),혼잡,1.67
2017-04-02 20:05:00,122,97,24,1,48.2,5.83,20,6,True,저녁(18-23),혼잡,0.82
2017-04-02 20:10:00,109,89,20,0,44.8,5.87,20,6,True,저녁(18-23),혼잡,0.0
2017-04-02 20:15:00,116,87,28,1,49.1,5.28,20,6,True,저녁(18-23),원활,0.86
2017-04-02 20:20:00,79,63,16,0,44.6,3.81,20,6,True,저녁(18-23),원활,0.0
2017-04-02 20:25:00,111,92,19,0,45.3,5.33,20,6,True,저녁(18-23),원활,0.0
2017-04-02 20:30:00,119,97,20,2,46.4,6.11,20,6,True,저녁(18-23),혼잡,1.68
2017-04-02 20:35:00,98,81,17,0,44.9,4.44,20,6,True,저녁(18-23),원활,0.0
2017-04-02 20:40:00,120,96,24,0,51.3,5.32,20,6,True,저녁(18-23),원활,0.0
2017-04-02 20:45:00,99,79,20,0,49.0,4.56,20,6,True,저녁(18-23),원활,0.0
2017-04-02 20:50:00,105,85,20,0,43.6,5.9,20,6,True,저녁(18-23),혼잡,0.0
2017-04-02 20:55:00,111,93,17,1,46.6,5.25,20,6,True,저녁(18-23),원활,0.9
2017-04-02 21:00:00,99,81,16,2,45.7,5.36,21,6,True,저녁(18-23),원활,2.02
2017-04-02 21:05:00,97,80,17,0,46.4,4.97,21,6,True,저녁(18-23),원활,0.0
2017-04-02 21:10:00,75,53,22,0,43.1,3.72,21,6,True,저녁(18-23),원활,0.0
2017-04-02 21:15:00,122,98,23,1,45.5,6.66,21,6,True,저녁(18-23),혼잡,0.82
2017-04-02 21:20:00,90,72,17,1,44.3,4.61,21,6,True,저녁(18-23),원활,1.11
2017-04-02 21:25:00,102,80,22,0,44.5,4.67,21,6,True,저녁(18-23),원활,0.0
2017-04-02 21:30:00,87,65,22,0,46.7,4.26,21,6,True,저녁(18-23),원활,0.0
2017-04-02 21:35:00,76,57,19,0,46.3,3.96,21,6,True,저녁(18-23),원활,0.0
2017-04-02 21:40:00,73,57,16,0,46.0,3.29,21,6,True,저녁(18-23),원활,0.0
2017-04-02 21:45:00,72,58,14,0,49.3,3.05,21,6,True,저녁(18-23),원활,0.0
2017-04-02 21:50:00,73,54,17,2,52.2,3.61,21,6,True,저녁(18-23),원활,2.74
2017-04-02 21:55:00,67,47,20,0,52.0,3.05,21,6,True,저녁(18-23),원활,0.0
2017-04-02 22:00:00,55,45,8,2,54.2,2.39,22,6,True,저녁(18-23),원활,3.64
2017-04-02 22:05:00,88,71,16,1,51.9,4.05,22,6,True,저녁(18-23),원활,1.14
2017-04-02 22:10:00,68,49,19,0,49.1,3.13,22,6,True,저녁(18-23),원활,0.0
2017-04-02 22:15:00,55,40,15,0,47.9,4.63,22,6,True,저녁(18-23),원활,0.0
2017-04-02 22:20:00,53,41,12,0,50.3,2.26,22,6,True,저녁(18-23),원활,0.0
2017-04-02 22:25:00,72,57,14,1,49.0,3.05,22,6,True,저녁(18-23),원활,1.39
2017-04-02 22:30:00,44,31,13,0,50.0,2.05,22,6,True,저녁(18-23),원활,0.0
2017-04-02 22:35:00,76,49,27,0,55.2,3.46,22,6,True,저녁(18-23),원활,0.0
2017-04-02 22:40:00,84,72,12,0,49.8,4.17,22,6,True,저녁(18-23),원활,0.0
2017-04-02 22:45:00,65,51,13,1,49.5,2.88,22,6,True,저녁(18-23),원활,1.54
2017-04-02 22:50:00,49,43,6,0,51.0,2.37,22,6,True,저녁(18-23),원활,0.0
2017-04-02 22:55:00,53,41,12,0,49.7,2.71,22,6,True,저녁(18-23),원활,0.0
2017-04-02 23:00:00,39,29,10,0,47.2,1.74,23,6,True,저녁(18-23),원활,0.0
2017-04-02 23:05:00,45,30,15,0,52.5,2.18,23,6,True,저녁(18-23),원활,0.0
2017-04-02 23:10:00,40,27,13,0,54.9,1.46,23,6,True,저녁(18-23),원활,0.0
2017-04-02 23:15:00,50,36,14,0,60.5,2.12,23,6,True,저녁(18-23),원활,0.0
2017-04-02 23:20:00,35,30,5,0,64.3,1.25,23,6,True,저녁(18-23),원활,0.0
2017-04-02 23:25:00,49,35,13,1,55.1,2.41,23,6,True,저녁(18-23),원활,2.04
2017-04-02 23:30:00,34,24,10,0,58.2,1.35,23,6,True,저녁(18-23),원활,0.0
2017-04-02 23:35:00,35,29,6,0,61.5,1.35,23,6,True,저녁(18-23),원활,0.0
2017-04-02 23:40:00,28,25,3,0,57.0,1.07,23,6,True,저녁(18-23),원활,0.0
2017-04-02 23:45:00,32,26,6,0,55.0,1.21,23,6,True,저녁(18-23),원활,0.0
2017-04-02 23:50:00,24,18,6,0,57.6,1.01,23,6,True,저녁(18-23),원활,0.0
2017-04-02 23:55:00,26,21,5,0,53.1,1.04,23,6,True,저녁(18-23),원활,0.0
2017-04-03 00:00:00,30,21,9,0,58.6,1.09,0,0,False,새벽(0-5),원활,0.0
2017-04-03 00:05:00,28,17,11,0,57.5,1.29,0,0,False,새벽(0-5),원활,0.0
2017-04-03 00:10:00,42,33,8,1,53.1,1.53,0,0,False,새벽(0-5),원활,2.38
2017-04-03 00:15:00,32,22,9,1,56.2,1.25,0,0,False,새벽(0-5),원활,3.12
2017-04-03 00:20:00,22,15,7,0,52.8,1.02,0,0,False,새벽(0-5),원활,0.0
2017-04-03 00:25:00,18,14,4,0,61.2,0.77,0,0,False,새벽(0-5),원활,0.0
2017-04-03 00:30:00,15,10,5,0,59.7,0.67,0,0,False,새벽(0-5),원활,0.0
2017-04-03 00:35:00,26,17,9,0,58.8,1.28,0,0,False,새벽(0-5),원활,0.0
2017-04-03 00:40:00,31,23,8,0,51.1,1.25,0,0,False,새벽(0-5),원활,0.0
2017-04-03 00:45:00,16,13,3,0,55.9,0.66,0,0,False,새벽(0-5),원활,0.0
2017-04-03 00:50:00,23,12,11,0,57.1,1.01,0,0,False,새벽(0-5),원활,0.0
2017-04-03 00:55:00,17,15,2,0,54.4,0.78,0,0,False,새벽(0-5),원활,0.0
2017-04-03 01:00:00,10,7,3,0,56.5,0.41,1,0,False,새벽(0-5),원활,0.0
2017-04-03 01:05:00,15,9,6,0,64.7,0.55,1,0,False,새벽(0-5),원활,0.0
2017-04-03 01:10:00,22,12,10,0,54.6,0.91,1,0,False,새벽(0-5),원활,0.0
2017-04-03 01:15:00,15,10,5,0,48.8,0.79,1,0,False,새벽(0-5),원활,0.0
2017-04-03 01:20:00,16,11,4,1,58.7,0.76,1,0,False,새벽(0-5),원활,6.25
2017-04-03 01:25:00,12,9,3,0,65.5,0.5,1,0,False,새벽(0-5),원활,0.0
2017-04-03 01:30:00,11,5,6,0,74.3,0.44,1,0,False,새벽(0-5),원활,0.0
2017-04-03 01:35:00,16,10,6,0,53.5,0.61,1,0,False,새벽(0-5),원활,0.0
2017-04-03 01:40:00,11,9,2,0,58.7,0.4,1,0,False,새벽(0-5),원활,0.0
2017-04-03 01:45:00,14,10,3,1,83.8,0.5,1,0,False,새벽(0-5),원활,7.14
2017-04-03 01:50:00,12,6,6,0,59.0,0.52,1,0,False,새벽(0-5),원활,0.0
2017-04-03 01:55:00,13,9,4,0,57.8,0.52,1,0,False,새벽(0-5),원활,0.0
2017-04-03 02:00:00,13,10,3,0,64.2,0.48,2,0,False,새벽(0-5),원활,0.0
2017-04-03 02:05:00,12,7,5,0,60.7,0.49,2,0,False,새벽(0-5),원활,0.0
2017-04-03 02:10:00,12,6,6,0,80.9,0.44,2,0,False,새벽(0-5),원활,0.0
2017-04-03 02:15:00,13,9,4,0,60.8,0.44,2,0,False,새벽(0-5),원활,0.0
2017-04-03 02:20:00,7,5,2,0,71.3,0.27,2,0,False,새벽(0-5),원활,0.0
2017-04-03 02:25:00,10,5,4,1,65.6,0.36,2,0,False,새벽(0-5),원활,10.0
2017-04-03 02:30:00,9,7,2,0,58.1,0.4,2,0,False,새벽(0-5),원활,0.0
2017-04-03 02:35:00,11,9,2,0,58.1,0.43,2,0,False,새벽(0-5),원활,0.0
2017-04-03 02:40:00,20,7,4,9,86.3,6.17,2,0,False,새벽(0-5),혼잡,45.0
2017-04-03 02:45:00,28,10,13,5,87.8,3.98,2,0,False,새벽(0-5),원활,17.86
2017-04-03 02:50:00,11,7,2,2,57.2,0.47,2,0,False,새벽(0-5),원활,18.18
2017-04-03 02:55:00,9,5,4,0,73.9,0.32,2,0,False,새벽(0-5),원활,0.0
2017-04-03 03:00:00,14,6,8,0,68.8,0.67,3,0,False,새벽(0-5),원활,0.0
2017-04-03 03:05:00,15,8,7,0,58.7,0.67,3,0,False,새벽(0-5),원활,0.0
2017-04-03 03:10:00,15,10,5,0,66.7,0.62,3,0,False,새벽(0-5),원활,0.0
2017-04-03 03:15:00,13,7,6,0,71.8,0.58,3,0,False,새벽(0-5),원활,0.0
2017-04-03 03:20:00,14,8,5,1,56.7,0.65,3,0,False,새벽(0-5),원활,7.14
2017-04-03 03:25:00,13,11,2,0,57.0,0.57,3,0,False,새벽(0-5),원활,0.0
2017-04-03 03:30:00,14,8,6,0,62.8,0.67,3,0,False,새벽(0-5),원활,0.0
2017-04-03 03:35:00,12,7,4,1,59.4,0.56,3,0,False,새벽(0-5),원활,8.33
2017-04-03 03:40:00,9,4,5,0,58.0,0.43,3,0,False,새벽(0-5),원활,0.0
2017-04-03 03:45:00,10,6,4,0,58.7,0.46,3,0,False,새벽(0-5),원활,0.0
2017-04-03 03:50:00,22,10,12,0,52.1,1.24,3,0,False,새벽(0-5),원활,0.0
2017-04-03 03:55:00,14,8,6,0,53.1,0.74,3,0,False,새벽(0-5),원활,0.0
2017-04-03 04:00:00,10,8,2,0,48.6,0.46,4,0,False,새벽(0-5),원활,0.0
2017-04-03 04:05:00,18,9,9,0,63.7,0.74,4,0,False,새벽(0-5),원활,0.0
2017-04-03 04:10:00,11,8,3,0,57.8,0.5,4,0,False,새벽(0-5),원활,0.0
2017-04-03 04:15:00,22,14,8,0,53.5,1.1,4,0,False,새벽(0-5),원활,0.0
2017-04-03 04:20:00,13,5,8,0,60.1,0.53,4,0,False,새벽(0-5),원활,0.0
2017-04-03 04:25:00,23,12,11,0,65.9,1.2,4,0,False,새벽(0-5),원활,0.0
2017-04-03 04:30:00,19,10,9,0,69.3,0.75,4,0,False,새벽(0-5),원활,0.0
2017-04-03 04:35:00,23,8,15,0,47.6,1.26,4,0,False,새벽(0-5),원활,0.0
2017-04-03 04:40:00,23,17,6,0,52.3,0.99,4,0,False,새벽(0-5),원활,0.0
2017-04-03 04:45:00,20,9,10,1,66.5,0.86,4,0,False,새벽(0-5),원활,5.0
2017-04-03 04:50:00,22,17,5,0,56.8,1.12,4,0,False,새벽(0-5),원활,0.0
2017-04-03 04:55:00,21,17,4,0,53.8,0.89,4,0,False,새벽(0-5),원활,0.0
2017-04-03 05:00:00,31,15,16,0,56.8,1.64,5,0,False,새벽(0-5),원활,0.0
2017-04-03 05:05:00,34,19,15,0,64.6,1.66,5,0,False,새벽(0-5),원활,0.0
2017-04-03 05:10:00,35,22,13,0,66.2,1.44,5,0,False,새벽(0-5),원활,0.0
2017-04-03 05:15:00,60,46,13,1,61.0,2.58,5,0,False,새벽(0-5),원활,1.67
2017-04-03 05:20:00,60,38,21,1,61.1,3.12,5,0,False,새벽(0-5),원활,1.67
2017-04-03 05:25:00,54,37,17,0,53.8,2.57,5,0,False,새벽(0-5),원활,0.0
2017-04-03 05:30:00,42,27,14,1,59.8,1.85,5,0,False,새벽(0-5),원활,2.38
2017-04-03 05:35:00,56,37,19,0,63.3,2.32,5,0,False,새벽(0-5),원활,0.0
2017-04-03 05:40:00,52,36,16,0,58.6,2.59,5,0,False,새벽(0-5),원활,0.0
2017-04-03 05:45:00,56,33,23,0,61.1,2.31,5,0,False,새벽(0-5),원활,0.0
2017-04-03 05:50:00,60,42,18,0,56.1,2.67,5,0,False,새벽(0-5),원활,0.0
2017-04-03 05:55:00,76,46,30,0,58.5,6.35,5,0,False,새벽(0-5),혼잡,0.0
2017-04-03 06:00:00,89,64,25,0,52.9,4.02,6,0,False,오전(6-11),원활,0.0
2017-04-03 06:05:00,82,48,33,1,60.6,3.06,6,0,False,오전(6-11),원활,1.22
2017-04-03 06:10:00,90,52,38,0,55.4,3.5,6,0,False,오전(6-11),원활,0.0
2017-04-03 06:15:00,100,65,34,1,56.4,3.71,6,0,False,오전(6-11),원활,1.0
2017-04-03 06:20:00,104,66,35,3,56.9,3.6,6,0,False,오전(6-11),원활,2.88
2017-04-03 06:25:00,129,84,44,1,57.2,4.92,6,0,False,오전(6-11),원활,0.78
2017-04-03 06:30:00,129,84,44,1,55.9,4.71,6,0,False,오전(6-11),원활,0.78
2017-04-03 06:35:00,151,94,55,2,51.9,5.92,6,0,False,오전(6-11),혼잡,1.32
2017-04-03 06:40:00,146,97,47,2,57.6,5.41,6,0,False,오전(6-11),원활,1.37
2017-04-03 06:45:00,138,86,48,4,58.8,5.14,6,0,False,오전(6-11),원활,2.9
2017-04-03 06:50:00,138,84,53,1,53.0,5.2,6,0,False,오전(6-11),원활,0.72
2017-04-03 06:55:00,140,90,48,2,48.3,5.79,6,0,False,오전(6-11),혼잡,1.43
2017-04-03 07:00:00,147,92,54,1,50.3,6.1,7,0,False,오전(6-11),혼잡,0.68
2017-04-03 07:05:00,176,113,60,3,51.0,7.92,7,0,False,오전(6-11),혼잡,1.7
2017-04-03 07:10:00,204,141,63,0,49.2,9.34,7,0,False,오전(6-11),혼잡,0.0
2017-04-03 07:15:00,255,174,78,3,47.3,11.97,7,0,False,오전(6-11),혼잡,1.18
2017-04-03 07:20:00,226,161,63,2,37.6,13.95,7,0,False,오전(6-11),혼잡,0.88
2017-04-03 07:25:00,217,152,64,1,43.7,10.46,7,0,False,오전(6-11),혼잡,0.46
2017-04-03 07:30:00,261,184,76,1,38.5,14.88,7,0,False,오전(6-11),혼잡,0.38
2017-04-03 07:35:00,295,201,87,7,35.8,19.49,7,0,False,오전(6-11),혼잡,2.37
2017-04-03 07:40:00,261,196,62,3,36.4,23.29,7,0,False,오전(6-11),혼잡,1.15
2017-04-03 07:45:00,220,167,52,1,34.7,24.14,7,0,False,오전(6-11),혼잡,0.45
2017-04-03 07:50:00,274,199,73,2,35.4,26.22,7,0,False,오전(6-11),혼잡,0.73
2017-04-03 07:55:00,301,216,84,1,38.6,16.95,7,0,False,오전(6-11),혼잡,0.33
2017-04-03 08:00:00,270,185,81,4,43.0,12.31,8,0,False,오전(6-11),혼잡,1.48
2017-04-03 08:05:00,230,162,65,3,42.4,11.22,8,0,False,오전(6-11),혼잡,1.3
2017-04-03 08:10:00,221,157,63,1,45.4,9.2,8,0,False,오전(6-11),혼잡,0.45
2017-04-03 08:15:00,300,206,92,2,44.5,12.88,8,0,False,오전(6-11),혼잡,0.67
2017-04-03 08:20:00,256,192,61,3,45.3,10.98,8,0,False,오전(6-11),혼잡,1.17
2017-04-03 08:25:00,201,145,54,2,44.1,8.71,8,0,False,오전(6-11),혼잡,1.0
2017-04-03 08:30:00,209,165,41,3,45.8,8.62,8,0,False,오전(6-11),혼잡,1.44
2017-04-03 08:35:00,212,158,50,4,34.8,42.27,8,0,False,오전(6-11),혼잡,1.89
2017-04-03 08:40:00,224,173,45,6,41.7,22.18,8,0,False,오전(6-11),혼잡,2.68
2017-04-03 08:45:00,167,125,40,2,47.0,7.85,8,0,False,오전(6-11),혼잡,1.2
2017-04-03 08:50:00,154,110,38,6,51.0,5.75,8,0,False,오전(6-11),혼잡,3.9
2017-04-03 08:55:00,177,123,52,2,47.7,8.33,8,0,False,오전(6-11),혼잡,1.13
2017-04-03 09:00:00,179,133,46,0,50.4,7.1,9,0,False,오전(6-11),혼잡,0.0
2017-04-03 09:05:00,164,113,49,2,49.6,6.77,9,0,False,오전(6-11),혼잡,1.22
2017-04-03 09:10:00,129,92,34,3,50.7,5.3,9,0,False,오전(6-11),원활,2.33
2017-04-03 09:15:00,174,137,36,1,51.5,6.64,9,0,False,오전(6-11),혼잡,0.57
2017-04-03 09:20:00,184,140,42,2,47.1,8.74,9,0,False,오전(6-11),혼잡,1.09
2017-04-03 09:25:00,184,146,36,2,50.0,8.43,9,0,False,오전(6-11),혼잡,1.09
2017-04-03 09:30:00,142,109,33,0,50.3,5.97,9,0,False,오전(6-11),혼잡,0.0
2017-04-03 09:35:00,168,113,52,3,52.6,6.22,9,0,False,오전(6-11),혼잡,1.79
2017-04-03 09:40:00,154,111,39,4,49.0,7.43,9,0,False,오전(6-11),혼잡,2.6
2017-04-03 09:45:00,157,109,46,2,48.8,8.32,9,0,False,오전(6-11),혼잡,1.27
2017-04-03 09:50:00,169,118,48,3,48.4,7.5,9,0,False,오전(6-11),혼잡,1.78
2017-04-03 09:55:00,151,90,61,0,48.5,6.47,9,0,False,오전(6-11),혼잡,0.0
2017-04-03 10:00:00,168,105,61,2,49.7,9.08,10,0,False,오전(6-11),혼잡,1.19
2017-04-03 10:05:00,146,87,58,1,50.5,7.2,10,0,False,오전(6-11),혼잡,0.68
2017-04-03 10:10:00,148,98,50,0,48.4,6.34,10,0,False,오전(6-11),혼잡,0.0
2017-04-03 10:15:00,133,84,46,3,52.3,6.35,10,0,False,오전(6-11),혼잡,2.26
2017-04-03 10:20:00,122,72,50,0,53.0,5.5,10,0,False,오전(6-11),원활,0.0
2017-04-03 10:25:00,132,81,48,3,48.4,8.15,10,0,False,오전(6-11),혼잡,2.27
2017-04-03 10:30:00,127,79,43,5,48.6,8.42,10,0,False,오전(6-11),혼잡,3.94
2017-04-03 10:35:00,138,79,59,0,51.6,7.39,10,0,False,오전(6-11),혼잡,0.0
2017-04-03 10:40:00,122,78,43,1,54.7,6.01,10,0,False,오전(6-11),혼잡,0.82
2017-04-03 10:45:00,146,95,50,1,51.0,6.86,10,0,False,오전(6-11),혼잡,0.68
2017-04-03 10:50:00,138,86,50,2,48.0,6.76,10,0,False,오전(6-11),혼잡,1.45
2017-04-03 10:55:00,114,75,38,1,55.1,4.57,10,0,False,오전(6-11),원활,0.88
2017-04-03 11:00:00,99,77,22,0,51.4,3.94,11,0,False,오전(6-11),원활,0.0
2017-04-03 11:05:00,115,83,30,2,48.0,4.83,11,0,False,오전(6-11),원활,1.74
2017-04-03 11:10:00,133,80,52,1,51.3,5.52,11,0,False,오전(6-11),원활,0.75
2017-04-03 11:15:00,139,92,47,0,46.3,6.0,11,0,False,오전(6-11),혼잡,0.0
2017-04-03 11:20:00,126,85,41,0,52.3,4.73,11,0,False,오전(6-11),원활,0.0
2017-04-03 11:25:00,157,103,53,1,48.9,6.76,11,0,False,오전(6-11),혼잡,0.64
2017-04-03 11:30:00,137,94,41,2,49.4,5.71,11,0,False,오전(6-11),혼잡,1.46
2017-04-03 11:35:00,142,94,47,1,46.9,6.73,11,0,False,오전(6-11),혼잡,0.7
2017-04-03 11:40:00,103,68,35,0,50.0,4.3,11,0,False,오전(6-11),원활,0.0
2017-04-03 11:45:00,155,105,50,0,43.3,7.64,11,0,False,오전(6-11),혼잡,0.0
2017-04-03 11:50:00,150,107,43,0,47.7,6.59,11,0,False,오전(6-11),혼잡,0.0
2017-04-03 11:55:00,170,118,51,1,45.8,8.02,11,0,False,오전(6-11),혼잡,0.59
2017-04-03 12:00:00,134,91,42,1,48.9,5.62,12,0,False,오후(12-17),혼잡,0.75
2017-04-03 12:05:00,139,98,40,1,46.0,6.33,12,0,False,오후(12-17),혼잡,0.72
2017-04-03 12:10:00,119,88,28,3,47.8,5.3,12,0,False,오후(12-17),원활,2.52
2017-04-03 12:15:00,133,84,48,1,51.2,5.47,12,0,False,오후(12-17),원활,0.75
2017-04-03 12:20:00,117,77,40,0,48.5,5.03,12,0,False,오후(12-17),원활,0.0
2017-04-03 12:25:00,124,86,35,3,49.0,5.12,12,0,False,오후(12-17),원활,2.42
2017-04-03 12:30:00,113,79,34,0,55.3,4.27,12,0,False,오후(12-17),원활,0.0
2017-04-03 12:35:00,119,78,39,2,51.9,4.78,12,0,False,오후(12-17),원활,1.68
2017-04-03 12:40:00,144,92,51,1,50.9,6.1,12,0,False,오후(12-17),혼잡,0.69
2017-04-03 12:45:00,134,92,41,1,52.5,5.09,12,0,False,오후(12-17),원활,0.75
2017-04-03 12:50:00,129,95,33,1,49.2,5.52,12,0,False,오후(12-17),원활,0.78
2017-04-03 12:55:00,143,93,49,1,50.1,5.87,12,0,False,오후(12-17),혼잡,0.7
2017-04-03 13:00:00,123,89,32,2,50.8,5.25,13,0,False,오후(12-17),원활,1.63
2017-04-03 13:05:00,144,100,44,0,47.6,6.14,13,0,False,오후(12-17),혼잡,0.0
2017-04-03 13:10:00,149,105,43,1,47.6,6.18,13,0,False,오후(12-17),혼잡,0.67
2017-04-03 13:15:00,164,122,42,0,47.6,6.99,13,0,False,오후(12-17),혼잡,0.0
2017-04-03 13:20:00,140,96,44,0,46.1,5.94,13,0,False,오후(12-17),혼잡,0.0
2017-04-03 13:25:00,147,97,48,2,49.0,5.83,13,0,False,오후(12-17),혼잡,1.36
2017-04-03 13:30:00,134,101,33,0,49.0,5.77,13,0,False,오후(12-17),혼잡,0.0
2017-04-03 13:35:00,151,108,41,2,49.1,6.36,13,0,False,오후(12-17),혼잡,1.32
2017-04-03 13:40:00,134,87,44,3,46.7,5.53,13,0,False,오후(12-17),원활,2.24
2017-04-03 13:45:00,154,109,45,0,45.6,7.37,13,0,False,오후(12-17),혼잡,0.0
2017-04-03 13:50:00,114,82,32,0,51.7,4.24,13,0,False,오후(12-17),원활,0.0
2017-04-03 13:55:00,162,109,49,4,48.6,6.78,13,0,False,오후(12-17),혼잡,2.47
2017-04-03 14:00:00,165,109,56,0,48.8,6.86,14,0,False,오후(12-17),혼잡,0.0
2017-04-03 14:05:00,131,75,56,0,49.7,5.68,14,0,False,오후(12-17),혼잡,0.0
2017-04-03 14:10:00,126,90,36,0,47.2,5.22,14,0,False,오후(12-17),원활,0.0
2017-04-03 14:15:00,151,96,55,0,48.7,6.91,14,0,False,오후(12-17),혼잡,0.0
2017-04-03 14:20:00,132,90,42,0,48.8,5.15,14,0,False,오후(12-17),원활,0.0
2017-04-03 14:25:00,141,94,47,0,48.5,5.9,14,0,False,오후(12-17),혼잡,0.0
2017-04-03 14:30:00,94,68,26,0,48.2,4.75,14,0,False,오후(12-17),원활,0.0
2017-04-03 14:35:00,151,108,40,3,49.1,6.08,14,0,False,오후(12-17),혼잡,1.99
2017-04-03 14:40:00,141,99,42,0,50.0,5.54,14,0,False,오후(12-17),원활,0.0
2017-04-03 14:45:00,146,107,36,3,48.7,6.65,14,0,False,오후(12-17),혼잡,2.05
2017-04-03 14:50:00,128,97,31,0,48.2,5.44,14,0,False,오후(12-17),원활,0.0
2017-04-03 14:55:00,136,94,39,3,47.5,5.77,14,0,False,오후(12-17),혼잡,2.21
2017-04-03 15:00:00,138,98,40,0,46.6,6.08,15,0,False,오후(12-17),혼잡,0.0
2017-04-03 15:05:00,129,87,40,2,49.9,5.25,15,0,False,오후(12-17),원활,1.55
2017-04-03 15:10:00,171,114,57,0,47.0,7.48,15,0,False,오후(12-17),혼잡,0.0
2017-04-03 15:15:00,155,116,36,3,49.8,6.39,15,0,False,오후(12-17),혼잡,1.94
2017-04-03 15:20:00,136,106,29,1,51.0,5.46,15,0,False,오후(12-17),원활,0.74
2017-04-03 15:25:00,145,113,31,1,48.8,6.02,15,0,False,오후(12-17),혼잡,0.69
2017-04-03 15:30:00,155,123,32,0,46.7,6.82,15,0,False,오후(12-17),혼잡,0.0
2017-04-03 15:35:00,138,108,24,6,46.9,6.04,15,0,False,오후(12-17),혼잡,4.35
2017-04-03 15:40:00,111,85,26,0,47.2,4.78,15,0,False,오후(12-17),원활,0.0
2017-04-03 15:45:00,147,108,38,1,48.4,6.24,15,0,False,오후(12-17),혼잡,0.68
2017-04-03 15:50:00,144,98,45,1,47.2,6.84,15,0,False,오후(12-17),혼잡,0.69
2017-04-03 15:55:00,173,127,45,1,41.7,8.44,15,0,False,오후(12-17),혼잡,0.58
2017-04-03 16:00:00,131,101,30,0,47.2,5.43,16,0,False,오후(12-17),원활,0.0
2017-04-03 16:05:00,125,98,27,0,48.9,5.0,16,0,False,오후(12-17),원활,0.0
2017-04-03 16:10:00,150,108,42,0,44.5,6.93,16,0,False,오후(12-17),혼잡,0.0
2017-04-03 16:15:00,134,101,31,2,43.6,6.6,16,0,False,오후(12-17),혼잡,1.49
2017-04-03 16:20:00,161,123,36,2,45.2,8.28,16,0,False,오후(12-17),혼잡,1.24
2017-04-03 16:25:00,135,99,36,0,47.4,16.85,16,0,False,오후(12-17),혼잡,0.0
2017-04-03 16:30:00,184,138,45,1,44.3,9.45,16,0,False,오후(12-17),혼잡,0.54
2017-04-03 16:35:00,148,107,40,1,50.3,6.36,16,0,False,오후(12-17),혼잡,0.68
2017-04-03 16:40:00,152,125,27,0,49.3,5.7,16,0,False,오후(12-17),혼잡,0.0
2017-04-03 16:45:00,144,107,33,4,47.6,5.86,16,0,False,오후(12-17),혼잡,2.78
2017-04-03 16:50:00,121,83,37,1,49.2,4.95,16,0,False,오후(12-17),원활,0.83
2017-04-03 16:55:00,102,73,26,3,50.5,4.53,16,0,False,오후(12-17),원활,2.94
2017-04-03 17:00:00,177,135,39,3,49.7,6.54,17,0,False,오후(12-17),혼잡,1.69
2017-04-03 17:05:00,145,100,44,1,48.6,6.49,17,0,False,오후(12-17),혼잡,0.69
2017-04-03 17:10:00,136,94,42,0,41.7,6.23,17,0,False,오후(12-17),혼잡,0.0
2017-04-03 17:15:00,163,117,46,0,45.1,6.65,17,0,False,오후(12-17),혼잡,0.0
2017-04-03 17:20:00,183,133,47,3,51.0,8.35,17,0,False,오후(12-17),혼잡,1.64
2017-04-03 17:25:00,160,116,42,2,48.6,6.46,17,0,False,오후(12-17),혼잡,1.25
2017-04-03 17:30:00,145,103,40,2,44.4,6.34,17,0,False,오후(12-17),혼잡,1.38
2017-04-03 17:35:00,130,89,41,0,48.8,5.52,17,0,False,오후(12-17),원활,0.0
2017-04-03 17:40:00,161,106,52,3,47.6,7.13,17,0,False,오후(12-17),혼잡,1.86
2017-04-03 17:45:00,165,122,41,2,47.7,6.62,17,0,False,오후(12-17),혼잡,1.21
2017-04-03 17:50:00,117,86,29,2,45.1,5.54,17,0,False,오후(12-17),원활,1.71
2017-04-03 17:55:00,141,99,39,3,48.3,6.02,17,0,False,오후(12-17),혼잡,2.13
2017-04-03 18:00:00,161,110,49,2,48.4,6.18,18,0,False,저녁(18-23),혼잡,1.24
2017-04-03 18:05:00,177,126,51,0,49.8,6.8,18,0,False,저녁(18-23),혼잡,0.0
2017-04-03 18:10:00,197,146,49,2,46.2,7.25,18,0,False,저녁(18-23),혼잡,1.02
2017-04-03 18:15:00,156,105,48,3,40.5,9.7,18,0,False,저녁(18-23),혼잡,1.92
2017-04-03 18:20:00,201,138,55,8,45.4,8.4,18,0,False,저녁(18-23),혼잡,3.98
2017-04-03 18:25:00,187,139,47,1,45.1,7.25,18,0,False,저녁(18-23),혼잡,0.53
2017-04-03 18:30:00,164,113,47,4,41.0,8.84,18,0,False,저녁(18-23),혼잡,2.44
2017-04-03 18:35:00,160,113,47,0,46.1,5.86,18,0,False,저녁(18-23),혼잡,0.0
2017-04-03 18:40:00,135,94,39,2,48.0,5.18,18,0,False,저녁(18-23),원활,1.48
2017-04-03 18:45:00,165,114,50,1,47.8,7.29,18,0,False,저녁(18-23),혼잡,0.61
2017-04-03 18:50:00,141,104,37,0,48.1,5.53,18,0,False,저녁(18-23),원활,0.0
2017-04-03 18:55:00,176,131,41,4,43.8,7.42,18,0,False,저녁(18-23),혼잡,2.27
2017-04-03 19:00:00,104,73,29,2,41.7,5.44,19,0,False,저녁(18-23),원활,1.92
2017-04-03 19:05:00,160,117,42,1,45.4,7.19,19,0,False,저녁(18-23),혼잡,0.62
2017-04-03 19:10:00,188,151,36,1,42.6,7.98,19,0,False,저녁(18-23),혼잡,0.53
2017-04-03 19:15:00,124,92,31,1,43.9,7.34,19,0,False,저녁(18-23),혼잡,0.81
2017-04-03 19:20:00,137,109,28,0,43.6,7.27,19,0,False,저녁(18-23),혼잡,0.0
2017-04-03 19:25:00,112,90,21,1,46.3,5.25,19,0,False,저녁(18-23),원활,0.89
2017-04-03 19:30:00,132,96,36,0,46.7,7.95,19,0,False,저녁(18-23),혼잡,0.0
2017-04-03 19:35:00,128,106,21,1,44.6,5.88,19,0,False,저녁(18-23),혼잡,0.78
2017-04-03 19:40:00,157,123,31,3,43.9,7.28,19,0,False,저녁(18-23),혼잡,1.91
2017-04-03 19:45:00,123,98,25,0,47.2,7.74,19,0,False,저녁(18-23),혼잡,0.0
2017-04-03 19:50:00,136,104,31,1,44.2,6.97,19,0,False,저녁(18-23),혼잡,0.74
2017-04-03 19:55:00,131,104,27,0,46.1,5.54,19,0,False,저녁(18-23),원활,0.0
2017-04-03 20:00:00,83,69,14,0,45.6,4.75,20,0,False,저녁(18-23),원활,0.0
2017-04-03 20:05:00,113,86,27,0,49.5,5.2,20,0,False,저녁(18-23),원활,0.0
2017-04-03 20:10:00,124,88,33,3,46.6,5.63,20,0,False,저녁(18-23),혼잡,2.42
2017-04-03 20:15:00,96,73,22,1,48.8,7.57,20,0,False,저녁(18-23),혼잡,1.04
2017-04-03 20:20:00,81,64,17,0,54.8,3.28,20,0,False,저녁(18-23),원활,0.0
2017-04-03 20:25:00,102,80,22,0,45.9,4.74,20,0,False,저녁(18-23),원활,0.0
2017-04-03 20:30:00,115,90,24,1,49.2,5.96,20,0,False,저녁(18-23),혼잡,0.87
2017-04-03 20:35:00,115,88,26,1,43.2,6.88,20,0,False,저녁(18-23),혼잡,0.87
2017-04-03 20:40:00,92,75,16,1,49.5,3.91,20,0,False,저녁(18-23),원활,1.09
2017-04-03 20:45:00,91,73,17,1,46.5,4.46,20,0,False,저녁(18-23),원활,1.1
2017-04-03 20:50:00,123,98,23,2,47.6,6.2,20,0,False,저녁(18-23),혼잡,1.63
2017-04-03 20:55:00,113,89,23,1,49.8,5.08,20,0,False,저녁(18-23),원활,0.88
2017-04-03 21:00:00,75,55,20,0,46.7,3.4,21,0,False,저녁(18-23),원활,0.0
2017-04-03 21:05:00,78,56,22,0,45.6,4.06,21,0,False,저녁(18-23),원활,0.0
2017-04-03 21:10:00,126,104,22,0,46.9,5.98,21,0,False,저녁(18-23),혼잡,0.0
2017-04-03 21:15:00,120,100,20,0,43.4,5.24,21,0,False,저녁(18-23),원활,0.0
2017-04-03 21:20:00,96,76,20,0,49.0,5.1,21,0,False,저녁(18-23),원활,0.0
2017-04-03 21:25:00,94,67,27,0,47.1,4.6,21,0,False,저녁(18-23),원활,0.0
2017-04-03 21:30:00,99,76,23,0,45.8,5.18,21,0,False,저녁(18-23),원활,0.0
2017-04-03 21:35:00,111,89,22,0,44.3,6.43,21,0,False,저녁(18-23),혼잡,0.0
2017-04-03 21:40:00,97,79,18,0,47.7,4.49,21,0,False,저녁(18-23),원활,0.0
2017-04-03 21:45:00,92,72,20,0,42.3,5.72,21,0,False,저녁(18-23),혼잡,0.0
2017-04-03 21:50:00,92,75,17,0,50.5,3.99,21,0,False,저녁(18-23),원활,0.0
2017-04-03 21:55:00,83,65,18,0,49.2,3.94,21,0,False,저녁(18-23),원활,0.0
2017-04-03 22:00:00,115,86,29,0,46.5,4.94,22,0,False,저녁(18-23),원활,0.0
2017-04-03 22:05:00,102,88,14,0,47.8,5.59,22,0,False,저녁(18-23),혼잡,0.0
2017-04-03 22:10:00,81,63,17,1,48.7,3.5,22,0,False,저녁(18-23),원활,1.23
2017-04-03 22:15:00,121,89,31,1,46.4,5.23,22,0,False,저녁(18-23),원활,0.83
2017-04-03 22:20:00,68,55,13,0,48.3,3.39,22,0,False,저녁(18-23),원활,0.0
2017-04-03 22:25:00,90,67,22,1,48.1,4.21,22,0,False,저녁(18-23),원활,1.11
2017-04-03 22:30:00,84,70,14,0,52.3,3.64,22,0,False,저녁(18-23),원활,0.0
2017-04-03 22:35:00,96,69,27,0,48.3,4.16,22,0,False,저녁(18-23),원활,0.0
2017-04-03 22:40:00,87,68,18,1,49.5,4.23,22,0,False,저녁(18-23),원활,1.15
2017-04-03 22:45:00,64,47,17,0,54.0,2.99,22,0,False,저녁(18-23),원활,0.0
2017-04-03 22:50:00,53,34,18,1,51.6,2.18,22,0,False,저녁(18-23),원활,1.89
2017-04-03 22:55:00,61,39,22,0,54.7,3.36,22,0,False,저녁(18-23),원활,0.0
2017-04-03 23:00:00,72,55,17,0,46.9,3.75,23,0,False,저녁(18-23),원활,0.0
2017-04-03 23:05:00,81,60,21,0,49.5,3.67,23,0,False,저녁(18-23),원활,0.0
2017-04-03 23:10:00,53,37,15,1,52.9,2.56,23,0,False,저녁(18-23),원활,1.89
2017-04-03 23:15:00,66,48,18,0,48.9,2.87,23,0,False,저녁(18-23),원활,0.0
2017-04-03 23:20:00,48,38,10,0,51.5,1.84,23,0,False,저녁(18-23),원활,0.0
2017-04-03 23:25:00,60,41,18,1,50.9,2.77,23,0,False,저녁(18-23),원활,1.67
2017-04-03 23:30:00,39,28,11,0,54.7,1.9,23,0,False,저녁(18-23),원활,0.0
2017-04-03 23:35:00,51,39,12,0,50.4,2.12,23,0,False,저녁(18-23),원활,0.0
2017-04-03 23:40:00,53,38,15,0,54.3,2.05,23,0,False,저녁(18-23),원활,0.0
2017-04-03 23:45:00,19,13,6,0,52.5,0.95,23,0,False,저녁(18-23),원활,0.0
2017-04-03 23:50:00,26,18,8,0,55.4,1.13,23,0,False,저녁(18-23),원활,0.0
2017-04-03 23:55:00,38,26,12,0,55.1,1.63,23,0,False,저녁(18-23),원활,0.0
2017-04-04 00:00:00,34,26,8,0,50.9,1.31,0,1,False,새벽(0-5),원활,0.0
2017-04-04 00:05:00,46,36,10,0,54.4,1.87,0,1,False,새벽(0-5),원활,0.0
2017-04-04 00:10:00,46,34,12,0,53.7,1.78,0,1,False,새벽(0-5),원활,0.0
2017-04-04 00:15:00,29,23,6,0,58.1,1.16,0,1,False,새벽(0-5),원활,0.0
2017-04-04 00:20:00,31,20,11,0,57.9,1.24,0,1,False,새벽(0-5),원활,0.0
2017-04-04 00:25:00,35,27,8,0,51.6,1.5,0,1,False,새벽(0-5),원활,0.0
2017-04-04 00:30:00,21,16,5,0,61.0,0.85,0,1,False,새벽(0-5),원활,0.0
2017-04-04 00:35:00,25,18,7,0,54.5,1.05,0,1,False,새벽(0-5),원활,0.0
2017-04-04 00:40:00,35,28,7,0,57.2,1.44,0,1,False,새벽(0-5),원활,0.0
2017-04-04 00:45:00,30,18,12,0,55.8,1.29,0,1,False,새벽(0-5),원활,0.0
2017-04-04 00:50:00,15,7,8,0,53.9,0.67,0,1,False,새벽(0-5),원활,0.0
2017-04-04 00:55:00,23,17,5,1,53.0,0.99,0,1,False,새벽(0-5),원활,4.35
2017-04-04 01:00:00,17,12,4,1,61.1,0.71,1,1,False,새벽(0-5),원활,5.88
2017-04-04 01:05:00,19,10,8,1,55.6,0.8,1,1,False,새벽(0-5),원활,5.26
2017-04-04 01:10:00,22,19,3,0,56.6,0.89,1,1,False,새벽(0-5),원활,0.0
2017-04-04 01:15:00,16,7,9,0,56.2,0.74,1,1,False,새벽(0-5),원활,0.0
2017-04-04 01:20:00,23,14,9,0,62.0,0.88,1,1,False,새벽(0-5),원활,0.0
2017-04-04 01:25:00,13,9,4,0,53.7,0.53,1,1,False,새벽(0-5),원활,0.0
2017-04-04 01:30:00,12,10,2,0,56.4,0.47,1,1,False,새벽(0-5),원활,0.0
2017-04-04 01:35:00,17,11,6,0,52.7,0.72,1,1,False,새벽(0-5),원활,0.0
2017-04-04 01:40:00,17,10,7,0,56.7,0.7,1,1,False,새벽(0-5),원활,0.0
2017-04-04 01:45:00,10,8,2,0,65.6,0.41,1,1,False,새벽(0-5),원활,0.0
2017-04-04 01:50:00,12,8,4,0,59.5,0.6,1,1,False,새벽(0-5),원활,0.0
2017-04-04 01:55:00,11,6,5,0,50.3,0.5,1,1,False,새벽(0-5),원활,0.0
2017-04-04 02:00:00,15,7,8,0,52.5,0.62,2,1,False,새벽(0-5),원활,0.0
2017-04-04 02:05:00,13,6,7,0,63.6,0.48,2,1,False,새벽(0-5),원활,0.0
2017-04-04 02:10:00,14,7,7,0,57.5,0.68,2,1,False,새벽(0-5),원활,0.0
2017-04-04 02:15:00,11,10,1,0,52.3,0.46,2,1,False,새벽(0-5),원활,0.0
2017-04-04 02:20:00,7,3,4,0,63.3,0.31,2,1,False,새벽(0-5),원활,0.0
2017-04-04 02:25:00,11,5,6,0,64.7,0.39,2,1,False,새벽(0-5),원활,0.0
2017-04-04 02:30:00,10,9,1,0,54.9,0.39,2,1,False,새벽(0-5),원활,0.0
2017-04-04 02:35:00,14,11,3,0,54.8,0.68,2,1,False,새벽(0-5),원활,0.0
2017-04-04 02:40:00,8,5,3,0,70.1,0.31,2,1,False,새벽(0-5),원활,0.0
2017-04-04 02:45:00,10,9,1,0,60.4,0.42,2,1,False,새벽(0-5),원활,0.0
2017-04-04 02:50:00,11,7,4,0,65.3,0.46,2,1,False,새벽(0-5),원활,0.0
2017-04-04 02:55:00,11,6,5,0,61.9,0.49,2,1,False,새벽(0-5),원활,0.0
2017-04-04 03:00:00,10,7,3,0,66.7,0.35,3,1,False,새벽(0-5),원활,0.0
2017-04-04 03:05:00,13,10,3,0,59.8,0.51,3,1,False,새벽(0-5),원활,0.0
2017-04-04 03:10:00,12,7,5,0,58.0,0.5,3,1,False,새벽(0-5),원활,0.0
2017-04-04 03:15:00,16,9,7,0,54.2,0.67,3,1,False,새벽(0-5),원활,0.0
2017-04-04 03:20:00,11,6,5,0,55.2,0.5,3,1,False,새벽(0-5),원활,0.0
2017-04-04 03:25:00,9,7,2,0,55.5,0.32,3,1,False,새벽(0-5),원활,0.0
2017-04-04 03:30:00,13,7,6,0,57.3,0.68,3,1,False,새벽(0-5),원활,0.0
2017-04-04 03:35:00,11,6,5,0,53.2,0.51,3,1,False,새벽(0-5),원활,0.0
2017-04-04 03:40:00,11,9,2,0,48.6,0.46,3,1,False,새벽(0-5),원활,0.0
2017-04-04 03:45:00,12,9,3,0,52.8,0.63,3,1,False,새벽(0-5),원활,0.0
2017-04-04 03:50:00,13,5,8,0,60.6,0.57,3,1,False,새벽(0-5),원활,0.0
2017-04-04 03:55:00,11,9,2,0,52.0,0.58,3,1,False,새벽(0-5),원활,0.0
2017-04-04 04:00:00,12,10,2,0,60.7,0.5,4,1,False,새벽(0-5),원활,0.0
2017-04-04 04:05:00,17,10,6,1,56.5,0.69,4,1,False,새벽(0-5),원활,5.88
2017-04-04 04:10:00,15,11,4,0,63.0,0.59,4,1,False,새벽(0-5),원활,0.0
2017-04-04 04:15:00,14,6,7,1,53.2,0.99,4,1,False,새벽(0-5),원활,7.14
2017-04-04 04:20:00,19,12,7,0,65.2,0.71,4,1,False,새벽(0-5),원활,0.0
2017-04-04 04:25:00,16,10,6,0,52.8,0.69,4,1,False,새벽(0-5),원활,0.0
2017-04-04 04:30:00,14,9,5,0,51.7,0.57,4,1,False,새벽(0-5),원활,0.0
2017-04-04 04:35:00,19,14,5,0,53.8,0.94,4,1,False,새벽(0-5),원활,0.0
2017-04-04 04:40:00,17,12,5,0,54.7,0.8,4,1,False,새벽(0-5),원활,0.0
2017-04-04 04:45:00,29,17,12,0,58.9,1.27,4,1,False,새벽(0-5),원활,0.0
2017-04-04 04:50:00,24,17,6,1,57.1,1.1,4,1,False,새벽(0-5),원활,4.17
2017-04-04 04:55:00,32,21,11,0,56.4,1.31,4,1,False,새벽(0-5),원활,0.0
2017-04-04 05:00:00,18,16,2,0,56.9,0.71,5,1,False,새벽(0-5),원활,0.0
2017-04-04 05:05:00,32,23,9,0,62.6,1.19,5,1,False,새벽(0-5),원활,0.0
2017-04-04 05:10:00,35,26,9,0,57.2,1.47,5,1,False,새벽(0-5),원활,0.0
2017-04-04 05:15:00,45,28,17,0,54.6,1.94,5,1,False,새벽(0-5),원활,0.0
2017-04-04 05:20:00,54,41,13,0,54.6,2.35,5,1,False,새벽(0-5),원활,0.0
2017-04-04 05:25:00,40,26,14,0,57.7,1.73,5,1,False,새벽(0-5),원활,0.0
2017-04-04 05:30:00,38,22,16,0,57.0,1.68,5,1,False,새벽(0-5),원활,0.0
2017-04-04 05:35:00,41,30,10,1,50.6,1.84,5,1,False,새벽(0-5),원활,2.44
2017-04-04 05:40:00,37,26,11,0,60.7,1.5,5,1,False,새벽(0-5),원활,0.0
2017-04-04 05:45:00,59,42,17,0,56.7,2.21,5,1,False,새벽(0-5),원활,0.0
2017-04-04 05:50:00,50,38,12,0,61.8,2.11,5,1,False,새벽(0-5),원활,0.0
2017-04-04 05:55:00,91,55,36,0,53.4,4.08,5,1,False,새벽(0-5),원활,0.0
2017-04-04 06:00:00,88,64,22,2,54.9,3.47,6,1,False,오전(6-11),원활,2.27
2017-04-04 06:05:00,94,59,35,0,59.1,3.47,6,1,False,오전(6-11),원활,0.0
2017-04-04 06:10:00,70,37,33,0,57.6,2.53,6,1,False,오전(6-11),원활,0.0
2017-04-04 06:15:00,93,59,31,3,57.8,3.41,6,1,False,오전(6-11),원활,3.23
2017-04-04 06:20:00,76,55,21,0,57.0,2.67,6,1,False,오전(6-11),원활,0.0
2017-04-04 06:25:00,105,62,43,0,56.0,3.91,6,1,False,오전(6-11),원활,0.0
2017-04-04 06:30:00,96,64,29,3,61.4,3.27,6,1,False,오전(6-11),원활,3.12
2017-04-04 06:35:00,121,72,49,0,58.0,4.33,6,1,False,오전(6-11),원활,0.0
2017-04-04 06:40:00,116,74,41,1,55.6,4.21,6,1,False,오전(6-11),원활,0.86
2017-04-04 06:45:00,121,81,38,2,56.5,4.48,6,1,False,오전(6-11),원활,1.65
2017-04-04 06:50:00,119,77,42,0,53.9,4.47,6,1,False,오전(6-11),원활,0.0
2017-04-04 06:55:00,106,75,30,1,54.8,4.17,6,1,False,오전(6-11),원활,0.94
2017-04-04 07:00:00,141,91,49,1,51.0,5.98,7,1,False,오전(6-11),혼잡,0.71
2017-04-04 07:05:00,138,75,62,1,52.5,5.56,7,1,False,오전(6-11),혼잡,0.72
2017-04-04 07:10:00,215,146,65,4,49.0,9.15,7,1,False,오전(6-11),혼잡,1.86
2017-04-04 07:15:00,206,133,71,2,51.2,10.41,7,1,False,오전(6-11),혼잡,0.97
2017-04-04 07:20:00,200,147,53,0,39.0,12.3,7,1,False,오전(6-11),혼잡,0.0
2017-04-04 07:25:00,215,155,57,3,42.8,11.7,7,1,False,오전(6-11),혼잡,1.4
2017-04-04 07:30:00,260,171,88,1,38.1,16.13,7,1,False,오전(6-11),혼잡,0.38
2017-04-04 07:35:00,296,210,81,5,34.5,19.87,7,1,False,오전(6-11),혼잡,1.69
2017-04-04 07:40:00,167,104,59,4,30.1,23.52,7,1,False,오전(6-11),혼잡,2.4
2017-04-04 07:45:00,226,157,68,1,37.5,13.41,7,1,False,오전(6-11),혼잡,0.44
2017-04-04 07:50:00,184,132,51,1,35.2,23.14,7,1,False,오전(6-11),혼잡,0.54
2017-04-04 07:55:00,262,188,72,2,32.7,22.54,7,1,False,오전(6-11),혼잡,0.76
2017-04-04 08:00:00,237,148,85,4,32.2,19.23,8,1,False,오전(6-11),혼잡,1.69
2017-04-04 08:05:00,211,152,53,6,34.7,16.84,8,1,False,오전(6-11),혼잡,2.84
2017-04-04 08:10:00,232,169,60,3,30.0,25.13,8,1,False,오전(6-11),혼잡,1.29
2017-04-04 08:15:00,262,178,80,4,29.7,29.65,8,1,False,오전(6-11),혼잡,1.53
2017-04-04 08:20:00,151,107,42,2,29.2,29.71,8,1,False,오전(6-11),혼잡,1.32
2017-04-04 08:25:00,177,131,42,4,34.2,13.86,8,1,False,오전(6-11),혼잡,2.26
2017-04-04 08:30:00,187,139,47,1,33.5,52.22,8,1,False,오전(6-11),혼잡,0.53
2017-04-04 08:35:00,271,206,60,5,32.8,28.49,8,1,False,오전(6-11),혼잡,1.85
2017-04-04 08:40:00,261,195,64,2,35.9,16.26,8,1,False,오전(6-11),혼잡,0.77
2017-04-04 08:45:00,213,151,59,3,34.7,14.24,8,1,False,오전(6-11),혼잡,1.41
2017-04-04 08:50:00,224,156,65,3,39.1,11.21,8,1,False,오전(6-11),혼잡,1.34
2017-04-04 08:55:00,215,147,67,1,39.6,11.69,8,1,False,오전(6-11),혼잡,0.47
2017-04-04 09:00:00,189,139,50,0,50.1,7.85,9,1,False,오전(6-11),혼잡,0.0
2017-04-04 09:05:00,167,120,45,2,46.1,7.38,9,1,False,오전(6-11),혼잡,1.2
2017-04-04 09:10:00,130,96,33,1,50.8,5.17,9,1,False,오전(6-11),원활,0.77
2017-04-04 09:15:00,196,150,45,1,46.1,8.87,9,1,False,오전(6-11),혼잡,0.51
2017-04-04 09:20:00,204,143,60,1,47.1,10.92,9,1,False,오전(6-11),혼잡,0.49
2017-04-04 09:25:00,186,136,46,4,42.4,9.83,9,1,False,오전(6-11),혼잡,2.15
2017-04-04 09:30:00,138,93,44,1,47.2,6.26,9,1,False,오전(6-11),혼잡,0.72
2017-04-04 09:35:00,174,123,50,1,42.2,9.47,9,1,False,오전(6-11),혼잡,0.57
2017-04-04 09:40:00,143,102,38,3,47.6,6.95,9,1,False,오전(6-11),혼잡,2.1
2017-04-04 09:45:00,167,119,45,3,48.8,9.04,9,1,False,오전(6-11),혼잡,1.8
2017-04-04 09:50:00,158,108,50,0,50.4,6.34,9,1,False,오전(6-11),혼잡,0.0
2017-04-04 09:55:00,189,127,62,0,42.9,9.43,9,1,False,오전(6-11),혼잡,0.0
2017-04-04 10:00:00,153,96,57,0,52.6,6.16,10,1,False,오전(6-11),혼잡,0.0
2017-04-04 10:05:00,158,98,59,1,51.4,6.33,10,1,False,오전(6-11),혼잡,0.63
2017-04-04 10:10:00,143,89,52,2,46.5,6.24,10,1,False,오전(6-11),혼잡,1.4
2017-04-04 10:15:00,146,82,63,1,44.4,7.85,10,1,False,오전(6-11),혼잡,0.68
2017-04-04 10:20:00,111,71,37,3,48.1,5.97,10,1,False,오전(6-11),혼잡,2.7
2017-04-04 10:25:00,119,69,49,1,51.0,7.11,10,1,False,오전(6-11),혼잡,0.84
2017-04-04 10:30:00,114,58,56,0,52.6,5.9,10,1,False,오전(6-11),혼잡,0.0
2017-04-04 10:35:00,136,90,46,0,50.9,5.64,10,1,False,오전(6-11),혼잡,0.0
2017-04-04 10:40:00,125,74,50,1,51.2,5.3,10,1,False,오전(6-11),원활,0.8
2017-04-04 10:45:00,145,90,55,0,49.2,6.91,10,1,False,오전(6-11),혼잡,0.0
2017-04-04 10:50:00,116,77,37,2,46.5,5.2,10,1,False,오전(6-11),원활,1.72
2017-04-04 10:55:00,118,77,41,0,52.6,4.94,10,1,False,오전(6-11),원활,0.0
2017-04-04 11:00:00,107,67,39,1,53.7,4.37,11,1,False,오전(6-11),원활,0.93
2017-04-04 11:05:00,110,70,40,0,48.3,5.01,11,1,False,오전(6-11),원활,0.0
2017-04-04 11:10:00,123,85,37,1,49.8,5.17,11,1,False,오전(6-11),원활,0.81
2017-04-04 11:15:00,149,94,54,1,50.2,6.37,11,1,False,오전(6-11),혼잡,0.67
2017-04-04 11:20:00,123,77,46,0,52.7,5.06,11,1,False,오전(6-11),원활,0.0
2017-04-04 11:25:00,163,110,52,1,47.3,7.33,11,1,False,오전(6-11),혼잡,0.61
2017-04-04 11:30:00,143,91,52,0,46.7,6.25,11,1,False,오전(6-11),혼잡,0.0
2017-04-04 11:35:00,146,90,54,2,48.8,6.35,11,1,False,오전(6-11),혼잡,1.37
2017-04-04 11:40:00,136,89,46,1,47.2,5.93,11,1,False,오전(6-11),혼잡,0.74
2017-04-04 11:45:00,167,117,47,3,45.1,8.24,11,1,False,오전(6-11),혼잡,1.8
2017-04-04 11:50:00,181,130,51,0,43.2,10.01,11,1,False,오전(6-11),혼잡,0.0
2017-04-04 11:55:00,165,108,54,3,46.7,7.51,11,1,False,오전(6-11),혼잡,1.82
2017-04-04 12:00:00,148,91,56,1,48.4,6.22,12,1,False,오후(12-17),혼잡,0.68
2017-04-04 12:05:00,132,91,39,2,47.6,6.06,12,1,False,오후(12-17),혼잡,1.52
2017-04-04 12:10:00,131,83,47,1,48.8,5.44,12,1,False,오후(12-17),원활,0.76
2017-04-04 12:15:00,117,79,38,0,50.3,4.92,12,1,False,오후(12-17),원활,0.0
2017-04-04 12:20:00,102,66,31,5,48.7,4.24,12,1,False,오후(12-17),원활,4.9
2017-04-04 12:25:00,121,83,37,1,47.7,5.19,12,1,False,오후(12-17),원활,0.83
2017-04-04 12:30:00,138,93,43,2,48.7,5.7,12,1,False,오후(12-17),혼잡,1.45
2017-04-04 12:35:00,146,87,54,5,44.1,7.29,12,1,False,오후(12-17),혼잡,3.42
2017-04-04 12:40:00,147,92,55,0,48.7,6.17,12,1,False,오후(12-17),혼잡,0.0
2017-04-04 12:45:00,140,87,52,1,49.9,5.91,12,1,False,오후(12-17),혼잡,0.71
2017-04-04 12:50:00,131,91,38,2,44.7,6.14,12,1,False,오후(12-17),혼잡,1.53
2017-04-04 12:55:00,148,98,47,3,50.6,6.22,12,1,False,오후(12-17),혼잡,2.03
2017-04-04 13:00:00,127,84,43,0,48.6,5.68,13,1,False,오후(12-17),혼잡,0.0
2017-04-04 13:05:00,134,83,50,1,46.7,5.97,13,1,False,오후(12-17),혼잡,0.75
2017-04-04 13:10:00,140,100,37,3,46.4,6.08,13,1,False,오후(12-17),혼잡,2.14
2017-04-04 13:15:00,182,129,51,2,45.6,7.88,13,1,False,오후(12-17),혼잡,1.1
2017-04-04 13:20:00,165,122,43,0,48.1,6.86,13,1,False,오후(12-17),혼잡,0.0
2017-04-04 13:25:00,118,76,40,2,47.2,5.68,13,1,False,오후(12-17),혼잡,1.69
2017-04-04 13:30:00,157,111,46,0,44.7,6.78,13,1,False,오후(12-17),혼잡,0.0
2017-04-04 13:35:00,143,98,42,3,50.4,5.81,13,1,False,오후(12-17),혼잡,2.1
2017-04-04 13:40:00,113,73,39,1,51.2,4.73,13,1,False,오후(12-17),원활,0.88
2017-04-04 13:45:00,165,105,57,3,46.2,7.0,13,1,False,오후(12-17),혼잡,1.82
2017-04-04 13:50:00,135,93,40,2,47.9,5.81,13,1,False,오후(12-17),혼잡,1.48
2017-04-04 13:55:00,157,100,56,1,49.9,6.59,13,1,False,오후(12-17),혼잡,0.64
2017-04-04 14:00:00,151,106,42,3,52.2,6.15,14,1,False,오후(12-17),혼잡,1.99
2017-04-04 14:05:00,158,113,43,2,45.9,6.99,14,1,False,오후(12-17),혼잡,1.27
2017-04-04 14:10:00,152,106,44,2,45.7,6.83,14,1,False,오후(12-17),혼잡,1.32
2017-04-04 14:15:00,151,96,54,1,45.9,6.73,14,1,False,오후(12-17),혼잡,0.66
2017-04-04 14:20:00,114,83,29,2,51.6,4.38,14,1,False,오후(12-17),원활,1.75
2017-04-04 14:25:00,125,81,44,0,51.0,4.92,14,1,False,오후(12-17),원활,0.0
2017-04-04 14:30:00,128,69,59,0,45.8,5.8,14,1,False,오후(12-17),혼잡,0.0
2017-04-04 14:35:00,163,108,53,2,48.2,6.99,14,1,False,오후(12-17),혼잡,1.23
2017-04-04 14:40:00,153,111,41,1,46.1,6.56,14,1,False,오후(12-17),혼잡,0.65
2017-04-04 14:45:00,171,116,52,3,45.7,8.04,14,1,False,오후(12-17),혼잡,1.75
2017-04-04 14:50:00,149,100,48,1,44.9,7.4,14,1,False,오후(12-17),혼잡,0.67
2017-04-04 14:55:00,128,86,40,2,48.5,5.48,14,1,False,오후(12-17),원활,1.56
2017-04-04 15:00:00,128,86,41,1,50.2,5.24,15,1,False,오후(12-17),원활,0.78
2017-04-04 15:05:00,129,88,40,1,49.5,5.28,15,1,False,오후(12-17),원활,0.78
2017-04-04 15:10:00,155,107,47,1,45.7,6.8,15,1,False,오후(12-17),혼잡,0.65
2017-04-04 15:15:00,151,107,43,1,47.7,6.48,15,1,False,오후(12-17),혼잡,0.66
2017-04-04 15:20:00,133,83,50,0,48.6,5.52,15,1,False,오후(12-17),원활,0.0
2017-04-04 15:25:00,133,93,38,2,51.2,5.14,15,1,False,오후(12-17),원활,1.5
2017-04-04 15:30:00,149,109,38,2,47.7,6.41,15,1,False,오후(12-17),혼잡,1.34
2017-04-04 15:35:00,143,106,36,1,50.4,5.51,15,1,False,오후(12-17),원활,0.7
2017-04-04 15:40:00,97,65,31,1,48.2,4.15,15,1,False,오후(12-17),원활,1.03
2017-04-04 15:45:00,130,102,25,3,44.3,5.79,15,1,False,오후(12-17),혼잡,2.31
2017-04-04 15:50:00,149,120,29,0,49.9,5.83,15,1,False,오후(12-17),혼잡,0.0
2017-04-04 15:55:00,167,121,44,2,46.2,7.16,15,1,False,오후(12-17),혼잡,1.2
2017-04-04 16:00:00,175,126,49,0,46.7,7.33,16,1,False,오후(12-17),혼잡,0.0
2017-04-04 16:05:00,149,100,48,1,47.7,6.34,16,1,False,오후(12-17),혼잡,0.67
2017-04-04 16:10:00,147,96,51,0,46.6,6.36,16,1,False,오후(12-17),혼잡,0.0
2017-04-04 16:15:00,162,103,57,2,40.7,7.64,16,1,False,오후(12-17),혼잡,1.23
2017-04-04 16:20:00,142,99,42,1,45.5,6.72,16,1,False,오후(12-17),혼잡,0.7
2017-04-04 16:25:00,140,103,37,0,48.6,5.7,16,1,False,오후(12-17),혼잡,0.0
2017-04-04 16:30:00,146,111,34,1,46.1,6.15,16,1,False,오후(12-17),혼잡,0.68
2017-04-04 16:35:00,172,135,37,0,47.8,7.71,16,1,False,오후(12-17),혼잡,0.0
2017-04-04 16:40:00,152,111,41,0,44.5,6.39,16,1,False,오후(12-17),혼잡,0.0
2017-04-04 16:45:00,170,120,47,3,46.9,7.63,16,1,False,오후(12-17),혼잡,1.76
2017-04-04 16:50:00,140,112,27,1,44.0,6.76,16,1,False,오후(12-17),혼잡,0.71
2017-04-04 16:55:00,128,86,40,2,46.8,5.37,16,1,False,오후(12-17),원활,1.56
2017-04-04 17:00:00,112,82,27,3,50.4,4.47,17,1,False,오후(12-17),원활,2.68
2017-04-04 17:05:00,155,114,34,7,48.9,6.4,17,1,False,오후(12-17),혼잡,4.52
2017-04-04 17:10:00,149,118,30,1,48.5,5.43,17,1,False,오후(12-17),원활,0.67
2017-04-04 17:15:00,132,89,43,0,46.4,5.48,17,1,False,오후(12-17),원활,0.0
2017-04-04 17:20:00,159,120,37,2,43.9,7.78,17,1,False,오후(12-17),혼잡,1.26
2017-04-04 17:25:00,172,125,45,2,51.6,6.42,17,1,False,오후(12-17),혼잡,1.16
2017-04-04 17:30:00,127,93,32,2,48.9,5.13,17,1,False,오후(12-17),원활,1.57
2017-04-04 17:35:00,126,96,27,3,50.2,5.4,17,1,False,오후(12-17),원활,2.38
2017-04-04 17:40:00,152,105,45,2,50.3,6.08,17,1,False,오후(12-17),혼잡,1.32
2017-04-04 17:45:00,168,119,48,1,48.4,6.62,17,1,False,오후(12-17),혼잡,0.6
2017-04-04 17:50:00,118,84,34,0,48.4,4.6,17,1,False,오후(12-17),원활,0.0
2017-04-04 17:55:00,136,93,41,2,44.0,6.56,17,1,False,오후(12-17),혼잡,1.47
2017-04-04 18:00:00,153,97,53,3,46.7,6.48,18,1,False,저녁(18-23),혼잡,1.96
2017-04-04 18:05:00,198,132,66,0,45.3,8.73,18,1,False,저녁(18-23),혼잡,0.0
2017-04-04 18:10:00,196,146,50,0,44.4,7.75,18,1,False,저녁(18-23),혼잡,0.0
2017-04-04 18:15:00,167,111,52,4,43.6,7.63,18,1,False,저녁(18-23),혼잡,2.4
2017-04-04 18:20:00,201,141,60,0,38.3,9.95,18,1,False,저녁(18-23),혼잡,0.0
2017-04-04 18:25:00,225,158,58,9,34.2,24.13,18,1,False,저녁(18-23),혼잡,4.0
2017-04-04 18:30:00,191,137,51,3,34.3,27.18,18,1,False,저녁(18-23),혼잡,1.57
2017-04-04 18:35:00,162,112,48,2,40.8,7.26,18,1,False,저녁(18-23),혼잡,1.23
2017-04-04 18:40:00,153,104,44,5,43.8,6.47,18,1,False,저녁(18-23),혼잡,3.27
2017-04-04 18:45:00,165,119,46,0,44.8,6.82,18,1,False,저녁(18-23),혼잡,0.0
2017-04-04 18:50:00,182,129,48,5,45.7,7.43,18,1,False,저녁(18-23),혼잡,2.75
2017-04-04 18:55:00,154,110,40,4,42.9,7.13,18,1,False,저녁(18-23),혼잡,2.6
2017-04-04 19:00:00,140,92,44,4,42.8,6.75,19,1,False,저녁(18-23),혼잡,2.86
2017-04-04 19:05:00,168,123,44,1,39.9,8.97,19,1,False,저녁(18-23),혼잡,0.6
2017-04-04 19:10:00,196,161,34,1,42.9,9.87,19,1,False,저녁(18-23),혼잡,0.51
2017-04-04 19:15:00,159,123,35,1,42.4,8.82,19,1,False,저녁(18-23),혼잡,0.63
2017-04-04 19:20:00,139,114,23,2,41.4,7.94,19,1,False,저녁(18-23),혼잡,1.44
2017-04-04 19:25:00,147,121,26,0,45.1,7.12,19,1,False,저녁(18-23),혼잡,0.0
2017-04-04 19:30:00,137,101,35,1,46.2,6.22,19,1,False,저녁(18-23),혼잡,0.73
2017-04-04 19:35:00,126,98,27,1,45.3,6.6,19,1,False,저녁(18-23),혼잡,0.79
2017-04-04 19:40:00,102,82,18,2,44.8,4.83,19,1,False,저녁(18-23),원활,1.96
2017-04-04 19:45:00,120,81,39,0,47.9,6.51,19,1,False,저녁(18-23),혼잡,0.0
2017-04-04 19:50:00,110,84,26,0,46.5,5.32,19,1,False,저녁(18-23),원활,0.0
2017-04-04 19:55:00,123,89,34,0,47.6,5.99,19,1,False,저녁(18-23),혼잡,0.0
2017-04-04 20:00:00,103,78,24,1,45.6,5.06,20,1,False,저녁(18-23),원활,0.97
2017-04-04 20:05:00,92,75,16,1,50.4,9.03,20,1,False,저녁(18-23),혼잡,1.09
2017-04-04 20:10:00,128,91,35,2,47.5,5.75,20,1,False,저녁(18-23),혼잡,1.56
2017-04-04 20:15:00,136,109,27,0,47.8,6.19,20,1,False,저녁(18-23),혼잡,0.0
2017-04-04 20:20:00,88,65,22,1,46.7,4.41,20,1,False,저녁(18-23),원활,1.14
2017-04-04 20:25:00,93,72,21,0,45.7,4.52,20,1,False,저녁(18-23),원활,0.0
2017-04-04 20:30:00,117,89,28,0,47.4,5.84,20,1,False,저녁(18-23),혼잡,0.0
2017-04-04 20:35:00,129,104,25,0,45.9,7.21,20,1,False,저녁(18-23),혼잡,0.0
2017-04-04 20:40:00,105,82,22,1,45.8,4.77,20,1,False,저녁(18-23),원활,0.95
2017-04-04 20:45:00,109,90,19,0,45.0,5.08,20,1,False,저녁(18-23),원활,0.0
2017-04-04 20:50:00,114,80,34,0,48.5,5.51,20,1,False,저녁(18-23),원활,0.0
2017-04-04 20:55:00,120,97,23,0,49.3,6.46,20,1,False,저녁(18-23),혼잡,0.0
2017-04-04 21:00:00,109,87,22,0,46.2,4.98,21,1,False,저녁(18-23),원활,0.0
2017-04-04 21:05:00,84,57,27,0,48.0,3.87,21,1,False,저녁(18-23),원활,0.0
2017-04-04 21:10:00,95,78,17,0,43.1,4.77,21,1,False,저녁(18-23),원활,0.0
2017-04-04 21:15:00,95,77,18,0,47.1,4.47,21,1,False,저녁(18-23),원활,0.0
2017-04-04 21:20:00,121,96,24,1,46.0,5.41,21,1,False,저녁(18-23),원활,0.83
2017-04-04 21:25:00,117,102,15,0,43.7,5.81,21,1,False,저녁(18-23),혼잡,0.0
2017-04-04 21:30:00,121,99,21,1,44.4,6.42,21,1,False,저녁(18-23),혼잡,0.83
2017-04-04 21:35:00,105,84,21,0,46.8,5.4,21,1,False,저녁(18-23),원활,0.0
2017-04-04 21:40:00,103,86,17,0,41.9,5.12,21,1,False,저녁(18-23),원활,0.0
2017-04-04 21:45:00,116,86,30,0,45.3,5.83,21,1,False,저녁(18-23),혼잡,0.0
2017-04-04 21:50:00,126,102,24,0,41.8,5.91,21,1,False,저녁(18-23),혼잡,0.0
2017-04-04 21:55:00,129,105,22,2,42.7,6.32,21,1,False,저녁(18-23),혼잡,1.55
2017-04-04 22:00:00,137,114,21,2,43.5,10.55,22,1,False,저녁(18-23),혼잡,1.46
2017-04-04 22:05:00,106,89,15,2,42.1,8.22,22,1,False,저녁(18-23),혼잡,1.89
2017-04-04 22:10:00,115,88,27,0,46.9,5.73,22,1,False,저녁(18-23),혼잡,0.0
2017-04-04 22:15:00,102,73,29,0,50.5,5.23,22,1,False,저녁(18-23),원활,0.0
2017-04-04 22:20:00,89,65,24,0,44.0,4.39,22,1,False,저녁(18-23),원활,0.0
2017-04-04 22:25:00,96,74,22,0,48.8,4.24,22,1,False,저녁(18-23),원활,0.0
2017-04-04 22:30:00,70,56,14,0,53.7,3.12,22,1,False,저녁(18-23),원활,0.0
2017-04-04 22:35:00,99,77,22,0,48.0,4.49,22,1,False,저녁(18-23),원활,0.0
2017-04-04 22:40:00,87,64,23,0,50.2,4.28,22,1,False,저녁(18-23),원활,0.0
2017-04-04 22:45:00,89,63,26,0,48.2,4.12,22,1,False,저녁(18-23),원활,0.0
2017-04-04 22:50:00,69,49,20,0,50.7,3.07,22,1,False,저녁(18-23),원활,0.0
2017-04-04 22:55:00,75,52,22,1,48.8,3.48,22,1,False,저녁(18-23),원활,1.33
2017-04-04 23:00:00,71,53,18,0,53.9,2.9,23,1,False,저녁(18-23),원활,0.0
2017-04-04 23:05:00,79,61,18,0,47.3,3.88,23,1,False,저녁(18-23),원활,0.0
2017-04-04 23:10:00,51,41,10,0,54.8,2.08,23,1,False,저녁(18-23),원활,0.0
2017-04-04 23:15:00,71,48,22,1,51.7,3.03,23,1,False,저녁(18-23),원활,1.41
2017-04-04 23:20:00,41,33,8,0,58.7,1.81,23,1,False,저녁(18-23),원활,0.0
2017-04-04 23:25:00,63,47,16,0,49.9,2.9,23,1,False,저녁(18-23),원활,0.0
2017-04-04 23:30:00,49,36,12,1,50.7,2.33,23,1,False,저녁(18-23),원활,2.04
2017-04-04 23:35:00,60,44,15,1,51.1,2.35,23,1,False,저녁(18-23),원활,1.67
2017-04-04 23:40:00,30,22,8,0,52.2,1.31,23,1,False,저녁(18-23),원활,0.0
2017-04-04 23:45:00,59,41,16,2,56.6,2.43,23,1,False,저녁(18-23),원활,3.39
2017-04-04 23:50:00,35,24,11,0,56.2,1.48,23,1,False,저녁(18-23),원활,0.0
2017-04-04 23:55:00,46,34,12,0,56.9,1.88,23,1,False,저녁(18-23),원활,0.0
2017-04-05 00:00:00,50,34,16,0,52.1,2.23,0,2,False,새벽(0-5),원활,0.0
2017-04-05 00:05:00,51,34,17,0,56.4,2.73,0,2,False,새벽(0-5),원활,0.0
2017-04-05 00:10:00,30,18,12,0,63.5,1.33,0,2,False,새벽(0-5),원활,0.0
2017-04-05 00:15:00,48,34,14,0,54.4,1.88,0,2,False,새벽(0-5),원활,0.0
2017-04-05 00:20:00,46,33,13,0,53.1,1.82,0,2,False,새벽(0-5),원활,0.0
2017-04-05 00:25:00,37,28,9,0,56.4,1.66,0,2,False,새벽(0-5),원활,0.0
2017-04-05 00:30:00,37,29,8,0,59.9,1.48,0,2,False,새벽(0-5),원활,0.0
2017-04-05 00:35:00,38,29,9,0,56.6,1.34,0,2,False,새벽(0-5),원활,0.0
2017-04-05 00:40:00,45,32,13,0,60.6,1.48,0,2,False,새벽(0-5),원활,0.0
2017-04-05 00:45:00,38,24,14,0,55.2,1.57,0,2,False,새벽(0-5),원활,0.0
2017-04-05 00:50:00,33,18,15,0,65.0,1.15,0,2,False,새벽(0-5),원활,0.0
2017-04-05 00:55:00,20,18,2,0,58.1,0.85,0,2,False,새벽(0-5),원활,0.0
2017-04-05 01:00:00,31,20,11,0,55.3,1.38,1,2,False,새벽(0-5),원활,0.0
2017-04-05 01:05:00,26,18,8,0,59.8,1.14,1,2,False,새벽(0-5),원활,0.0
2017-04-05 01:10:00,20,14,6,0,58.1,0.81,1,2,False,새벽(0-5),원활,0.0
2017-04-05 01:15:00,20,11,9,0,56.5,0.76,1,2,False,새벽(0-5),원활,0.0
2017-04-05 01:20:00,26,14,11,1,50.2,1.11,1,2,False,새벽(0-5),원활,3.85
2017-04-05 01:25:00,18,13,5,0,57.1,0.72,1,2,False,새벽(0-5),원활,0.0
2017-04-05 01:30:00,16,13,3,0,56.2,0.59,1,2,False,새벽(0-5),원활,0.0
2017-04-05 01:35:00,17,10,7,0,54.5,0.74,1,2,False,새벽(0-5),원활,0.0
2017-04-05 01:40:00,14,9,5,0,55.4,0.66,1,2,False,새벽(0-5),원활,0.0
2017-04-05 01:45:00,23,17,6,0,57.6,1.21,1,2,False,새벽(0-5),원활,0.0
2017-04-05 01:50:00,23,16,7,0,67.3,0.85,1,2,False,새벽(0-5),원활,0.0
2017-04-05 01:55:00,24,14,10,0,57.0,1.08,1,2,False,새벽(0-5),원활,0.0
2017-04-05 02:00:00,19,13,6,0,57.7,0.68,2,2,False,새벽(0-5),원활,0.0
2017-04-05 02:05:00,15,11,4,0,49.3,0.67,2,2,False,새벽(0-5),원활,0.0
2017-04-05 02:10:00,20,12,8,0,58.3,0.78,2,2,False,새벽(0-5),원활,0.0
2017-04-05 02:15:00,17,10,7,0,63.0,0.71,2,2,False,새벽(0-5),원활,0.0
2017-04-05 02:20:00,16,6,10,0,54.9,0.79,2,2,False,새벽(0-5),원활,0.0
2017-04-05 02:25:00,14,10,4,0,52.4,0.59,2,2,False,새벽(0-5),원활,0.0
2017-04-05 02:30:00,10,6,4,0,56.9,0.47,2,2,False,새벽(0-5),원활,0.0
2017-04-05 02:35:00,13,10,3,0,67.1,0.55,2,2,False,새벽(0-5),원활,0.0
2017-04-05 02:40:00,19,15,4,0,54.5,0.75,2,2,False,새벽(0-5),원활,0.0
2017-04-05 02:45:00,12,7,5,0,59.3,0.56,2,2,False,새벽(0-5),원활,0.0
2017-04-05 02:50:00,16,11,5,0,49.8,0.65,2,2,False,새벽(0-5),원활,0.0
2017-04-05 02:55:00,12,9,3,0,51.5,0.48,2,2,False,새벽(0-5),원활,0.0
2017-04-05 03:00:00,9,5,4,0,48.0,0.38,3,2,False,새벽(0-5),원활,0.0
2017-04-05 03:05:00,13,6,7,0,56.5,0.5,3,2,False,새벽(0-5),원활,0.0
2017-04-05 03:10:00,15,13,2,0,45.2,0.72,3,2,False,새벽(0-5),원활,0.0
2017-04-05 03:15:00,12,4,8,0,55.0,0.55,3,2,False,새벽(0-5),원활,0.0
2017-04-05 03:20:00,10,6,4,0,62.0,0.44,3,2,False,새벽(0-5),원활,0.0
2017-04-05 03:25:00,12,6,6,0,58.6,0.41,3,2,False,새벽(0-5),원활,0.0
2017-04-05 03:30:00,19,14,5,0,66.1,3.24,3,2,False,새벽(0-5),원활,0.0
2017-04-05 03:35:00,17,11,6,0,57.7,0.71,3,2,False,새벽(0-5),원활,0.0
2017-04-05 03:40:00,13,8,4,1,51.2,0.68,3,2,False,새벽(0-5),원활,7.69
2017-04-05 03:45:00,9,5,3,1,49.3,0.6,3,2,False,새벽(0-5),원활,11.11
2017-04-05 03:50:00,19,10,9,0,64.1,0.84,3,2,False,새벽(0-5),원활,0.0
2017-04-05 03:55:00,16,10,6,0,58.6,0.71,3,2,False,새벽(0-5),원활,0.0
2017-04-05 04:00:00,13,9,4,0,62.1,0.49,4,2,False,새벽(0-5),원활,0.0
2017-04-05 04:05:00,15,8,7,0,55.5,0.64,4,2,False,새벽(0-5),원활,0.0
2017-04-05 04:10:00,16,11,5,0,54.8,0.66,4,2,False,새벽(0-5),원활,0.0
2017-04-05 04:15:00,9,6,3,0,55.1,0.42,4,2,False,새벽(0-5),원활,0.0
2017-04-05 04:20:00,9,6,3,0,56.6,0.41,4,2,False,새벽(0-5),원활,0.0
2017-04-05 04:25:00,14,10,4,0,59.5,0.67,4,2,False,새벽(0-5),원활,0.0
2017-04-05 04:30:00,9,8,1,0,54.7,0.43,4,2,False,새벽(0-5),원활,0.0
2017-04-05 04:35:00,26,16,10,0,55.1,1.22,4,2,False,새벽(0-5),원활,0.0
2017-04-05 04:40:00,25,19,6,0,55.5,1.12,4,2,False,새벽(0-5),원활,0.0
2017-04-05 04:45:00,20,8,12,0,65.5,0.83,4,2,False,새벽(0-5),원활,0.0
2017-04-05 04:50:00,12,7,5,0,67.5,0.49,4,2,False,새벽(0-5),원활,0.0
2017-04-05 04:55:00,21,13,8,0,58.8,1.04,4,2,False,새벽(0-5),원활,0.0
2017-04-05 05:00:00,24,15,8,1,49.4,1.29,5,2,False,새벽(0-5),원활,4.17
2017-04-05 05:05:00,35,21,13,1,68.2,1.39,5,2,False,새벽(0-5),원활,2.86
2017-04-05 05:10:00,25,16,9,0,72.3,1.43,5,2,False,새벽(0-5),원활,0.0
2017-04-05 05:15:00,46,35,11,0,55.4,2.17,5,2,False,새벽(0-5),원활,0.0
2017-04-05 05:20:00,56,42,14,0,56.0,2.09,5,2,False,새벽(0-5),원활,0.0
2017-04-05 05:25:00,53,29,24,0,57.7,2.17,5,2,False,새벽(0-5),원활,0.0
2017-04-05 05:30:00,45,25,20,0,64.1,1.95,5,2,False,새벽(0-5),원활,0.0
2017-04-05 05:35:00,52,36,16,0,50.3,2.27,5,2,False,새벽(0-5),원활,0.0
2017-04-05 05:40:00,41,23,18,0,68.1,1.62,5,2,False,새벽(0-5),원활,0.0
2017-04-05 05:45:00,54,37,17,0,57.7,2.14,5,2,False,새벽(0-5),원활,0.0
2017-04-05 05:50:00,55,38,17,0,57.5,2.33,5,2,False,새벽(0-5),원활,0.0
2017-04-05 05:55:00,64,45,19,0,55.7,2.71,5,2,False,새벽(0-5),원활,0.0
2017-04-05 06:00:00,75,40,33,2,52.1,3.66,6,2,False,오전(6-11),원활,2.67
2017-04-05 06:05:00,91,54,36,1,57.3,3.61,6,2,False,오전(6-11),원활,1.1
2017-04-05 06:10:00,75,49,24,2,56.8,2.92,6,2,False,오전(6-11),원활,2.67
2017-04-05 06:15:00,88,51,36,1,53.8,3.33,6,2,False,오전(6-11),원활,1.14
2017-04-05 06:20:00,73,52,21,0,66.4,2.14,6,2,False,오전(6-11),원활,0.0
2017-04-05 06:25:00,110,61,48,1,51.8,4.43,6,2,False,오전(6-11),원활,0.91
2017-04-05 06:30:00,109,63,46,0,59.7,3.59,6,2,False,오전(6-11),원활,0.0
2017-04-05 06:35:00,114,66,48,0,57.8,4.37,6,2,False,오전(6-11),원활,0.0
2017-04-05 06:40:00,101,62,38,1,52.6,3.87,6,2,False,오전(6-11),원활,0.99
2017-04-05 06:45:00,125,71,51,3,60.4,4.59,6,2,False,오전(6-11),원활,2.4
2017-04-05 06:50:00,112,68,44,0,56.0,4.06,6,2,False,오전(6-11),원활,0.0
2017-04-05 06:55:00,131,81,48,2,49.8,5.48,6,2,False,오전(6-11),원활,1.53
2017-04-05 07:00:00,127,77,45,5,53.5,5.13,7,2,False,오전(6-11),원활,3.94
2017-04-05 07:05:00,170,101,66,3,53.9,6.43,7,2,False,오전(6-11),혼잡,1.76
2017-04-05 07:10:00,181,114,66,1,48.8,8.09,7,2,False,오전(6-11),혼잡,0.55
2017-04-05 07:15:00,223,142,77,4,52.3,8.81,7,2,False,오전(6-11),혼잡,1.79
2017-04-05 07:20:00,194,136,58,0,41.0,9.95,7,2,False,오전(6-11),혼잡,0.0
2017-04-05 07:25:00,205,137,66,2,41.0,11.37,7,2,False,오전(6-11),혼잡,0.98
2017-04-05 07:30:00,260,161,98,1,44.4,12.62,7,2,False,오전(6-11),혼잡,0.38
2017-04-05 07:35:00,285,190,93,2,47.0,12.16,7,2,False,오전(6-11),혼잡,0.7
2017-04-05 07:40:00,233,171,61,1,41.5,12.12,7,2,False,오전(6-11),혼잡,0.43
2017-04-05 07:45:00,233,146,84,3,45.2,10.11,7,2,False,오전(6-11),혼잡,1.29
2017-04-05 07:50:00,251,165,84,2,43.0,13.31,7,2,False,오전(6-11),혼잡,0.8
2017-04-05 07:55:00,275,183,88,4,41.9,13.86,7,2,False,오전(6-11),혼잡,1.45
2017-04-05 08:00:00,238,164,73,1,38.1,16.25,8,2,False,오전(6-11),혼잡,0.42
2017-04-05 08:05:00,243,159,78,6,37.2,15.39,8,2,False,오전(6-11),혼잡,2.47
2017-04-05 08:10:00,259,171,86,2,40.1,13.17,8,2,False,오전(6-11),혼잡,0.77
2017-04-05 08:15:00,300,223,75,2,34.8,18.58,8,2,False,오전(6-11),혼잡,0.67
2017-04-05 08:20:00,246,176,69,1,39.6,12.76,8,2,False,오전(6-11),혼잡,0.41
2017-04-05 08:25:00,188,128,60,0,43.3,8.72,8,2,False,오전(6-11),혼잡,0.0
2017-04-05 08:30:00,205,151,52,2,35.3,28.78,8,2,False,오전(6-11),혼잡,0.98
2017-04-05 08:35:00,234,162,68,4,34.9,23.41,8,2,False,오전(6-11),혼잡,1.71
2017-04-05 08:40:00,234,163,68,3,33.9,15.77,8,2,False,오전(6-11),혼잡,1.28
2017-04-05 08:45:00,151,107,40,4,27.6,36.4,8,2,False,오전(6-11),혼잡,2.65
2017-04-05 08:50:00,172,119,50,3,32.9,24.54,8,2,False,오전(6-11),혼잡,1.74
2017-04-05 08:55:00,180,121,59,0,41.4,9.74,8,2,False,오전(6-11),혼잡,0.0
2017-04-05 09:00:00,184,124,56,4,48.0,8.03,9,2,False,오전(6-11),혼잡,2.17
2017-04-05 09:05:00,154,101,51,2,47.8,7.06,9,2,False,오전(6-11),혼잡,1.3
2017-04-05 09:10:00,132,90,40,2,51.6,5.83,9,2,False,오전(6-11),혼잡,1.52
2017-04-05 09:15:00,175,120,54,1,50.2,7.5,9,2,False,오전(6-11),혼잡,0.57
2017-04-05 09:20:00,175,111,62,2,53.5,6.93,9,2,False,오전(6-11),혼잡,1.14
2017-04-05 09:25:00,193,128,60,5,37.8,11.52,9,2,False,오전(6-11),혼잡,2.59
2017-04-05 09:30:00,162,112,50,0,47.6,7.49,9,2,False,오전(6-11),혼잡,0.0
2017-04-05 09:35:00,176,117,57,2,44.2,8.6,9,2,False,오전(6-11),혼잡,1.14
2017-04-05 09:40:00,138,93,44,1,47.2,6.56,9,2,False,오전(6-11),혼잡,0.72
2017-04-05 09:45:00,162,110,51,1,49.7,7.39,9,2,False,오전(6-11),혼잡,0.62
2017-04-05 09:50:00,189,131,58,0,47.5,8.07,9,2,False,오전(6-11),혼잡,0.0
2017-04-05 09:55:00,182,119,61,2,45.8,8.39,9,2,False,오전(6-11),혼잡,1.1
2017-04-05 10:00:00,176,118,58,0,50.7,7.59,10,2,False,오전(6-11),혼잡,0.0
2017-04-05 10:05:00,169,117,48,4,49.8,7.35,10,2,False,오전(6-11),혼잡,2.37
2017-04-05 10:10:00,152,99,53,0,50.5,6.7,10,2,False,오전(6-11),혼잡,0.0
2017-04-05 10:15:00,148,100,47,1,49.5,6.71,10,2,False,오전(6-11),혼잡,0.68
2017-04-05 10:20:00,116,77,37,2,51.9,5.04,10,2,False,오전(6-11),원활,1.72
2017-04-05 10:25:00,144,96,48,0,49.7,6.34,10,2,False,오전(6-11),혼잡,0.0
2017-04-05 10:30:00,123,74,48,1,50.4,5.62,10,2,False,오전(6-11),혼잡,0.81
2017-04-05 10:35:00,137,99,37,1,50.8,5.58,10,2,False,오전(6-11),혼잡,0.73
2017-04-05 10:40:00,140,86,53,1,47.7,6.07,10,2,False,오전(6-11),혼잡,0.71
2017-04-05 10:45:00,150,89,59,2,44.1,8.23,10,2,False,오전(6-11),혼잡,1.33
2017-04-05 10:50:00,102,66,36,0,52.2,4.39,10,2,False,오전(6-11),원활,0.0
2017-04-05 10:55:00,131,84,44,3,48.8,5.86,10,2,False,오전(6-11),혼잡,2.29
2017-04-05 11:00:00,103,71,31,1,50.5,4.44,11,2,False,오전(6-11),원활,0.97
2017-04-05 11:05:00,123,73,50,0,52.7,5.45,11,2,False,오전(6-11),원활,0.0
2017-04-05 11:10:00,131,88,43,0,48.2,5.71,11,2,False,오전(6-11),혼잡,0.0
2017-04-05 11:15:00,134,83,49,2,52.1,5.9,11,2,False,오전(6-11),혼잡,1.49
2017-04-05 11:20:00,124,72,51,1,49.0,5.22,11,2,False,오전(6-11),원활,0.81
2017-04-05 11:25:00,139,88,50,1,49.1,6.31,11,2,False,오전(6-11),혼잡,0.72
2017-04-05 11:30:00,140,96,42,2,45.9,6.02,11,2,False,오전(6-11),혼잡,1.43
2017-04-05 11:35:00,138,93,44,1,49.0,5.84,11,2,False,오전(6-11),혼잡,0.72
2017-04-05 11:40:00,127,93,34,0,47.8,5.87,11,2,False,오전(6-11),혼잡,0.0
2017-04-05 11:45:00,188,121,62,5,41.2,10.22,11,2,False,오전(6-11),혼잡,2.66
2017-04-05 11:50:00,154,108,46,0,45.4,7.54,11,2,False,오전(6-11),혼잡,0.0
2017-04-05 11:55:00,162,126,34,2,48.4,6.98,11,2,False,오전(6-11),혼잡,1.23
2017-04-05 12:00:00,151,107,41,3,48.7,6.7,12,2,False,오후(12-17),혼잡,1.99
2017-04-05 12:05:00,124,88,34,2,51.5,5.11,12,2,False,오후(12-17),원활,1.61
2017-04-05 12:10:00,108,69,39,0,49.6,4.49,12,2,False,오후(12-17),원활,0.0
2017-04-05 12:15:00,127,81,44,2,50.1,5.63,12,2,False,오후(12-17),혼잡,1.57
2017-04-05 12:20:00,114,68,43,3,47.9,5.33,12,2,False,오후(12-17),원활,2.63
2017-04-05 12:25:00,118,87,30,1,49.7,7.62,12,2,False,오후(12-17),혼잡,0.85
2017-04-05 12:30:00,126,92,33,1,51.1,5.25,12,2,False,오후(12-17),원활,0.79
2017-04-05 12:35:00,157,117,40,0,46.5,7.5,12,2,False,오후(12-17),혼잡,0.0
2017-04-05 12:40:00,142,88,53,1,47.8,6.76,12,2,False,오후(12-17),혼잡,0.7
2017-04-05 12:45:00,137,106,31,0,51.3,5.57,12,2,False,오후(12-17),혼잡,0.0
2017-04-05 12:50:00,127,89,36,2,46.6,5.94,12,2,False,오후(12-17),혼잡,1.57
2017-04-05 12:55:00,137,97,38,2,50.8,5.88,12,2,False,오후(12-17),혼잡,1.46
2017-04-05 13:00:00,134,92,41,1,49.5,5.86,13,2,False,오후(12-17),혼잡,0.75
2017-04-05 13:05:00,149,100,47,2,46.9,6.68,13,2,False,오후(12-17),혼잡,1.34
2017-04-05 13:10:00,149,109,39,1,46.1,7.09,13,2,False,오후(12-17),혼잡,0.67
2017-04-05 13:15:00,154,85,68,1,49.3,7.18,13,2,False,오후(12-17),혼잡,0.65
2017-04-05 13:20:00,160,106,52,2,49.6,6.92,13,2,False,오후(12-17),혼잡,1.25
2017-04-05 13:25:00,157,101,55,1,46.9,6.93,13,2,False,오후(12-17),혼잡,0.64
2017-04-05 13:30:00,142,89,50,3,49.8,6.03,13,2,False,오후(12-17),혼잡,2.11
2017-04-05 13:35:00,131,85,41,5,47.2,5.99,13,2,False,오후(12-17),혼잡,3.82
2017-04-05 13:40:00,105,74,31,0,50.8,4.53,13,2,False,오후(12-17),원활,0.0
2017-04-05 13:45:00,143,101,41,1,49.5,6.05,13,2,False,오후(12-17),혼잡,0.7
2017-04-05 13:50:00,121,82,39,0,49.8,5.13,13,2,False,오후(12-17),원활,0.0
2017-04-05 13:55:00,144,98,44,2,48.1,6.91,13,2,False,오후(12-17),혼잡,1.39
2017-04-05 14:00:00,130,90,40,0,51.2,5.36,14,2,False,오후(12-17),원활,0.0
2017-04-05 14:05:00,163,119,43,1,44.7,7.52,14,2,False,오후(12-17),혼잡,0.61
2017-04-05 14:10:00,136,95,41,0,48.4,6.24,14,2,False,오후(12-17),혼잡,0.0
2017-04-05 14:15:00,146,106,39,1,47.8,7.44,14,2,False,오후(12-17),혼잡,0.68
2017-04-05 14:20:00,133,106,27,0,47.5,6.0,14,2,False,오후(12-17),혼잡,0.0
2017-04-05 14:25:00,126,93,31,2,45.2,5.68,14,2,False,오후(12-17),혼잡,1.59
2017-04-05 14:30:00,143,99,44,0,47.8,6.78,14,2,False,오후(12-17),혼잡,0.0
2017-04-05 14:35:00,161,113,46,2,46.8,7.49,14,2,False,오후(12-17),혼잡,1.24
2017-04-05 14:40:00,137,92,41,4,48.8,6.19,14,2,False,오후(12-17),혼잡,2.92
2017-04-05 14:45:00,141,100,39,2,45.6,6.74,14,2,False,오후(12-17),혼잡,1.42
2017-04-05 14:50:00,126,86,39,1,42.7,6.15,14,2,False,오후(12-17),혼잡,0.79
2017-04-05 14:55:00,132,83,49,0,47.1,6.34,14,2,False,오후(12-17),혼잡,0.0
2017-04-05 15:00:00,131,91,36,4,47.4,5.94,15,2,False,오후(12-17),혼잡,3.05
2017-04-05 15:05:00,151,102,47,2,44.8,7.55,15,2,False,오후(12-17),혼잡,1.32
2017-04-05 15:10:00,122,88,33,1,48.3,5.34,15,2,False,오후(12-17),원활,0.82
2017-04-05 15:15:00,161,115,46,0,48.3,7.49,15,2,False,오후(12-17),혼잡,0.0
2017-04-05 15:20:00,150,100,50,0,45.6,7.33,15,2,False,오후(12-17),혼잡,0.0
2017-04-05 15:25:00,154,107,47,0,45.3,7.29,15,2,False,오후(12-17),혼잡,0.0
2017-04-05 15:30:00,134,93,39,2,45.6,6.02,15,2,False,오후(12-17),혼잡,1.49
2017-04-05 15:35:00,141,94,44,3,48.3,6.22,15,2,False,오후(12-17),혼잡,2.13
2017-04-05 15:40:00,104,63,37,4,46.7,4.76,15,2,False,오후(12-17),원활,3.85
2017-04-05 15:45:00,148,100,46,2,45.7,6.64,15,2,False,오후(12-17),혼잡,1.35
2017-04-05 15:50:00,118,69,47,2,49.7,5.69,15,2,False,오후(12-17),혼잡,1.69
2017-04-05 15:55:00,161,113,47,1,44.9,7.82,15,2,False,오후(12-17),혼잡,0.62
2017-04-05 16:00:00,159,108,50,1,45.4,8.38,16,2,False,오후(12-17),혼잡,0.63
2017-04-05 16:05:00,149,105,41,3,45.2,7.79,16,2,False,오후(12-17),혼잡,2.01
2017-04-05 16:10:00,122,78,44,0,45.6,5.47,16,2,False,오후(12-17),원활,0.0
2017-04-05 16:15:00,148,91,54,3,42.9,7.65,16,2,False,오후(12-17),혼잡,2.03
2017-04-05 16:20:00,144,104,39,1,42.4,7.74,16,2,False,오후(12-17),혼잡,0.69
2017-04-05 16:25:00,144,94,49,1,46.6,6.49,16,2,False,오후(12-17),혼잡,0.69
2017-04-05 16:30:00,132,88,44,0,47.8,6.17,16,2,False,오후(12-17),혼잡,0.0
2017-04-05 16:35:00,140,87,52,1,46.0,6.33,16,2,False,오후(12-17),혼잡,0.71
2017-04-05 16:40:00,132,65,65,2,47.0,6.06,16,2,False,오후(12-17),혼잡,1.52
2017-04-05 16:45:00,152,87,63,2,45.7,7.28,16,2,False,오후(12-17),혼잡,1.32
2017-04-05 16:50:00,133,70,60,3,44.7,6.08,16,2,False,오후(12-17),혼잡,2.26
2017-04-05 16:55:00,150,98,48,4,43.5,7.22,16,2,False,오후(12-17),혼잡,2.67
2017-04-05 17:00:00,123,75,46,2,46.1,5.84,17,2,False,오후(12-17),혼잡,1.63
2017-04-05 17:05:00,149,76,72,1,45.6,7.55,17,2,False,오후(12-17),혼잡,0.67
2017-04-05 17:10:00,143,72,70,1,42.2,6.71,17,2,False,오후(12-17),혼잡,0.7
2017-04-05 17:15:00,138,80,56,2,41.8,7.24,17,2,False,오후(12-17),혼잡,1.45
2017-04-05 17:20:00,157,86,69,2,44.3,7.56,17,2,False,오후(12-17),혼잡,1.27
2017-04-05 17:25:00,153,83,67,3,45.8,7.02,17,2,False,오후(12-17),혼잡,1.96
2017-04-05 17:30:00,121,69,51,1,46.6,5.12,17,2,False,오후(12-17),원활,0.83
2017-04-05 17:35:00,128,70,57,1,44.3,5.95,17,2,False,오후(12-17),혼잡,0.78
2017-04-05 17:40:00,197,120,73,4,41.7,10.5,17,2,False,오후(12-17),혼잡,2.03
2017-04-05 17:45:00,179,122,56,1,40.9,9.16,17,2,False,오후(12-17),혼잡,0.56
2017-04-05 17:50:00,155,103,49,3,43.5,7.56,17,2,False,오후(12-17),혼잡,1.94
2017-04-05 17:55:00,119,75,40,4,46.0,5.53,17,2,False,오후(12-17),원활,3.36
2017-04-05 18:00:00,134,80,51,3,43.4,6.36,18,2,False,저녁(18-23),혼잡,2.24
2017-04-05 18:05:00,181,106,75,0,43.1,8.59,18,2,False,저녁(18-23),혼잡,0.0
2017-04-05 18:10:00,198,139,56,3,40.1,9.45,18,2,False,저녁(18-23),혼잡,1.52
2017-04-05 18:15:00,180,124,52,4,31.4,20.54,18,2,False,저녁(18-23),혼잡,2.22
2017-04-05 18:20:00,178,128,49,1,28.0,27.85,18,2,False,저녁(18-23),혼잡,0.56
2017-04-05 18:25:00,238,177,56,5,28.9,33.82,18,2,False,저녁(18-23),혼잡,2.1
2017-04-05 18:30:00,214,155,54,5,35.6,16.81,18,2,False,저녁(18-23),혼잡,2.34
2017-04-05 18:35:00,156,105,44,7,32.6,16.19,18,2,False,저녁(18-23),혼잡,4.49
2017-04-05 18:40:00,190,158,32,0,30.5,30.06,18,2,False,저녁(18-23),혼잡,0.0
2017-04-05 18:45:00,204,157,33,14,27.9,36.77,18,2,False,저녁(18-23),혼잡,6.86
2017-04-05 18:50:00,172,139,24,9,27.0,36.77,18,2,False,저녁(18-23),혼잡,5.23
2017-04-05 18:55:00,190,135,39,16,23.3,48.33,18,2,False,저녁(18-23),혼잡,8.42
2017-04-05 19:00:00,152,109,33,10,34.8,13.41,19,2,False,저녁(18-23),혼잡,6.58
2017-04-05 19:05:00,114,80,27,7,39.9,11.31,19,2,False,저녁(18-23),혼잡,6.14
2017-04-05 19:10:00,167,137,26,4,38.8,14.23,19,2,False,저녁(18-23),혼잡,2.4
2017-04-05 19:15:00,148,116,25,7,40.1,16.91,19,2,False,저녁(18-23),혼잡,4.73
2017-04-05 19:20:00,140,114,22,4,37.2,10.52,19,2,False,저녁(18-23),혼잡,2.86
2017-04-05 19:25:00,115,89,24,2,40.1,7.37,19,2,False,저녁(18-23),혼잡,1.74
2017-04-05 19:30:00,197,161,27,9,34.2,14.2,19,2,False,저녁(18-23),혼잡,4.57
2017-04-05 19:35:00,133,112,15,6,41.2,9.42,19,2,False,저녁(18-23),혼잡,4.51
2017-04-05 19:40:00,110,88,19,3,42.7,6.39,19,2,False,저녁(18-23),혼잡,2.73
2017-04-05 19:45:00,124,101,21,2,43.2,7.4,19,2,False,저녁(18-23),혼잡,1.61
2017-04-05 19:50:00,106,76,24,6,43.4,8.98,19,2,False,저녁(18-23),혼잡,5.66
2017-04-05 19:55:00,89,74,15,0,46.1,5.02,19,2,False,저녁(18-23),원활,0.0
2017-04-05 20:00:00,106,81,21,4,41.4,6.59,20,2,False,저녁(18-23),혼잡,3.77
2017-04-05 20:05:00,98,87,11,0,44.5,5.99,20,2,False,저녁(18-23),혼잡,0.0
2017-04-05 20:10:00,95,70,18,7,44.5,5.91,20,2,False,저녁(18-23),혼잡,7.37
2017-04-05 20:15:00,115,94,16,5,42.7,6.71,20,2,False,저녁(18-23),혼잡,4.35
2017-04-05 20:20:00,96,88,8,0,45.1,5.27,20,2,False,저녁(18-23),원활,0.0
2017-04-05 20:25:00,102,84,15,3,42.9,13.4,20,2,False,저녁(18-23),혼잡,2.94
2017-04-05 20:30:00,99,83,11,5,45.2,5.29,20,2,False,저녁(18-23),원활,5.05
2017-04-05 20:35:00,121,98,19,4,45.6,7.06,20,2,False,저녁(18-23),혼잡,3.31
2017-04-05 20:40:00,93,73,18,2,42.7,5.02,20,2,False,저녁(18-23),원활,2.15
2017-04-05 20:45:00,78,63,14,1,42.5,4.64,20,2,False,저녁(18-23),원활,1.28
2017-04-05 20:50:00,93,76,11,6,45.5,5.08,20,2,False,저녁(18-23),원활,6.45
2017-04-05 20:55:00,108,91,14,3,44.9,7.14,20,2,False,저녁(18-23),혼잡,2.78
2017-04-05 21:00:00,67,55,9,3,46.1,3.32,21,2,False,저녁(18-23),원활,4.48
2017-04-05 21:05:00,79,68,9,2,42.7,4.72,21,2,False,저녁(18-23),원활,2.53
2017-04-05 21:10:00,92,77,12,3,42.8,6.1,21,2,False,저녁(18-23),혼잡,3.26
2017-04-05 21:15:00,118,99,19,0,45.0,8.49,21,2,False,저녁(18-23),혼잡,0.0
2017-04-05 21:20:00,111,95,12,4,44.7,5.83,21,2,False,저녁(18-23),혼잡,3.6
2017-04-05 21:25:00,123,104,17,2,45.4,6.95,21,2,False,저녁(18-23),혼잡,1.63
2017-04-05 21:30:00,112,93,18,1,42.9,19.3,21,2,False,저녁(18-23),혼잡,0.89
2017-04-05 21:35:00,97,86,10,1,46.7,5.44,21,2,False,저녁(18-23),원활,1.03
2017-04-05 21:40:00,101,82,16,3,40.0,5.67,21,2,False,저녁(18-23),혼잡,2.97
2017-04-05 21:45:00,88,80,5,3,43.5,5.03,21,2,False,저녁(18-23),원활,3.41
2017-04-05 21:50:00,59,46,11,2,44.2,3.15,21,2,False,저녁(18-23),원활,3.39
2017-04-05 21:55:00,99,80,17,2,44.0,6.55,21,2,False,저녁(18-23),혼잡,2.02
2017-04-05 22:00:00,82,71,8,3,44.4,4.72,22,2,False,저녁(18-23),원활,3.66
2017-04-05 22:05:00,98,74,19,5,42.5,5.97,22,2,False,저녁(18-23),혼잡,5.1
2017-04-05 22:10:00,88,74,12,2,47.9,4.76,22,2,False,저녁(18-23),원활,2.27
2017-04-05 22:15:00,107,91,16,0,43.5,6.53,22,2,False,저녁(18-23),혼잡,0.0
2017-04-05 22:20:00,76,62,9,5,44.3,4.7,22,2,False,저녁(18-23),원활,6.58
2017-04-05 22:25:00,68,58,9,1,48.2,3.4,22,2,False,저녁(18-23),원활,1.47
2017-04-05 22:30:00,67,50,14,3,46.9,3.73,22,2,False,저녁(18-23),원활,4.48
2017-04-05 22:35:00,119,104,12,3,45.0,5.71,22,2,False,저녁(18-23),혼잡,2.52
2017-04-05 22:40:00,106,92,13,1,40.0,7.31,22,2,False,저녁(18-23),혼잡,0.94
2017-04-05 22:45:00,59,52,7,0,48.7,2.65,22,2,False,저녁(18-23),원활,0.0
2017-04-05 22:50:00,71,60,10,1,45.2,4.48,22,2,False,저녁(18-23),원활,1.41
2017-04-05 22:55:00,83,66,10,7,45.8,5.04,22,2,False,저녁(18-23),원활,8.43
2017-04-05 23:00:00,75,67,5,3,40.4,4.36,23,2,False,저녁(18-23),원활,4.0
2017-04-05 23:05:00,100,92,5,3,39.7,6.55,23,2,False,저녁(18-23),혼잡,3.0
2017-04-05 23:10:00,166,151,9,6,39.8,9.24,23,2,False,저녁(18-23),혼잡,3.61
2017-04-05 23:15:00,79,69,7,3,41.4,6.76,23,2,False,저녁(18-23),혼잡,3.8
2017-04-05 23:20:00,52,47,2,3,44.3,3.55,23,2,False,저녁(18-23),원활,5.77
2017-04-05 23:25:00,71,57,11,3,43.1,5.99,23,2,False,저녁(18-23),혼잡,4.23
2017-04-05 23:30:00,156,146,7,3,35.7,8.16,23,2,False,저녁(18-23),혼잡,1.92
2017-04-05 23:35:00,57,47,9,1,53.4,3.14,23,2,False,저녁(18-23),원활,1.75
2017-04-05 23:40:00,52,46,3,3,55.5,2.76,23,2,False,저녁(18-23),원활,5.77
2017-04-05 23:45:00,40,34,3,3,50.9,4.76,23,2,False,저녁(18-23),원활,7.5
2017-04-05 23:50:00,32,27,3,2,49.4,4.43,23,2,False,저녁(18-23),원활,6.25
2017-04-05 23:55:00,48,39,6,3,45.7,3.0,23,2,False,저녁(18-23),원활,6.25
2017-04-06 00:00:00,55,50,4,1,48.8,3.9,0,3,False,새벽(0-5),원활,1.82
2017-04-06 00:05:00,173,164,6,3,46.0,10.22,0,3,False,새벽(0-5),혼잡,1.73
2017-04-06 00:10:00,118,105,8,5,41.7,7.64,0,3,False,새벽(0-5),혼잡,4.24
2017-04-06 00:15:00,94,85,4,5,44.5,4.63,0,3,False,새벽(0-5),원활,5.32
2017-04-06 00:20:00,115,104,10,1,42.4,14.49,0,3,False,새벽(0-5),혼잡,0.87
2017-04-06 00:25:00,52,43,6,3,50.4,2.93,0,3,False,새벽(0-5),원활,5.77
2017-04-06 00:30:00,35,28,6,1,46.3,3.09,0,3,False,새벽(0-5),원활,2.86
2017-04-06 00:35:00,60,54,5,1,40.3,3.07,0,3,False,새벽(0-5),원활,1.67
2017-04-06 00:40:00,28,18,8,2,53.1,2.05,0,3,False,새벽(0-5),원활,7.14
2017-04-06 00:45:00,30,28,2,0,52.9,1.52,0,3,False,새벽(0-5),원활,0.0
2017-04-06 00:50:00,27,22,3,2,51.8,1.72,0,3,False,새벽(0-5),원활,7.41
2017-04-06 00:55:00,19,17,2,0,58.6,1.02,0,3,False,새벽(0-5),원활,0.0
2017-04-06 01:00:00,25,20,4,1,46.7,1.19,1,3,False,새벽(0-5),원활,4.0
2017-04-06 01:05:00,8,6,2,0,55.4,0.4,1,3,False,새벽(0-5),원활,0.0
2017-04-06 01:10:00,40,31,8,1,48.1,1.95,1,3,False,새벽(0-5),원활,2.5
2017-04-06 01:15:00,20,16,4,0,56.1,0.92,1,3,False,새벽(0-5),원활,0.0
2017-04-06 01:20:00,14,14,0,0,50.4,0.69,1,3,False,새벽(0-5),원활,0.0
2017-04-06 01:25:00,26,24,1,1,50.0,1.76,1,3,False,새벽(0-5),원활,3.85
2017-04-06 01:30:00,17,12,5,0,59.4,0.9,1,3,False,새벽(0-5),원활,0.0
2017-04-06 01:35:00,11,5,5,1,68.1,0.69,1,3,False,새벽(0-5),원활,9.09
2017-04-06 01:40:00,15,11,4,0,50.3,0.83,1,3,False,새벽(0-5),원활,0.0
2017-04-06 01:45:00,17,16,1,0,52.1,0.71,1,3,False,새벽(0-5),원활,0.0
2017-04-06 01:50:00,58,53,4,1,48.0,3.26,1,3,False,새벽(0-5),원활,1.72
2017-04-06 01:55:00,134,129,3,2,42.2,9.98,1,3,False,새벽(0-5),혼잡,1.49
2017-04-06 02:00:00,179,172,5,2,46.9,7.86,2,3,False,새벽(0-5),혼잡,1.12
2017-04-06 02:05:00,9,6,1,2,49.4,5.48,2,3,False,새벽(0-5),원활,22.22
2017-04-06 02:10:00,17,12,5,0,52.9,1.19,2,3,False,새벽(0-5),원활,0.0
2017-04-06 02:15:00,15,15,0,0,46.3,0.68,2,3,False,새벽(0-5),원활,0.0
2017-04-06 02:20:00,16,15,1,0,45.9,0.94,2,3,False,새벽(0-5),원활,0.0
2017-04-06 02:25:00,13,9,3,1,49.0,2.48,2,3,False,새벽(0-5),원활,7.69
2017-04-06 02:30:00,10,8,2,0,47.8,0.57,2,3,False,새벽(0-5),원활,0.0
2017-04-06 02:35:00,121,118,2,1,38.4,5.77,2,3,False,새벽(0-5),혼잡,0.83
2017-04-06 02:40:00,186,181,3,2,42.9,8.54,2,3,False,새벽(0-5),혼잡,1.08
2017-04-06 02:45:00,21,13,7,1,47.7,4.05,2,3,False,새벽(0-5),원활,4.76
2017-04-06 02:50:00,14,8,5,1,59.6,0.62,2,3,False,새벽(0-5),원활,7.14
2017-04-06 02:55:00,15,12,2,1,51.7,1.3,2,3,False,새벽(0-5),원활,6.67
2017-04-06 03:00:00,17,16,1,0,49.9,1.13,3,3,False,새벽(0-5),원활,0.0
2017-04-06 03:05:00,11,8,3,0,61.1,0.54,3,3,False,새벽(0-5),원활,0.0
2017-04-06 03:10:00,20,13,7,0,58.6,0.76,3,3,False,새벽(0-5),원활,0.0
2017-04-06 03:15:00,15,11,4,0,58.8,0.95,3,3,False,새벽(0-5),원활,0.0
2017-04-06 03:20:00,14,8,6,0,54.9,0.87,3,3,False,새벽(0-5),원활,0.0
2017-04-06 03:25:00,28,26,2,0,54.4,1.03,3,3,False,새벽(0-5),원활,0.0
2017-04-06 03:30:00,14,12,1,1,48.6,0.9,3,3,False,새벽(0-5),원활,7.14
2017-04-06 03:35:00,30,27,3,0,43.9,2.45,3,3,False,새벽(0-5),원활,0.0
2017-04-06 03:40:00,8,5,3,0,55.3,0.42,3,3,False,새벽(0-5),원활,0.0
2017-04-06 03:45:00,20,17,3,0,49.1,4.23,3,3,False,새벽(0-5),원활,0.0
2017-04-06 03:50:00,16,11,4,1,49.5,1.04,3,3,False,새벽(0-5),원활,6.25
2017-04-06 03:55:00,10,7,3,0,39.6,0.76,3,3,False,새벽(0-5),원활,0.0
2017-04-06 04:00:00,99,93,5,1,45.4,5.43,4,3,False,새벽(0-5),원활,1.01
2017-04-06 04:05:00,63,59,3,1,43.9,2.81,4,3,False,새벽(0-5),원활,1.59
2017-04-06 04:10:00,8,5,2,1,47.5,0.5,4,3,False,새벽(0-5),원활,12.5
2017-04-06 04:15:00,13,10,3,0,53.9,0.55,4,3,False,새벽(0-5),원활,0.0
2017-04-06 04:20:00,16,14,2,0,47.1,3.75,4,3,False,새벽(0-5),원활,0.0
2017-04-06 04:25:00,15,8,7,0,57.7,0.67,4,3,False,새벽(0-5),원활,0.0
2017-04-06 04:30:00,11,8,3,0,63.2,0.51,4,3,False,새벽(0-5),원활,0.0
2017-04-06 04:35:00,29,19,9,1,57.1,1.36,4,3,False,새벽(0-5),원활,3.45
2017-04-06 04:40:00,19,13,5,1,53.2,1.01,4,3,False,새벽(0-5),원활,5.26
2017-04-06 04:45:00,19,10,8,1,59.6,1.03,4,3,False,새벽(0-5),원활,5.26
2017-04-06 04:50:00,74,73,1,0,42.9,3.23,4,3,False,새벽(0-5),원활,0.0
2017-04-06 04:55:00,76,69,4,3,38.9,11.5,4,3,False,새벽(0-5),혼잡,3.95
2017-04-06 05:00:00,56,50,6,0,40.1,3.25,5,3,False,새벽(0-5),원활,0.0
2017-04-06 05:05:00,20,12,8,0,45.4,3.68,5,3,False,새벽(0-5),원활,0.0
2017-04-06 05:10:00,28,19,6,3,57.2,1.57,5,3,False,새벽(0-5),원활,10.71
2017-04-06 05:15:00,146,133,10,3,46.7,9.36,5,3,False,새벽(0-5),혼잡,2.05
2017-04-06 05:20:00,61,47,7,7,44.2,5.9,5,3,False,새벽(0-5),혼잡,11.48
2017-04-06 05:25:00,50,39,8,3,47.3,10.62,5,3,False,새벽(0-5),혼잡,6.0
2017-04-06 05:30:00,75,62,9,4,51.8,3.9,5,3,False,새벽(0-5),원활,5.33
2017-04-06 05:35:00,56,47,6,3,40.7,5.77,5,3,False,새벽(0-5),혼잡,5.36
2017-04-06 05:40:00,33,27,6,0,45.5,4.24,5,3,False,새벽(0-5),원활,0.0
2017-04-06 05:45:00,39,31,7,1,50.4,1.91,5,3,False,새벽(0-5),원활,2.56
2017-04-06 05:50:00,49,40,7,2,52.4,2.41,5,3,False,새벽(0-5),원활,4.08
2017-04-06 05:55:00,61,46,12,3,53.0,19.84,5,3,False,새벽(0-5),혼잡,4.92
2017-04-06 06:00:00,71,46,21,4,45.8,4.58,6,3,False,오전(6-11),원활,5.63
2017-04-06 06:05:00,54,38,13,3,48.2,2.76,6,3,False,오전(6-11),원활,5.56
2017-04-06 06:10:00,75,56,19,0,47.5,4.63,6,3,False,오전(6-11),원활,0.0
2017-04-06 06:15:00,77,55,20,2,47.9,3.67,6,3,False,오전(6-11),원활,2.6
2017-04-06 06:20:00,53,37,16,0,56.5,2.23,6,3,False,오전(6-11),원활,0.0
2017-04-06 06:25:00,105,78,27,0,50.9,4.32,6,3,False,오전(6-11),원활,0.0
2017-04-06 06:30:00,78,53,25,0,57.3,3.33,6,3,False,오전(6-11),원활,0.0
2017-04-06 06:35:00,114,73,39,2,51.6,4.87,6,3,False,오전(6-11),원활,1.75
2017-04-06 06:40:00,118,88,29,1,55.4,4.57,6,3,False,오전(6-11),원활,0.85
2017-04-06 06:45:00,107,73,31,3,55.0,4.45,6,3,False,오전(6-11),원활,2.8
2017-04-06 06:50:00,112,82,30,0,49.4,4.92,6,3,False,오전(6-11),원활,0.0
2017-04-06 06:55:00,119,85,34,0,45.9,5.57,6,3,False,오전(6-11),혼잡,0.0
2017-04-06 07:00:00,107,80,27,0,48.9,5.05,7,3,False,오전(6-11),원활,0.0
2017-04-06 07:05:00,154,118,34,2,47.6,6.72,7,3,False,오전(6-11),혼잡,1.3
2017-04-06 07:10:00,174,136,37,1,47.9,7.55,7,3,False,오전(6-11),혼잡,0.57
2017-04-06 07:15:00,211,163,47,1,48.0,9.31,7,3,False,오전(6-11),혼잡,0.47
2017-04-06 07:20:00,191,152,36,3,38.2,12.47,7,3,False,오전(6-11),혼잡,1.57
2017-04-06 07:25:00,194,154,38,2,35.8,17.12,7,3,False,오전(6-11),혼잡,1.03
2017-04-06 07:30:00,237,188,49,0,37.2,15.05,7,3,False,오전(6-11),혼잡,0.0
2017-04-06 07:35:00,253,195,51,7,35.8,19.34,7,3,False,오전(6-11),혼잡,2.77
2017-04-06 07:40:00,170,130,37,3,34.6,21.47,7,3,False,오전(6-11),혼잡,1.76
2017-04-06 07:45:00,216,170,42,4,33.2,23.34,7,3,False,오전(6-11),혼잡,1.85
2017-04-06 07:50:00,213,173,35,5,28.3,33.04,7,3,False,오전(6-11),혼잡,2.35
2017-04-06 07:55:00,267,199,65,3,35.8,18.4,7,3,False,오전(6-11),혼잡,1.12
2017-04-06 08:00:00,258,212,44,2,35.8,20.2,8,3,False,오전(6-11),혼잡,0.78
2017-04-06 08:05:00,236,192,41,3,37.1,15.51,8,3,False,오전(6-11),혼잡,1.27
2017-04-06 08:10:00,252,206,43,3,34.9,16.18,8,3,False,오전(6-11),혼잡,1.19
2017-04-06 08:15:00,272,235,33,4,36.2,15.98,8,3,False,오전(6-11),혼잡,1.47
2017-04-06 08:20:00,258,214,40,4,35.7,15.74,8,3,False,오전(6-11),혼잡,1.55
2017-04-06 08:25:00,242,197,43,2,35.3,26.08,8,3,False,오전(6-11),혼잡,0.83
2017-04-06 08:30:00,205,164,36,5,33.0,22.64,8,3,False,오전(6-11),혼잡,2.44
2017-04-06 08:35:00,252,213,35,4,32.6,17.6,8,3,False,오전(6-11),혼잡,1.59
2017-04-06 08:40:00,256,206,50,0,31.4,19.41,8,3,False,오전(6-11),혼잡,0.0
2017-04-06 08:45:00,166,134,31,1,41.0,8.37,8,3,False,오전(6-11),혼잡,0.6
2017-04-06 08:50:00,175,148,27,0,43.9,7.82,8,3,False,오전(6-11),혼잡,0.0
2017-04-06 08:55:00,179,156,19,4,49.9,8.09,8,3,False,오전(6-11),혼잡,2.23
2017-04-06 09:00:00,184,158,25,1,45.3,8.98,9,3,False,오전(6-11),혼잡,0.54
2017-04-06 09:05:00,156,115,36,5,47.9,7.64,9,3,False,오전(6-11),혼잡,3.21
2017-04-06 09:10:00,135,105,26,4,50.6,5.54,9,3,False,오전(6-11),원활,2.96
2017-04-06 09:15:00,183,146,35,2,46.7,10.94,9,3,False,오전(6-11),혼잡,1.09
2017-04-06 09:20:00,184,140,40,4,45.0,9.48,9,3,False,오전(6-11),혼잡,2.17
2017-04-06 09:25:00,178,145,31,2,49.8,7.51,9,3,False,오전(6-11),혼잡,1.12
2017-04-06 09:30:00,156,136,17,3,46.7,9.07,9,3,False,오전(6-11),혼잡,1.92
2017-04-06 09:35:00,167,132,33,2,52.7,7.0,9,3,False,오전(6-11),혼잡,1.2
2017-04-06 09:40:00,138,111,25,2,46.6,6.31,9,3,False,오전(6-11),혼잡,1.45
2017-04-06 09:45:00,193,156,35,2,41.5,9.69,9,3,False,오전(6-11),혼잡,1.04
2017-04-06 09:50:00,174,140,33,1,48.4,7.91,9,3,False,오전(6-11),혼잡,0.57
2017-04-06 09:55:00,187,145,41,1,48.2,8.42,9,3,False,오전(6-11),혼잡,0.53
2017-04-06 10:00:00,143,119,24,0,48.2,6.59,10,3,False,오전(6-11),혼잡,0.0
2017-04-06 10:05:00,166,126,35,5,47.5,8.4,10,3,False,오전(6-11),혼잡,3.01
2017-04-06 10:10:00,129,104,21,4,45.2,5.85,10,3,False,오전(6-11),혼잡,3.1
2017-04-06 10:15:00,141,100,40,1,48.3,6.49,10,3,False,오전(6-11),혼잡,0.71
2017-04-06 10:20:00,108,81,27,0,53.7,4.49,10,3,False,오전(6-11),원활,0.0
2017-04-06 10:25:00,145,113,31,1,47.6,6.57,10,3,False,오전(6-11),혼잡,0.69
2017-04-06 10:30:00,131,104,26,1,50.6,5.5,10,3,False,오전(6-11),원활,0.76
2017-04-06 10:35:00,140,113,27,0,51.6,5.65,10,3,False,오전(6-11),혼잡,0.0
2017-04-06 10:40:00,128,101,26,1,51.9,5.96,10,3,False,오전(6-11),혼잡,0.78
2017-04-06 10:45:00,143,113,29,1,47.3,7.59,10,3,False,오전(6-11),혼잡,0.7
2017-04-06 10:50:00,139,112,24,3,43.3,7.09,10,3,False,오전(6-11),혼잡,2.16
2017-04-06 10:55:00,132,101,30,1,52.4,5.69,10,3,False,오전(6-11),혼잡,0.76
2017-04-06 11:00:00,102,90,10,2,55.6,4.05,11,3,False,오전(6-11),원활,1.96
2017-04-06 11:05:00,125,98,27,0,50.9,5.48,11,3,False,오전(6-11),원활,0.0
2017-04-06 11:10:00,124,105,18,1,53.8,5.06,11,3,False,오전(6-11),원활,0.81
2017-04-06 11:15:00,132,107,25,0,52.5,5.59,11,3,False,오전(6-11),혼잡,0.0
2017-04-06 11:20:00,128,104,23,1,54.6,5.31,11,3,False,오전(6-11),원활,0.78
2017-04-06 11:25:00,135,99,35,1,51.9,5.87,11,3,False,오전(6-11),혼잡,0.74
2017-04-06 11:30:00,117,94,23,0,47.6,5.02,11,3,False,오전(6-11),원활,0.0
2017-04-06 11:35:00,134,111,23,0,51.1,6.23,11,3,False,오전(6-11),혼잡,0.0
2017-04-06 11:40:00,139,107,31,1,49.8,5.87,11,3,False,오전(6-11),혼잡,0.72
2017-04-06 11:45:00,170,130,36,4,43.9,8.08,11,3,False,오전(6-11),혼잡,2.35
2017-04-06 11:50:00,165,124,40,1,45.2,8.69,11,3,False,오전(6-11),혼잡,0.61
2017-04-06 11:55:00,157,126,28,3,46.8,8.56,11,3,False,오전(6-11),혼잡,1.91
2017-04-06 12:00:00,182,142,38,2,46.0,8.15,12,3,False,오후(12-17),혼잡,1.1
2017-04-06 12:05:00,180,136,41,3,42.1,9.87,12,3,False,오후(12-17),혼잡,1.67
2017-04-06 12:10:00,156,123,31,2,44.7,7.23,12,3,False,오후(12-17),혼잡,1.28
2017-04-06 12:15:00,132,93,36,3,47.4,5.99,12,3,False,오후(12-17),혼잡,2.27
2017-04-06 12:20:00,100,83,16,1,45.8,4.77,12,3,False,오후(12-17),원활,1.0
2017-04-06 12:25:00,116,84,30,2,47.7,4.89,12,3,False,오후(12-17),원활,1.72
2017-04-06 12:30:00,114,92,21,1,49.9,4.71,12,3,False,오후(12-17),원활,0.88
2017-04-06 12:35:00,163,123,38,2,48.5,7.08,12,3,False,오후(12-17),혼잡,1.23
2017-04-06 12:40:00,152,127,25,0,49.7,6.65,12,3,False,오후(12-17),혼잡,0.0
2017-04-06 12:45:00,156,111,45,0,49.1,6.79,12,3,False,오후(12-17),혼잡,0.0
2017-04-06 12:50:00,133,103,29,1,43.6,6.09,12,3,False,오후(12-17),혼잡,0.75
2017-04-06 12:55:00,145,110,32,3,47.5,6.09,12,3,False,오후(12-17),혼잡,2.07
2017-04-06 13:00:00,137,105,31,1,46.4,6.46,13,3,False,오후(12-17),혼잡,0.73
2017-04-06 13:05:00,140,105,34,1,50.2,5.88,13,3,False,오후(12-17),혼잡,0.71
2017-04-06 13:10:00,140,106,31,3,49.3,6.09,13,3,False,오후(12-17),혼잡,2.14
2017-04-06 13:15:00,168,128,37,3,47.3,7.54,13,3,False,오후(12-17),혼잡,1.79
2017-04-06 13:20:00,165,126,38,1,52.1,6.46,13,3,False,오후(12-17),혼잡,0.61
2017-04-06 13:25:00,159,120,39,0,49.3,6.31,13,3,False,오후(12-17),혼잡,0.0
2017-04-06 13:30:00,127,91,35,1,47.4,5.08,13,3,False,오후(12-17),원활,0.79
2017-04-06 13:35:00,146,124,21,1,48.3,6.09,13,3,False,오후(12-17),혼잡,0.68
2017-04-06 13:40:00,125,96,28,1,50.2,5.43,13,3,False,오후(12-17),원활,0.8
2017-04-06 13:45:00,125,93,30,2,49.7,4.86,13,3,False,오후(12-17),원활,1.6
2017-04-06 13:50:00,156,121,33,2,51.0,6.44,13,3,False,오후(12-17),혼잡,1.28
2017-04-06 13:55:00,158,120,37,1,47.7,6.9,13,3,False,오후(12-17),혼잡,0.63
2017-04-06 14:00:00,158,115,42,1,48.2,6.89,14,3,False,오후(12-17),혼잡,0.63
2017-04-06 14:05:00,155,112,42,1,49.8,6.18,14,3,False,오후(12-17),혼잡,0.65
2017-04-06 14:10:00,157,110,47,0,45.6,7.37,14,3,False,오후(12-17),혼잡,0.0
2017-04-06 14:15:00,159,105,52,2,44.5,7.76,14,3,False,오후(12-17),혼잡,1.26
2017-04-06 14:20:00,131,97,33,1,50.8,5.49,14,3,False,오후(12-17),원활,0.76
2017-04-06 14:25:00,141,100,40,1,46.3,6.75,14,3,False,오후(12-17),혼잡,0.71
2017-04-06 14:30:00,159,102,56,1,45.8,7.33,14,3,False,오후(12-17),혼잡,0.63
2017-04-06 14:35:00,195,144,47,4,43.3,9.86,14,3,False,오후(12-17),혼잡,2.05
2017-04-06 14:40:00,154,113,36,5,41.9,9.21,14,3,False,오후(12-17),혼잡,3.25
2017-04-06 14:45:00,170,119,49,2,45.2,7.79,14,3,False,오후(12-17),혼잡,1.18
2017-04-06 14:50:00,135,97,37,1,47.0,5.83,14,3,False,오후(12-17),혼잡,0.74
2017-04-06 14:55:00,146,101,45,0,47.2,6.48,14,3,False,오후(12-17),혼잡,0.0
2017-04-06 15:00:00,135,91,43,1,49.2,5.67,15,3,False,오후(12-17),혼잡,0.74
2017-04-06 15:05:00,134,95,39,0,46.1,5.84,15,3,False,오후(12-17),혼잡,0.0
2017-04-06 15:10:00,138,104,34,0,51.2,5.67,15,3,False,오후(12-17),혼잡,0.0
2017-04-06 15:15:00,151,113,38,0,47.7,6.46,15,3,False,오후(12-17),혼잡,0.0
2017-04-06 15:20:00,137,94,42,1,44.7,5.83,15,3,False,오후(12-17),혼잡,0.73
2017-04-06 15:25:00,148,113,35,0,48.6,5.76,15,3,False,오후(12-17),혼잡,0.0
2017-04-06 15:30:00,153,106,46,1,45.4,6.84,15,3,False,오후(12-17),혼잡,0.65
2017-04-06 15:35:00,166,127,37,2,46.8,6.96,15,3,False,오후(12-17),혼잡,1.2
2017-04-06 15:40:00,129,93,36,0,50.1,5.26,15,3,False,오후(12-17),원활,0.0
2017-04-06 15:45:00,141,103,36,2,48.8,6.0,15,3,False,오후(12-17),혼잡,1.42
2017-04-06 15:50:00,159,107,50,2,48.8,6.58,15,3,False,오후(12-17),혼잡,1.26
2017-04-06 15:55:00,152,113,38,1,47.0,6.71,15,3,False,오후(12-17),혼잡,0.66
2017-04-06 16:00:00,157,121,34,2,52.2,6.16,16,3,False,오후(12-17),혼잡,1.27
2017-04-06 16:05:00,175,134,41,0,47.6,7.37,16,3,False,오후(12-17),혼잡,0.0
2017-04-06 16:10:00,157,123,34,0,44.7,7.11,16,3,False,오후(12-17),혼잡,0.0
2017-04-06 16:15:00,172,118,53,1,45.8,8.0,16,3,False,오후(12-17),혼잡,0.58
2017-04-06 16:20:00,50,37,12,1,54.3,4.23,16,3,False,오후(12-17),원활,2.0
2017-04-06 16:25:00,128,105,21,2,47.5,5.46,16,3,False,오후(12-17),원활,1.56
2017-04-06 16:30:00,151,118,32,1,50.0,6.07,16,3,False,오후(12-17),혼잡,0.66
2017-04-06 16:35:00,166,123,40,3,47.8,7.2,16,3,False,오후(12-17),혼잡,1.81
2017-04-06 16:40:00,157,121,34,2,47.7,7.04,16,3,False,오후(12-17),혼잡,1.27
2017-04-06 16:45:00,182,138,43,1,45.9,8.07,16,3,False,오후(12-17),혼잡,0.55
2017-04-06 16:50:00,150,115,35,0,45.8,6.6,16,3,False,오후(12-17),혼잡,0.0
2017-04-06 16:55:00,144,112,32,0,45.5,6.7,16,3,False,오후(12-17),혼잡,0.0
2017-04-06 17:00:00,115,91,22,2,48.9,4.72,17,3,False,오후(12-17),원활,1.74
2017-04-06 17:05:00,182,132,46,4,48.6,7.78,17,3,False,오후(12-17),혼잡,2.2
2017-04-06 17:10:00,139,111,27,1,45.9,5.71,17,3,False,오후(12-17),혼잡,0.72
2017-04-06 17:15:00,126,100,26,0,49.8,5.33,17,3,False,오후(12-17),원활,0.0
2017-04-06 17:20:00,177,129,46,2,46.9,7.26,17,3,False,오후(12-17),혼잡,1.13
2017-04-06 17:25:00,159,131,25,3,48.6,6.96,17,3,False,오후(12-17),혼잡,1.89
2017-04-06 17:30:00,146,124,22,0,48.8,5.8,17,3,False,오후(12-17),혼잡,0.0
2017-04-06 17:35:00,144,101,41,2,45.7,6.88,17,3,False,오후(12-17),혼잡,1.39
2017-04-06 17:40:00,175,137,34,4,46.8,7.44,17,3,False,오후(12-17),혼잡,2.29
2017-04-06 17:45:00,163,122,39,2,48.4,6.97,17,3,False,오후(12-17),혼잡,1.23
2017-04-06 17:50:00,181,131,44,6,42.7,8.2,17,3,False,오후(12-17),혼잡,3.31
2017-04-06 17:55:00,141,107,32,2,46.6,5.64,17,3,False,오후(12-17),혼잡,1.42
2017-04-06 18:00:00,157,120,35,2,48.1,6.48,18,3,False,저녁(18-23),혼잡,1.27
2017-04-06 18:05:00,223,165,57,1,43.4,9.86,18,3,False,저녁(18-23),혼잡,0.45
2017-04-06 18:10:00,217,168,47,2,34.5,12.21,18,3,False,저녁(18-23),혼잡,0.92
2017-04-06 18:15:00,196,145,48,3,32.6,18.49,18,3,False,저녁(18-23),혼잡,1.53
2017-04-06 18:20:00,189,147,41,1,37.2,9.43,18,3,False,저녁(18-23),혼잡,0.53
2017-04-06 18:25:00,223,166,55,2,43.0,11.06,18,3,False,저녁(18-23),혼잡,0.9
2017-04-06 18:30:00,205,156,49,0,44.2,8.94,18,3,False,저녁(18-23),혼잡,0.0
2017-04-06 18:35:00,150,118,30,2,40.3,6.97,18,3,False,저녁(18-23),혼잡,1.33
2017-04-06 18:40:00,145,113,31,1,44.2,6.65,18,3,False,저녁(18-23),혼잡,0.69
2017-04-06 18:45:00,196,148,45,3,41.4,9.67,18,3,False,저녁(18-23),혼잡,1.53
2017-04-06 18:50:00,167,121,44,2,42.9,7.19,18,3,False,저녁(18-23),혼잡,1.2
2017-04-06 18:55:00,160,122,35,3,40.6,7.79,18,3,False,저녁(18-23),혼잡,1.88
2017-04-06 19:00:00,116,87,26,3,42.5,13.14,19,3,False,저녁(18-23),혼잡,2.59
2017-04-06 19:05:00,128,105,18,5,44.6,15.08,19,3,False,저녁(18-23),혼잡,3.91
2017-04-06 19:10:00,191,160,30,1,41.6,9.22,19,3,False,저녁(18-23),혼잡,0.52
2017-04-06 19:15:00,157,133,23,1,43.3,7.33,19,3,False,저녁(18-23),혼잡,0.64
2017-04-06 19:20:00,136,109,25,2,42.9,7.28,19,3,False,저녁(18-23),혼잡,1.47
2017-04-06 19:25:00,114,99,13,2,45.7,5.23,19,3,False,저녁(18-23),원활,1.75
2017-04-06 19:30:00,160,128,31,1,44.7,8.62,19,3,False,저녁(18-23),혼잡,0.62
2017-04-06 19:35:00,124,102,21,1,45.4,6.31,19,3,False,저녁(18-23),혼잡,0.81
2017-04-06 19:40:00,122,98,23,1,44.3,6.38,19,3,False,저녁(18-23),혼잡,0.82
2017-04-06 19:45:00,130,113,15,2,41.7,8.73,19,3,False,저녁(18-23),혼잡,1.54
2017-04-06 19:50:00,111,92,19,0,45.0,5.5,19,3,False,저녁(18-23),원활,0.0
2017-04-06 19:55:00,112,92,19,1,47.8,4.96,19,3,False,저녁(18-23),원활,0.89
2017-04-06 20:00:00,116,95,21,0,44.8,5.61,20,3,False,저녁(18-23),혼잡,0.0
2017-04-06 20:05:00,100,81,19,0,47.5,4.83,20,3,False,저녁(18-23),원활,0.0
2017-04-06 20:10:00,133,112,20,1,44.9,6.54,20,3,False,저녁(18-23),혼잡,0.75
2017-04-06 20:15:00,134,109,24,1,41.3,6.99,20,3,False,저녁(18-23),혼잡,0.75
2017-04-06 20:20:00,120,104,14,2,42.1,5.76,20,3,False,저녁(18-23),혼잡,1.67
2017-04-06 20:25:00,107,83,24,0,44.3,5.12,20,3,False,저녁(18-23),원활,0.0
2017-04-06 20:30:00,132,113,19,0,48.2,5.94,20,3,False,저녁(18-23),혼잡,0.0
2017-04-06 20:35:00,150,129,21,0,47.6,6.96,20,3,False,저녁(18-23),혼잡,0.0
2017-04-06 20:40:00,100,88,12,0,47.0,5.02,20,3,False,저녁(18-23),원활,0.0
2017-04-06 20:45:00,103,86,16,1,47.9,7.08,20,3,False,저녁(18-23),혼잡,0.97
2017-04-06 20:50:00,115,92,21,2,46.7,5.76,20,3,False,저녁(18-23),혼잡,1.74
2017-04-06 20:55:00,113,96,17,0,46.3,5.12,20,3,False,저녁(18-23),원활,0.0
2017-04-06 21:00:00,111,94,16,1,46.9,5.49,21,3,False,저녁(18-23),원활,0.9
2017-04-06 21:05:00,105,89,15,1,45.6,4.84,21,3,False,저녁(18-23),원활,0.95
2017-04-06 21:10:00,133,112,20,1,41.2,6.12,21,3,False,저녁(18-23),혼잡,0.75
2017-04-06 21:15:00,95,78,17,0,45.2,4.83,21,3,False,저녁(18-23),원활,0.0
2017-04-06 21:20:00,112,89,22,1,44.8,5.28,21,3,False,저녁(18-23),원활,0.89
2017-04-06 21:25:00,107,82,24,1,46.9,4.98,21,3,False,저녁(18-23),원활,0.93
2017-04-06 21:30:00,114,101,13,0,46.4,5.51,21,3,False,저녁(18-23),원활,0.0
2017-04-06 21:35:00,94,80,14,0,48.5,4.07,21,3,False,저녁(18-23),원활,0.0
2017-04-06 21:40:00,120,105,15,0,44.7,5.79,21,3,False,저녁(18-23),혼잡,0.0
2017-04-06 21:45:00,113,97,16,0,46.3,5.18,21,3,False,저녁(18-23),원활,0.0
2017-04-06 21:50:00,101,90,10,1,44.6,4.43,21,3,False,저녁(18-23),원활,0.99
2017-04-06 21:55:00,121,106,14,1,45.5,5.6,21,3,False,저녁(18-23),혼잡,0.83
2017-04-06 22:00:00,109,93,16,0,44.7,5.49,22,3,False,저녁(18-23),원활,0.0
2017-04-06 22:05:00,96,78,15,3,55.3,3.9,22,3,False,저녁(18-23),원활,3.12
2017-04-06 22:10:00,127,111,14,2,44.4,6.84,22,3,False,저녁(18-23),혼잡,1.57
2017-04-06 22:15:00,118,98,19,1,50.4,5.23,22,3,False,저녁(18-23),원활,0.85
2017-04-06 22:20:00,81,65,14,2,51.0,3.67,22,3,False,저녁(18-23),원활,2.47
2017-04-06 22:25:00,81,67,14,0,46.2,4.97,22,3,False,저녁(18-23),원활,0.0
2017-04-06 22:30:00,88,69,15,4,47.9,4.05,22,3,False,저녁(18-23),원활,4.55
2017-04-06 22:35:00,101,87,14,0,47.4,7.75,22,3,False,저녁(18-23),혼잡,0.0
2017-04-06 22:40:00,74,62,12,0,48.8,4.37,22,3,False,저녁(18-23),원활,0.0
2017-04-06 22:45:00,72,63,9,0,49.2,3.14,22,3,False,저녁(18-23),원활,0.0
2017-04-06 22:50:00,88,75,13,0,51.0,3.91,22,3,False,저녁(18-23),원활,0.0
2017-04-06 22:55:00,70,54,16,0,48.7,3.88,22,3,False,저녁(18-23),원활,0.0
2017-04-06 23:00:00,55,49,5,1,54.3,2.36,23,3,False,저녁(18-23),원활,1.82
2017-04-06 23:05:00,61,50,11,0,54.0,2.77,23,3,False,저녁(18-23),원활,0.0
2017-04-06 23:10:00,68,53,14,1,50.1,3.0,23,3,False,저녁(18-23),원활,1.47
2017-04-06 23:15:00,55,39,16,0,53.5,2.41,23,3,False,저녁(18-23),원활,0.0
2017-04-06 23:20:00,73,61,12,0,52.6,3.01,23,3,False,저녁(18-23),원활,0.0
2017-04-06 23:25:00,51,42,9,0,54.6,2.21,23,3,False,저녁(18-23),원활,0.0
2017-04-06 23:30:00,42,36,6,0,56.7,2.23,23,3,False,저녁(18-23),원활,0.0
2017-04-06 23:35:00,54,42,12,0,59.5,2.22,23,3,False,저녁(18-23),원활,0.0
2017-04-06 23:40:00,43,27,16,0,54.2,1.8,23,3,False,저녁(18-23),원활,0.0
2017-04-06 23:45:00,48,37,11,0,52.5,1.97,23,3,False,저녁(18-23),원활,0.0
2017-04-06 23:50:00,41,33,8,0,62.8,1.62,23,3,False,저녁(18-23),원활,0.0
2017-04-06 23:55:00,40,27,12,1,59.6,1.6,23,3,False,저녁(18-23),원활,2.5
2017-04-07 00:00:00,38,32,6,0,60.5,1.5,0,4,False,새벽(0-5),원활,0.0
2017-04-07 00:05:00,39,27,12,0,60.0,1.5,0,4,False,새벽(0-5),원활,0.0
2017-04-07 00:10:00,38,28,10,0,55.4,1.58,0,4,False,새벽(0-5),원활,0.0
2017-04-07 00:15:00,52,39,13,0,56.2,2.19,0,4,False,새벽(0-5),원활,0.0
2017-04-07 00:20:00,34,24,10,0,57.0,1.35,0,4,False,새벽(0-5),원활,0.0
2017-04-07 00:25:00,28,22,6,0,64.6,1.04,0,4,False,새벽(0-5),원활,0.0
2017-04-07 00:30:00,45,38,7,0,58.9,1.72,0,4,False,새벽(0-5),원활,0.0
2017-04-07 00:35:00,36,25,10,1,59.0,1.46,0,4,False,새벽(0-5),원활,2.78
2017-04-07 00:40:00,26,21,5,0,56.2,0.95,0,4,False,새벽(0-5),원활,0.0
2017-04-07 00:45:00,26,22,3,1,57.5,1.09,0,4,False,새벽(0-5),원활,3.85
2017-04-07 00:50:00,24,17,7,0,58.3,0.99,0,4,False,새벽(0-5),원활,0.0
2017-04-07 00:55:00,25,19,6,0,64.7,0.88,0,4,False,새벽(0-5),원활,0.0
2017-04-07 01:00:00,29,23,6,0,57.9,1.37,1,4,False,새벽(0-5),원활,0.0
2017-04-07 01:05:00,17,14,3,0,60.6,0.68,1,4,False,새벽(0-5),원활,0.0
2017-04-07 01:10:00,17,13,4,0,72.1,0.75,1,4,False,새벽(0-5),원활,0.0
2017-04-07 01:15:00,29,18,11,0,55.2,1.21,1,4,False,새벽(0-5),원활,0.0
2017-04-07 01:20:00,21,13,8,0,56.7,0.87,1,4,False,새벽(0-5),원활,0.0
2017-04-07 01:25:00,14,12,2,0,61.6,0.61,1,4,False,새벽(0-5),원활,0.0
2017-04-07 01:30:00,17,12,4,1,56.0,0.73,1,4,False,새벽(0-5),원활,5.88
2017-04-07 01:35:00,19,12,7,0,59.0,0.76,1,4,False,새벽(0-5),원활,0.0
2017-04-07 01:40:00,26,16,10,0,57.2,1.1,1,4,False,새벽(0-5),원활,0.0
2017-04-07 01:45:00,16,15,1,0,60.5,0.62,1,4,False,새벽(0-5),원활,0.0
2017-04-07 01:50:00,17,13,4,0,56.6,0.67,1,4,False,새벽(0-5),원활,0.0
2017-04-07 01:55:00,10,8,2,0,56.0,0.42,1,4,False,새벽(0-5),원활,0.0
2017-04-07 02:00:00,17,14,3,0,59.8,0.66,2,4,False,새벽(0-5),원활,0.0
2017-04-07 02:05:00,15,12,3,0,71.8,1.19,2,4,False,새벽(0-5),원활,0.0
2017-04-07 02:10:00,18,9,9,0,68.7,9.04,2,4,False,새벽(0-5),혼잡,0.0
2017-04-07 02:15:00,15,9,5,1,53.5,0.58,2,4,False,새벽(0-5),원활,6.67
2017-04-07 02:20:00,14,11,3,0,53.1,0.51,2,4,False,새벽(0-5),원활,0.0
2017-04-07 02:25:00,17,15,2,0,53.0,0.74,2,4,False,새벽(0-5),원활,0.0
2017-04-07 02:30:00,11,8,3,0,65.0,0.41,2,4,False,새벽(0-5),원활,0.0
2017-04-07 02:35:00,14,11,3,0,65.5,0.6,2,4,False,새벽(0-5),원활,0.0
2017-04-07 02:40:00,22,12,10,0,64.2,0.82,2,4,False,새벽(0-5),원활,0.0
2017-04-07 02:45:00,13,6,7,0,56.5,0.57,2,4,False,새벽(0-5),원활,0.0
2017-04-07 02:50:00,15,14,1,0,53.7,0.6,2,4,False,새벽(0-5),원활,0.0
2017-04-07 02:55:00,19,14,5,0,62.5,1.05,2,4,False,새벽(0-5),원활,0.0
2017-04-07 03:00:00,19,16,3,0,58.4,0.79,3,4,False,새벽(0-5),원활,0.0
2017-04-07 03:05:00,9,7,2,0,55.5,0.37,3,4,False,새벽(0-5),원활,0.0
2017-04-07 03:10:00,13,10,3,0,60.5,0.51,3,4,False,새벽(0-5),원활,0.0
2017-04-07 03:15:00,17,13,4,0,58.2,0.63,3,4,False,새벽(0-5),원활,0.0
2017-04-07 03:20:00,14,9,5,0,51.9,0.68,3,4,False,새벽(0-5),원활,0.0
2017-04-07 03:25:00,8,7,1,0,57.9,0.36,3,4,False,새벽(0-5),원활,0.0
2017-04-07 03:30:00,18,10,8,0,62.8,1.23,3,4,False,새벽(0-5),원활,0.0
2017-04-07 03:35:00,15,9,6,0,57.1,0.73,3,4,False,새벽(0-5),원활,0.0
2017-04-07 03:40:00,13,4,9,0,52.3,0.98,3,4,False,새벽(0-5),원활,0.0
2017-04-07 03:45:00,19,12,7,0,63.5,0.78,3,4,False,새벽(0-5),원활,0.0
2017-04-07 03:50:00,16,12,4,0,75.2,0.78,3,4,False,새벽(0-5),원활,0.0
2017-04-07 03:55:00,14,11,3,0,64.2,0.67,3,4,False,새벽(0-5),원활,0.0
2017-04-07 04:00:00,18,11,6,1,52.0,0.83,4,4,False,새벽(0-5),원활,5.56
2017-04-07 04:05:00,13,12,1,0,60.5,0.59,4,4,False,새벽(0-5),원활,0.0
2017-04-07 04:10:00,16,13,2,1,66.1,0.57,4,4,False,새벽(0-5),원활,6.25
2017-04-07 04:15:00,13,11,2,0,51.8,0.53,4,4,False,새벽(0-5),원활,0.0
2017-04-07 04:20:00,15,12,3,0,57.8,0.63,4,4,False,새벽(0-5),원활,0.0
2017-04-07 04:25:00,12,6,6,0,61.6,0.54,4,4,False,새벽(0-5),원활,0.0
2017-04-07 04:30:00,11,6,5,0,49.4,0.54,4,4,False,새벽(0-5),원활,0.0
2017-04-07 04:35:00,34,26,8,0,58.7,1.84,4,4,False,새벽(0-5),원활,0.0
2017-04-07 04:40:00,20,16,4,0,62.2,0.75,4,4,False,새벽(0-5),원활,0.0
2017-04-07 04:45:00,25,15,9,1,67.9,1.06,4,4,False,새벽(0-5),원활,4.0
2017-04-07 04:50:00,20,12,8,0,59.6,0.82,4,4,False,새벽(0-5),원활,0.0
2017-04-07 04:55:00,28,17,11,0,53.7,1.21,4,4,False,새벽(0-5),원활,0.0
2017-04-07 05:00:00,27,19,8,0,58.4,1.24,5,4,False,새벽(0-5),원활,0.0
2017-04-07 05:05:00,18,10,8,0,49.9,0.78,5,4,False,새벽(0-5),원활,0.0
2017-04-07 05:10:00,30,20,10,0,65.1,1.26,5,4,False,새벽(0-5),원활,0.0
2017-04-07 05:15:00,58,36,21,1,61.5,2.96,5,4,False,새벽(0-5),원활,1.72
2017-04-07 05:20:00,59,43,16,0,53.0,2.65,5,4,False,새벽(0-5),원활,0.0
2017-04-07 05:25:00,61,41,19,1,59.1,2.63,5,4,False,새벽(0-5),원활,1.64
2017-04-07 05:30:00,40,32,8,0,52.6,1.51,5,4,False,새벽(0-5),원활,0.0
2017-04-07 05:35:00,50,32,18,0,57.2,2.28,5,4,False,새벽(0-5),원활,0.0
2017-04-07 05:40:00,41,25,15,1,57.3,1.74,5,4,False,새벽(0-5),원활,2.44
2017-04-07 05:45:00,51,30,20,1,60.3,1.93,5,4,False,새벽(0-5),원활,1.96
2017-04-07 05:50:00,56,33,23,0,60.1,2.5,5,4,False,새벽(0-5),원활,0.0
2017-04-07 05:55:00,91,55,34,2,47.9,4.42,5,4,False,새벽(0-5),원활,2.2
2017-04-07 06:00:00,80,52,28,0,53.4,3.44,6,4,False,오전(6-11),원활,0.0
2017-04-07 06:05:00,75,49,24,2,55.9,3.12,6,4,False,오전(6-11),원활,2.67
2017-04-07 06:10:00,69,53,16,0,54.1,2.58,6,4,False,오전(6-11),원활,0.0
2017-04-07 06:15:00,90,63,25,2,51.7,3.68,6,4,False,오전(6-11),원활,2.22
2017-04-07 06:20:00,74,50,23,1,62.8,2.51,6,4,False,오전(6-11),원활,1.35
2017-04-07 06:25:00,119,78,38,3,57.2,4.42,6,4,False,오전(6-11),원활,2.52
2017-04-07 06:30:00,87,62,24,1,63.8,3.05,6,4,False,오전(6-11),원활,1.15
2017-04-07 06:35:00,113,74,37,2,55.5,6.67,6,4,False,오전(6-11),혼잡,1.77
2017-04-07 06:40:00,123,83,39,1,52.7,4.74,6,4,False,오전(6-11),원활,0.81
2017-04-07 06:45:00,108,75,30,3,55.5,3.87,6,4,False,오전(6-11),원활,2.78
2017-04-07 06:50:00,118,70,46,2,50.2,4.8,6,4,False,오전(6-11),원활,1.69
2017-04-07 06:55:00,124,84,37,3,51.4,5.0,6,4,False,오전(6-11),원활,2.42
2017-04-07 07:00:00,148,109,36,3,53.2,5.41,7,4,False,오전(6-11),원활,2.03
2017-04-07 07:05:00,145,101,43,1,53.8,5.91,7,4,False,오전(6-11),혼잡,0.69
2017-04-07 07:10:00,191,123,67,1,51.8,7.39,7,4,False,오전(6-11),혼잡,0.52
2017-04-07 07:15:00,225,169,54,2,47.5,10.32,7,4,False,오전(6-11),혼잡,0.89
2017-04-07 07:20:00,193,134,59,0,42.4,12.16,7,4,False,오전(6-11),혼잡,0.0
2017-04-07 07:25:00,189,133,52,4,45.4,8.99,7,4,False,오전(6-11),혼잡,2.12
2017-04-07 07:30:00,235,177,58,0,48.6,9.53,7,4,False,오전(6-11),혼잡,0.0
2017-04-07 07:35:00,299,214,83,2,41.0,14.79,7,4,False,오전(6-11),혼잡,0.67
2017-04-07 07:40:00,248,193,53,2,37.6,24.0,7,4,False,오전(6-11),혼잡,0.81
2017-04-07 07:45:00,238,166,65,7,37.6,21.79,7,4,False,오전(6-11),혼잡,2.94
2017-04-07 07:50:00,262,198,63,1,40.5,12.37,7,4,False,오전(6-11),혼잡,0.38
2017-04-07 07:55:00,293,217,75,1,40.7,17.08,7,4,False,오전(6-11),혼잡,0.34
2017-04-07 08:00:00,269,207,59,3,40.2,19.5,8,4,False,오전(6-11),혼잡,1.12
2017-04-07 08:05:00,192,143,45,4,42.2,9.62,8,4,False,오전(6-11),혼잡,2.08
2017-04-07 08:10:00,249,166,79,4,39.5,12.52,8,4,False,오전(6-11),혼잡,1.61
2017-04-07 08:15:00,272,218,51,3,37.8,24.36,8,4,False,오전(6-11),혼잡,1.1
2017-04-07 08:20:00,202,164,38,0,37.8,27.17,8,4,False,오전(6-11),혼잡,0.0
2017-04-07 08:25:00,185,143,40,2,35.2,31.33,8,4,False,오전(6-11),혼잡,1.08
2017-04-07 08:30:00,207,152,49,6,43.1,9.51,8,4,False,오전(6-11),혼잡,2.9
2017-04-07 08:35:00,255,199,53,3,39.3,13.4,8,4,False,오전(6-11),혼잡,1.18
2017-04-07 08:40:00,245,200,43,2,46.2,11.08,8,4,False,오전(6-11),혼잡,0.82
2017-04-07 08:45:00,174,138,35,1,48.4,7.33,8,4,False,오전(6-11),혼잡,0.57
2017-04-07 08:50:00,170,131,36,3,48.4,7.59,8,4,False,오전(6-11),혼잡,1.76
2017-04-07 08:55:00,224,171,53,0,44.7,10.77,8,4,False,오전(6-11),혼잡,0.0
2017-04-07 09:00:00,193,147,46,0,50.5,8.28,9,4,False,오전(6-11),혼잡,0.0
2017-04-07 09:05:00,199,151,47,1,45.6,9.29,9,4,False,오전(6-11),혼잡,0.5
2017-04-07 09:10:00,118,86,29,3,54.6,4.35,9,4,False,오전(6-11),원활,2.54
2017-04-07 09:15:00,170,125,45,0,52.1,6.99,9,4,False,오전(6-11),혼잡,0.0
2017-04-07 09:20:00,170,124,43,3,51.2,7.26,9,4,False,오전(6-11),혼잡,1.76
2017-04-07 09:25:00,172,119,52,1,49.4,7.33,9,4,False,오전(6-11),혼잡,0.58
2017-04-07 09:30:00,164,123,40,1,53.5,6.11,9,4,False,오전(6-11),혼잡,0.61
2017-04-07 09:35:00,168,109,58,1,47.6,7.7,9,4,False,오전(6-11),혼잡,0.6
2017-04-07 09:40:00,149,86,60,3,47.9,6.55,9,4,False,오전(6-11),혼잡,2.01
2017-04-07 09:45:00,172,109,60,3,49.3,8.09,9,4,False,오전(6-11),혼잡,1.74
2017-04-07 09:50:00,194,137,55,2,46.4,9.04,9,4,False,오전(6-11),혼잡,1.03
2017-04-07 09:55:00,177,112,63,2,49.9,8.76,9,4,False,오전(6-11),혼잡,1.13
2017-04-07 10:00:00,144,89,52,3,49.9,5.72,10,4,False,오전(6-11),혼잡,2.08
2017-04-07 10:05:00,169,105,64,0,50.3,8.06,10,4,False,오전(6-11),혼잡,0.0
2017-04-07 10:10:00,136,90,45,1,48.2,5.79,10,4,False,오전(6-11),혼잡,0.74
2017-04-07 10:15:00,143,79,63,1,47.4,7.3,10,4,False,오전(6-11),혼잡,0.7
2017-04-07 10:20:00,123,79,43,1,50.9,4.98,10,4,False,오전(6-11),원활,0.81
2017-04-07 10:25:00,132,80,52,0,50.1,6.11,10,4,False,오전(6-11),혼잡,0.0
2017-04-07 10:30:00,133,94,39,0,50.2,5.57,10,4,False,오전(6-11),혼잡,0.0
2017-04-07 10:35:00,139,89,49,1,49.7,5.83,10,4,False,오전(6-11),혼잡,0.72
2017-04-07 10:40:00,143,99,41,3,44.6,7.11,10,4,False,오전(6-11),혼잡,2.1
2017-04-07 10:45:00,165,101,62,2,48.2,7.34,10,4,False,오전(6-11),혼잡,1.21
2017-04-07 10:50:00,132,85,47,0,51.1,5.35,10,4,False,오전(6-11),원활,0.0
2017-04-07 10:55:00,155,106,46,3,50.6,6.25,10,4,False,오전(6-11),혼잡,1.94
2017-04-07 11:00:00,121,77,42,2,54.2,4.74,11,4,False,오전(6-11),원활,1.65
2017-04-07 11:05:00,134,89,45,0,47.5,5.97,11,4,False,오전(6-11),혼잡,0.0
2017-04-07 11:10:00,142,83,59,0,52.4,5.96,11,4,False,오전(6-11),혼잡,0.0
2017-04-07 11:15:00,174,105,69,0,47.8,7.88,11,4,False,오전(6-11),혼잡,0.0
2017-04-07 11:20:00,157,107,50,0,50.4,7.58,11,4,False,오전(6-11),혼잡,0.0
2017-04-07 11:25:00,185,115,69,1,44.9,8.34,11,4,False,오전(6-11),혼잡,0.54
2017-04-07 11:30:00,157,108,48,1,43.1,11.43,11,4,False,오전(6-11),혼잡,0.64
2017-04-07 11:35:00,164,105,56,3,46.3,8.14,11,4,False,오전(6-11),혼잡,1.83
2017-04-07 11:40:00,141,101,38,2,47.5,5.97,11,4,False,오전(6-11),혼잡,1.42
2017-04-07 11:45:00,173,110,60,3,44.9,7.29,11,4,False,오전(6-11),혼잡,1.73
2017-04-07 11:50:00,193,136,56,1,43.7,10.76,11,4,False,오전(6-11),혼잡,0.52
2017-04-07 11:55:00,178,113,64,1,46.9,8.02,11,4,False,오전(6-11),혼잡,0.56
2017-04-07 12:00:00,162,111,48,3,45.1,7.86,12,4,False,오후(12-17),혼잡,1.85
2017-04-07 12:05:00,148,102,44,2,46.5,6.37,12,4,False,오후(12-17),혼잡,1.35
2017-04-07 12:10:00,134,93,41,0,44.5,6.4,12,4,False,오후(12-17),혼잡,0.0
2017-04-07 12:15:00,149,100,46,3,45.5,7.11,12,4,False,오후(12-17),혼잡,2.01
2017-04-07 12:20:00,128,99,29,0,50.6,5.66,12,4,False,오후(12-17),혼잡,0.0
2017-04-07 12:25:00,152,109,39,4,49.9,6.28,12,4,False,오후(12-17),혼잡,2.63
2017-04-07 12:30:00,139,101,38,0,49.4,5.63,12,4,False,오후(12-17),혼잡,0.0
2017-04-07 12:35:00,136,87,46,3,50.7,6.16,12,4,False,오후(12-17),혼잡,2.21
2017-04-07 12:40:00,149,99,48,2,48.7,6.09,12,4,False,오후(12-17),혼잡,1.34
2017-04-07 12:45:00,162,110,50,2,47.0,6.92,12,4,False,오후(12-17),혼잡,1.23
2017-04-07 12:50:00,143,101,41,1,44.8,6.64,12,4,False,오후(12-17),혼잡,0.7
2017-04-07 12:55:00,162,110,51,1,49.6,6.76,12,4,False,오후(12-17),혼잡,0.62
2017-04-07 13:00:00,151,111,38,2,45.7,6.7,13,4,False,오후(12-17),혼잡,1.32
2017-04-07 13:05:00,141,100,39,2,48.3,5.79,13,4,False,오후(12-17),혼잡,1.42
2017-04-07 13:10:00,148,96,50,2,48.2,6.18,13,4,False,오후(12-17),혼잡,1.35
2017-04-07 13:15:00,176,111,63,2,48.1,7.75,13,4,False,오후(12-17),혼잡,1.14
2017-04-07 13:20:00,164,112,51,1,44.5,7.49,13,4,False,오후(12-17),혼잡,0.61
2017-04-07 13:25:00,179,115,63,1,47.2,7.39,13,4,False,오후(12-17),혼잡,0.56
2017-04-07 13:30:00,149,110,39,0,44.3,6.98,13,4,False,오후(12-17),혼잡,0.0
2017-04-07 13:35:00,169,113,55,1,40.1,10.93,13,4,False,오후(12-17),혼잡,0.59
2017-04-07 13:40:00,152,102,49,1,46.0,7.38,13,4,False,오후(12-17),혼잡,0.66
2017-04-07 13:45:00,153,103,50,0,46.1,6.81,13,4,False,오후(12-17),혼잡,0.0
2017-04-07 13:50:00,177,117,58,2,44.4,7.84,13,4,False,오후(12-17),혼잡,1.13
2017-04-07 13:55:00,160,110,49,1,45.0,7.21,13,4,False,오후(12-17),혼잡,0.62
2017-04-07 14:00:00,169,123,46,0,47.3,7.55,14,4,False,오후(12-17),혼잡,0.0
2017-04-07 14:05:00,170,123,46,1,47.2,7.38,14,4,False,오후(12-17),혼잡,0.59
2017-04-07 14:10:00,147,99,47,1,46.9,6.52,14,4,False,오후(12-17),혼잡,0.68
2017-04-07 14:15:00,165,115,47,3,45.1,6.99,14,4,False,오후(12-17),혼잡,1.82
2017-04-07 14:20:00,142,98,43,1,52.3,5.45,14,4,False,오후(12-17),원활,0.7
2017-04-07 14:25:00,176,122,50,4,44.2,7.74,14,4,False,오후(12-17),혼잡,2.27
2017-04-07 14:30:00,175,120,53,2,44.3,8.21,14,4,False,오후(12-17),혼잡,1.14
2017-04-07 14:35:00,196,130,62,4,45.0,8.38,14,4,False,오후(12-17),혼잡,2.04
2017-04-07 14:40:00,183,132,50,1,44.5,8.5,14,4,False,오후(12-17),혼잡,0.55
2017-04-07 14:45:00,181,123,57,1,45.6,7.87,14,4,False,오후(12-17),혼잡,0.55
2017-04-07 14:50:00,182,135,47,0,44.8,7.64,14,4,False,오후(12-17),혼잡,0.0
2017-04-07 14:55:00,164,105,58,1,44.7,7.95,14,4,False,오후(12-17),혼잡,0.61
2017-04-07 15:00:00,161,122,38,1,45.6,7.03,15,4,False,오후(12-17),혼잡,0.62
2017-04-07 15:05:00,171,120,50,1,44.6,8.46,15,4,False,오후(12-17),혼잡,0.58
2017-04-07 15:10:00,191,130,60,1,46.1,8.24,15,4,False,오후(12-17),혼잡,0.52
2017-04-07 15:15:00,198,151,46,1,44.6,8.83,15,4,False,오후(12-17),혼잡,0.51
2017-04-07 15:20:00,188,149,38,1,44.1,8.25,15,4,False,오후(12-17),혼잡,0.53
2017-04-07 15:25:00,179,132,42,5,46.8,7.57,15,4,False,오후(12-17),혼잡,2.79
2017-04-07 15:30:00,165,130,34,1,45.8,6.64,15,4,False,오후(12-17),혼잡,0.61
2017-04-07 15:35:00,162,130,31,1,46.0,6.87,15,4,False,오후(12-17),혼잡,0.62
2017-04-07 15:40:00,157,116,39,2,44.5,6.77,15,4,False,오후(12-17),혼잡,1.27
2017-04-07 15:45:00,153,114,35,4,45.6,6.93,15,4,False,오후(12-17),혼잡,2.61
2017-04-07 15:50:00,182,136,45,1,44.5,7.95,15,4,False,오후(12-17),혼잡,0.55
2017-04-07 15:55:00,202,157,44,1,43.2,8.53,15,4,False,오후(12-17),혼잡,0.5
2017-04-07 16:00:00,178,126,51,1,44.0,7.85,16,4,False,오후(12-17),혼잡,0.56
2017-04-07 16:05:00,185,134,51,0,45.6,8.52,16,4,False,오후(12-17),혼잡,0.0
2017-04-07 16:10:00,158,97,59,2,43.4,15.89,16,4,False,오후(12-17),혼잡,1.27
2017-04-07 16:15:00,156,115,39,2,47.2,6.67,16,4,False,오후(12-17),혼잡,1.28
2017-04-07 16:20:00,166,124,41,1,41.1,16.17,16,4,False,오후(12-17),혼잡,0.6
2017-04-07 16:25:00,166,115,48,3,42.0,8.01,16,4,False,오후(12-17),혼잡,1.81
2017-04-07 16:30:00,183,142,40,1,47.4,7.79,16,4,False,오후(12-17),혼잡,0.55
2017-04-07 16:35:00,178,125,53,0,41.1,8.94,16,4,False,오후(12-17),혼잡,0.0
2017-04-07 16:40:00,163,116,45,2,46.9,7.05,16,4,False,오후(12-17),혼잡,1.23
2017-04-07 16:45:00,180,128,52,0,43.2,15.04,16,4,False,오후(12-17),혼잡,0.0
2017-04-07 16:50:00,159,104,53,2,43.5,7.0,16,4,False,오후(12-17),혼잡,1.26
2017-04-07 16:55:00,158,121,35,2,45.7,6.97,16,4,False,오후(12-17),혼잡,1.27
2017-04-07 17:00:00,160,121,37,2,44.2,7.34,17,4,False,오후(12-17),혼잡,1.25
2017-04-07 17:05:00,150,113,36,1,39.3,20.65,17,4,False,오후(12-17),혼잡,0.67
2017-04-07 17:10:00,153,110,41,2,44.6,6.39,17,4,False,오후(12-17),혼잡,1.31
2017-04-07 17:15:00,146,116,29,1,45.5,6.05,17,4,False,오후(12-17),혼잡,0.68
2017-04-07 17:20:00,196,149,45,2,45.1,8.85,17,4,False,오후(12-17),혼잡,1.02
2017-04-07 17:25:00,195,141,52,2,43.9,8.39,17,4,False,오후(12-17),혼잡,1.03
2017-04-07 17:30:00,165,110,55,0,43.6,7.4,17,4,False,오후(12-17),혼잡,0.0
2017-04-07 17:35:00,146,96,48,2,43.9,6.54,17,4,False,오후(12-17),혼잡,1.37
2017-04-07 17:40:00,200,138,62,0,45.5,9.79,17,4,False,오후(12-17),혼잡,0.0
2017-04-07 17:45:00,198,142,54,2,45.6,7.96,17,4,False,오후(12-17),혼잡,1.01
2017-04-07 17:50:00,157,124,31,2,44.4,6.83,17,4,False,오후(12-17),혼잡,1.27
2017-04-07 17:55:00,146,107,36,3,42.5,7.17,17,4,False,오후(12-17),혼잡,2.05
2017-04-07 18:00:00,184,143,37,4,42.7,7.76,18,4,False,저녁(18-23),혼잡,2.17
2017-04-07 18:05:00,214,147,65,2,41.4,10.65,18,4,False,저녁(18-23),혼잡,0.93
2017-04-07 18:10:00,215,153,56,6,31.1,29.07,18,4,False,저녁(18-23),혼잡,2.79
2017-04-07 18:15:00,191,139,47,5,32.2,21.6,18,4,False,저녁(18-23),혼잡,2.62
2017-04-07 18:20:00,219,157,58,4,31.6,24.03,18,4,False,저녁(18-23),혼잡,1.83
2017-04-07 18:25:00,246,176,67,3,31.7,20.09,18,4,False,저녁(18-23),혼잡,1.22
2017-04-07 18:30:00,203,163,35,5,28.6,30.21,18,4,False,저녁(18-23),혼잡,2.46
2017-04-07 18:35:00,188,134,45,9,25.5,30.0,18,4,False,저녁(18-23),혼잡,4.79
2017-04-07 18:40:00,173,131,37,5,30.1,45.9,18,4,False,저녁(18-23),혼잡,2.89
2017-04-07 18:45:00,231,181,45,5,30.5,38.59,18,4,False,저녁(18-23),혼잡,2.16
2017-04-07 18:50:00,208,142,61,5,35.9,16.69,18,4,False,저녁(18-23),혼잡,2.4
2017-04-07 18:55:00,159,123,34,2,41.9,7.29,18,4,False,저녁(18-23),혼잡,1.26
2017-04-07 19:00:00,151,108,42,1,41.6,7.05,19,4,False,저녁(18-23),혼잡,0.66
2017-04-07 19:05:00,164,125,35,4,44.5,7.37,19,4,False,저녁(18-23),혼잡,2.44
2017-04-07 19:10:00,200,160,39,1,41.3,10.7,19,4,False,저녁(18-23),혼잡,0.5
2017-04-07 19:15:00,158,130,28,0,41.7,8.37,19,4,False,저녁(18-23),혼잡,0.0
2017-04-07 19:20:00,119,91,26,2,44.0,6.83,19,4,False,저녁(18-23),혼잡,1.68
2017-04-07 19:25:00,179,144,31,4,40.5,9.74,19,4,False,저녁(18-23),혼잡,2.23
2017-04-07 19:30:00,182,145,36,1,42.9,8.76,19,4,False,저녁(18-23),혼잡,0.55
2017-04-07 19:35:00,161,122,37,2,41.4,7.97,19,4,False,저녁(18-23),혼잡,1.24
2017-04-07 19:40:00,132,107,24,1,44.0,6.32,19,4,False,저녁(18-23),혼잡,0.76
2017-04-07 19:45:00,143,115,27,1,42.3,7.45,19,4,False,저녁(18-23),혼잡,0.7
2017-04-07 19:50:00,139,106,31,2,43.6,8.03,19,4,False,저녁(18-23),혼잡,1.44
2017-04-07 19:55:00,147,115,28,4,46.1,6.86,19,4,False,저녁(18-23),혼잡,2.72
2017-04-07 20:00:00,140,117,23,0,42.1,7.36,20,4,False,저녁(18-23),혼잡,0.0
2017-04-07 20:05:00,150,116,33,1,41.1,8.16,20,4,False,저녁(18-23),혼잡,0.67
2017-04-07 20:10:00,157,133,24,0,44.8,7.96,20,4,False,저녁(18-23),혼잡,0.0
2017-04-07 20:15:00,156,130,25,1,46.9,7.53,20,4,False,저녁(18-23),혼잡,0.64
2017-04-07 20:20:00,106,87,19,0,42.6,6.28,20,4,False,저녁(18-23),혼잡,0.0
2017-04-07 20:25:00,112,85,26,1,43.5,5.77,20,4,False,저녁(18-23),혼잡,0.89
2017-04-07 20:30:00,162,136,26,0,47.6,7.33,20,4,False,저녁(18-23),혼잡,0.0
2017-04-07 20:35:00,170,126,43,1,42.6,9.14,20,4,False,저녁(18-23),혼잡,0.59
2017-04-07 20:40:00,116,91,24,1,42.6,7.21,20,4,False,저녁(18-23),혼잡,0.86
2017-04-07 20:45:00,116,87,28,1,43.5,5.58,20,4,False,저녁(18-23),혼잡,0.86
2017-04-07 20:50:00,126,107,19,0,50.1,6.22,20,4,False,저녁(18-23),혼잡,0.0
2017-04-07 20:55:00,146,115,29,2,45.0,6.92,20,4,False,저녁(18-23),혼잡,1.37
2017-04-07 21:00:00,112,91,20,1,44.9,9.44,21,4,False,저녁(18-23),혼잡,0.89
2017-04-07 21:05:00,126,106,19,1,44.9,6.73,21,4,False,저녁(18-23),혼잡,0.79
2017-04-07 21:10:00,100,82,16,2,46.8,4.59,21,4,False,저녁(18-23),원활,2.0
2017-04-07 21:15:00,134,109,25,0,44.5,7.0,21,4,False,저녁(18-23),혼잡,0.0
2017-04-07 21:20:00,143,116,25,2,41.6,11.81,21,4,False,저녁(18-23),혼잡,1.4
2017-04-07 21:25:00,133,107,26,0,44.0,6.37,21,4,False,저녁(18-23),혼잡,0.0
2017-04-07 21:30:00,135,114,20,1,42.3,7.59,21,4,False,저녁(18-23),혼잡,0.74
2017-04-07 21:35:00,133,111,22,0,44.2,6.74,21,4,False,저녁(18-23),혼잡,0.0
2017-04-07 21:40:00,103,76,26,1,44.3,5.26,21,4,False,저녁(18-23),원활,0.97
2017-04-07 21:45:00,119,95,24,0,44.0,5.49,21,4,False,저녁(18-23),원활,0.0
2017-04-07 21:50:00,107,87,19,1,43.5,5.51,21,4,False,저녁(18-23),원활,0.93
2017-04-07 21:55:00,105,90,15,0,45.2,5.37,21,4,False,저녁(18-23),원활,0.0
2017-04-07 22:00:00,118,100,18,0,49.2,5.32,22,4,False,저녁(18-23),원활,0.0
2017-04-07 22:05:00,115,94,21,0,43.6,6.35,22,4,False,저녁(18-23),혼잡,0.0
2017-04-07 22:10:00,112,92,20,0,46.5,5.39,22,4,False,저녁(18-23),원활,0.0
2017-04-07 22:15:00,104,85,19,0,45.7,6.3,22,4,False,저녁(18-23),혼잡,0.0
2017-04-07 22:20:00,127,99,28,0,46.8,6.52,22,4,False,저녁(18-23),혼잡,0.0
2017-04-07 22:25:00,103,80,23,0,48.3,4.94,22,4,False,저녁(18-23),원활,0.0
2017-04-07 22:30:00,82,60,22,0,47.1,3.65,22,4,False,저녁(18-23),원활,0.0
2017-04-07 22:35:00,95,75,20,0,48.7,4.37,22,4,False,저녁(18-23),원활,0.0
2017-04-07 22:40:00,90,69,21,0,45.7,4.75,22,4,False,저녁(18-23),원활,0.0
2017-04-07 22:45:00,59,48,11,0,52.7,2.55,22,4,False,저녁(18-23),원활,0.0
2017-04-07 22:50:00,87,72,15,0,48.8,10.43,22,4,False,저녁(18-23),혼잡,0.0
2017-04-07 22:55:00,82,60,22,0,48.6,4.23,22,4,False,저녁(18-23),원활,0.0
2017-04-07 23:00:00,67,57,10,0,48.6,3.15,23,4,False,저녁(18-23),원활,0.0
2017-04-07 23:05:00,78,59,19,0,50.6,3.53,23,4,False,저녁(18-23),원활,0.0
2017-04-07 23:10:00,83,62,21,0,49.0,3.79,23,4,False,저녁(18-23),원활,0.0
2017-04-07 23:15:00,85,71,12,2,48.7,3.79,23,4,False,저녁(18-23),원활,2.35
2017-04-07 23:20:00,85,69,16,0,50.2,3.72,23,4,False,저녁(18-23),원활,0.0
2017-04-07 23:25:00,76,60,16,0,50.1,3.38,23,4,False,저녁(18-23),원활,0.0
2017-04-07 23:30:00,55,38,17,0,52.1,2.33,23,4,False,저녁(18-23),원활,0.0
2017-04-07 23:35:00,46,37,9,0,51.7,1.9,23,4,False,저녁(18-23),원활,0.0
2017-04-07 23:40:00,77,53,23,1,51.1,3.06,23,4,False,저녁(18-23),원활,1.3
2017-04-07 23:45:00,68,58,10,0,50.6,2.89,23,4,False,저녁(18-23),원활,0.0
2017-04-07 23:50:00,51,40,11,0,53.7,2.17,23,4,False,저녁(18-23),원활,0.0
2017-04-07 23:55:00,45,28,17,0,56.8,1.83,23,4,False,저녁(18-23),원활,0.0
2017-04-08 00:00:00,61,44,17,0,54.4,2.52,0,5,True,새벽(0-5),원활,0.0
2017-04-08 00:05:00,79,59,20,0,51.5,3.37,0,5,True,새벽(0-5),원활,0.0
2017-04-08 00:10:00,57,31,24,2,52.7,2.27,0,5,True,새벽(0-5),원활,3.51
2017-04-08 00:15:00,44,31,12,1,53.7,1.78,0,5,True,새벽(0-5),원활,2.27
2017-04-08 00:20:00,44,30,14,0,50.1,1.99,0,5,True,새벽(0-5),원활,0.0
2017-04-08 00:25:00,56,45,11,0,52.7,2.36,0,5,True,새벽(0-5),원활,0.0
2017-04-08 00:30:00,47,34,13,0,55.3,1.97,0,5,True,새벽(0-5),원활,0.0
2017-04-08 00:35:00,51,41,10,0,53.9,2.16,0,5,True,새벽(0-5),원활,0.0
2017-04-08 00:40:00,47,31,15,1,59.4,1.91,0,5,True,새벽(0-5),원활,2.13
2017-04-08 00:45:00,43,32,11,0,55.2,1.82,0,5,True,새벽(0-5),원활,0.0
2017-04-08 00:50:00,46,30,16,0,55.4,2.15,0,5,True,새벽(0-5),원활,0.0
2017-04-08 00:55:00,35,27,8,0,64.4,1.44,0,5,True,새벽(0-5),원활,0.0
2017-04-08 01:00:00,28,22,6,0,59.0,1.12,1,5,True,새벽(0-5),원활,0.0
2017-04-08 01:05:00,32,23,9,0,57.7,1.23,1,5,True,새벽(0-5),원활,0.0
2017-04-08 01:10:00,27,21,6,0,63.8,1.06,1,5,True,새벽(0-5),원활,0.0
2017-04-08 01:15:00,37,31,6,0,54.6,1.41,1,5,True,새벽(0-5),원활,0.0
2017-04-08 01:20:00,38,31,7,0,53.2,1.49,1,5,True,새벽(0-5),원활,0.0
2017-04-08 01:25:00,25,19,6,0,53.2,1.04,1,5,True,새벽(0-5),원활,0.0
2017-04-08 01:30:00,34,22,12,0,62.0,1.34,1,5,True,새벽(0-5),원활,0.0
2017-04-08 01:35:00,26,17,9,0,66.3,1.04,1,5,True,새벽(0-5),원활,0.0
2017-04-08 01:40:00,27,16,11,0,56.5,1.11,1,5,True,새벽(0-5),원활,0.0
2017-04-08 01:45:00,23,19,4,0,63.4,0.98,1,5,True,새벽(0-5),원활,0.0
2017-04-08 01:50:00,40,28,12,0,59.6,1.59,1,5,True,새벽(0-5),원활,0.0
2017-04-08 01:55:00,22,15,7,0,59.7,0.89,1,5,True,새벽(0-5),원활,0.0
2017-04-08 02:00:00,31,23,8,0,66.6,1.19,2,5,True,새벽(0-5),원활,0.0
2017-04-08 02:05:00,25,20,5,0,60.5,0.97,2,5,True,새벽(0-5),원활,0.0
2017-04-08 02:10:00,27,18,9,0,65.0,1.01,2,5,True,새벽(0-5),원활,0.0
2017-04-08 02:15:00,14,8,6,0,55.8,0.79,2,5,True,새벽(0-5),원활,0.0
2017-04-08 02:20:00,21,13,8,0,65.2,0.86,2,5,True,새벽(0-5),원활,0.0
2017-04-08 02:25:00,23,10,12,1,64.8,0.94,2,5,True,새벽(0-5),원활,4.35
2017-04-08 02:30:00,20,14,6,0,58.4,6.78,2,5,True,새벽(0-5),혼잡,0.0
2017-04-08 02:35:00,24,17,7,0,64.0,5.83,2,5,True,새벽(0-5),혼잡,0.0
2017-04-08 02:40:00,27,17,10,0,63.4,1.02,2,5,True,새벽(0-5),원활,0.0
2017-04-08 02:45:00,18,12,6,0,56.6,0.81,2,5,True,새벽(0-5),원활,0.0
2017-04-08 02:50:00,13,9,4,0,62.6,0.51,2,5,True,새벽(0-5),원활,0.0
2017-04-08 02:55:00,18,10,8,0,65.9,0.9,2,5,True,새벽(0-5),원활,0.0
2017-04-08 03:00:00,16,11,5,0,56.6,0.72,3,5,True,새벽(0-5),원활,0.0
2017-04-08 03:05:00,19,11,8,0,60.4,0.71,3,5,True,새벽(0-5),원활,0.0
2017-04-08 03:10:00,22,16,6,0,69.9,0.87,3,5,True,새벽(0-5),원활,0.0
2017-04-08 03:15:00,30,18,12,0,60.0,1.25,3,5,True,새벽(0-5),원활,0.0
2017-04-08 03:20:00,21,15,6,0,57.9,0.82,3,5,True,새벽(0-5),원활,0.0
2017-04-08 03:25:00,24,14,9,1,56.9,0.93,3,5,True,새벽(0-5),원활,4.17
2017-04-08 03:30:00,17,12,5,0,59.0,0.67,3,5,True,새벽(0-5),원활,0.0
2017-04-08 03:35:00,18,9,9,0,62.5,0.8,3,5,True,새벽(0-5),원활,0.0
2017-04-08 03:40:00,25,17,8,0,57.9,1.02,3,5,True,새벽(0-5),원활,0.0
2017-04-08 03:45:00,12,10,2,0,55.4,0.51,3,5,True,새벽(0-5),원활,0.0
2017-04-08 03:50:00,16,6,10,0,59.3,0.64,3,5,True,새벽(0-5),원활,0.0
2017-04-08 03:55:00,17,10,6,1,57.0,0.79,3,5,True,새벽(0-5),원활,5.88
2017-04-08 04:00:00,17,10,7,0,61.6,0.65,4,5,True,새벽(0-5),원활,0.0
2017-04-08 04:05:00,23,14,9,0,64.0,0.93,4,5,True,새벽(0-5),원활,0.0
2017-04-08 04:10:00,19,12,7,0,67.2,0.74,4,5,True,새벽(0-5),원활,0.0
2017-04-08 04:15:00,11,8,3,0,68.0,0.44,4,5,True,새벽(0-5),원활,0.0
2017-04-08 04:20:00,16,10,6,0,56.9,0.7,4,5,True,새벽(0-5),원활,0.0
2017-04-08 04:25:00,23,14,9,0,60.6,0.86,4,5,True,새벽(0-5),원활,0.0
2017-04-08 04:30:00,20,14,5,1,62.0,0.78,4,5,True,새벽(0-5),원활,5.0
2017-04-08 04:35:00,32,21,11,0,53.8,1.33,4,5,True,새벽(0-5),원활,0.0
2017-04-08 04:40:00,29,19,10,0,54.1,1.16,4,5,True,새벽(0-5),원활,0.0
2017-04-08 04:45:00,26,18,8,0,54.3,1.09,4,5,True,새벽(0-5),원활,0.0
2017-04-08 04:50:00,18,13,5,0,61.4,0.69,4,5,True,새벽(0-5),원활,0.0
2017-04-08 04:55:00,19,13,6,0,49.0,0.98,4,5,True,새벽(0-5),원활,0.0
2017-04-08 05:00:00,40,24,16,0,62.3,1.69,5,5,True,새벽(0-5),원활,0.0
2017-04-08 05:05:00,34,24,10,0,60.3,1.31,5,5,True,새벽(0-5),원활,0.0
2017-04-08 05:10:00,40,27,13,0,58.1,1.76,5,5,True,새벽(0-5),원활,0.0
2017-04-08 05:15:00,42,31,11,0,56.8,2.17,5,5,True,새벽(0-5),원활,0.0
2017-04-08 05:20:00,57,43,14,0,55.1,2.53,5,5,True,새벽(0-5),원활,0.0
2017-04-08 05:25:00,65,42,21,2,53.3,3.25,5,5,True,새벽(0-5),원활,3.08
2017-04-08 05:30:00,44,24,20,0,59.8,2.02,5,5,True,새벽(0-5),원활,0.0
2017-04-08 05:35:00,46,32,14,0,62.3,1.87,5,5,True,새벽(0-5),원활,0.0
2017-04-08 05:40:00,40,30,9,1,65.8,1.46,5,5,True,새벽(0-5),원활,2.5
2017-04-08 05:45:00,38,24,13,1,56.4,1.81,5,5,True,새벽(0-5),원활,2.63
2017-04-08 05:50:00,58,36,20,2,59.1,2.49,5,5,True,새벽(0-5),원활,3.45
2017-04-08 05:55:00,65,27,36,2,54.4,3.21,5,5,True,새벽(0-5),원활,3.08
2017-04-08 06:00:00,59,35,24,0,57.6,2.3,6,5,True,오전(6-11),원활,0.0
2017-04-08 06:05:00,84,53,29,2,59.9,3.34,6,5,True,오전(6-11),원활,2.38
2017-04-08 06:10:00,54,43,11,0,58.9,1.92,6,5,True,오전(6-11),원활,0.0
2017-04-08 06:15:00,64,46,17,1,62.0,2.33,6,5,True,오전(6-11),원활,1.56
2017-04-08 06:20:00,60,30,29,1,60.0,2.08,6,5,True,오전(6-11),원활,1.67
2017-04-08 06:25:00,45,26,19,0,62.7,4.48,6,5,True,오전(6-11),원활,0.0
2017-04-08 06:30:00,97,65,32,0,56.9,3.56,6,5,True,오전(6-11),원활,0.0
2017-04-08 06:35:00,102,69,33,0,57.1,3.77,6,5,True,오전(6-11),원활,0.0
2017-04-08 06:40:00,102,59,42,1,57.1,3.82,6,5,True,오전(6-11),원활,0.98
2017-04-08 06:45:00,87,52,34,1,57.4,3.65,6,5,True,오전(6-11),원활,1.15
2017-04-08 06:50:00,90,60,30,0,55.8,3.24,6,5,True,오전(6-11),원활,0.0
2017-04-08 06:55:00,90,47,41,2,51.8,4.52,6,5,True,오전(6-11),원활,2.22
2017-04-08 07:00:00,81,49,30,2,50.9,3.53,7,5,True,오전(6-11),원활,2.47
2017-04-08 07:05:00,82,46,35,1,58.4,3.55,7,5,True,오전(6-11),원활,1.22
2017-04-08 07:10:00,102,67,32,3,55.5,4.2,7,5,True,오전(6-11),원활,2.94
2017-04-08 07:15:00,99,66,30,3,55.3,3.89,7,5,True,오전(6-11),원활,3.03
2017-04-08 07:20:00,74,48,26,0,54.3,2.83,7,5,True,오전(6-11),원활,0.0
2017-04-08 07:25:00,99,69,25,5,53.8,4.18,7,5,True,오전(6-11),원활,5.05
2017-04-08 07:30:00,107,79,28,0,55.1,4.09,7,5,True,오전(6-11),원활,0.0
2017-04-08 07:35:00,113,79,31,3,53.3,4.71,7,5,True,오전(6-11),원활,2.65
2017-04-08 07:40:00,101,69,29,3,53.6,3.95,7,5,True,오전(6-11),원활,2.97
2017-04-08 07:45:00,100,74,26,0,52.8,3.93,7,5,True,오전(6-11),원활,0.0
2017-04-08 07:50:00,114,84,30,0,56.1,4.23,7,5,True,오전(6-11),원활,0.0
2017-04-08 07:55:00,129,91,36,2,53.5,5.43,7,5,True,오전(6-11),원활,1.55
2017-04-08 08:00:00,112,90,20,2,54.5,4.29,8,5,True,오전(6-11),원활,1.79
2017-04-08 08:05:00,129,76,49,4,46.4,7.46,8,5,True,오전(6-11),혼잡,3.1
2017-04-08 08:10:00,101,74,23,4,56.8,3.73,8,5,True,오전(6-11),원활,3.96
2017-04-08 08:15:00,129,84,44,1,54.6,4.72,8,5,True,오전(6-11),원활,0.78
2017-04-08 08:20:00,137,87,49,1,55.1,5.02,8,5,True,오전(6-11),원활,0.73
2017-04-08 08:25:00,128,91,37,0,49.9,5.52,8,5,True,오전(6-11),원활,0.0
2017-04-08 08:30:00,121,90,31,0,54.7,4.48,8,5,True,오전(6-11),원활,0.0
2017-04-08 08:35:00,142,102,38,2,51.5,5.65,8,5,True,오전(6-11),혼잡,1.41
2017-04-08 08:40:00,169,117,50,2,48.7,7.1,8,5,True,오전(6-11),혼잡,1.18
2017-04-08 08:45:00,162,118,42,2,48.3,6.8,8,5,True,오전(6-11),혼잡,1.23
2017-04-08 08:50:00,130,97,32,1,48.5,5.3,8,5,True,오전(6-11),원활,0.77
2017-04-08 08:55:00,151,99,51,1,49.4,6.35,8,5,True,오전(6-11),혼잡,0.66
2017-04-08 09:00:00,190,132,58,0,44.6,8.39,9,5,True,오전(6-11),혼잡,0.0
2017-04-08 09:05:00,166,115,50,1,46.8,7.29,9,5,True,오전(6-11),혼잡,0.6
2017-04-08 09:10:00,140,95,44,1,48.1,5.73,9,5,True,오전(6-11),혼잡,0.71
2017-04-08 09:15:00,170,127,42,1,49.7,7.29,9,5,True,오전(6-11),혼잡,0.59
2017-04-08 09:20:00,200,140,58,2,49.0,8.25,9,5,True,오전(6-11),혼잡,1.0
2017-04-08 09:25:00,164,116,46,2,48.5,7.05,9,5,True,오전(6-11),혼잡,1.22
2017-04-08 09:30:00,147,104,43,0,51.0,6.1,9,5,True,오전(6-11),혼잡,0.0
2017-04-08 09:35:00,201,137,61,3,43.7,9.86,9,5,True,오전(6-11),혼잡,1.49
2017-04-08 09:40:00,138,80,56,2,49.0,6.01,9,5,True,오전(6-11),혼잡,1.45
2017-04-08 09:45:00,147,102,43,2,50.8,7.07,9,5,True,오전(6-11),혼잡,1.36
2017-04-08 09:50:00,206,136,69,1,45.4,9.59,9,5,True,오전(6-11),혼잡,0.49
2017-04-08 09:55:00,175,118,56,1,47.1,8.22,9,5,True,오전(6-11),혼잡,0.57
2017-04-08 10:00:00,166,104,61,1,51.6,8.06,10,5,True,오전(6-11),혼잡,0.6
2017-04-08 10:05:00,192,122,68,2,45.2,10.14,10,5,True,오전(6-11),혼잡,1.04
2017-04-08 10:10:00,185,121,62,2,45.6,8.26,10,5,True,오전(6-11),혼잡,1.08
2017-04-08 10:15:00,161,107,52,2,43.8,9.02,10,5,True,오전(6-11),혼잡,1.24
2017-04-08 10:20:00,161,105,55,1,40.5,11.13,10,5,True,오전(6-11),혼잡,0.62
2017-04-08 10:25:00,178,118,56,4,35.6,17.01,10,5,True,오전(6-11),혼잡,2.25
2017-04-08 10:30:00,165,116,49,0,41.1,10.62,10,5,True,오전(6-11),혼잡,0.0
2017-04-08 10:35:00,200,145,55,0,44.1,9.57,10,5,True,오전(6-11),혼잡,0.0
2017-04-08 10:40:00,202,142,59,1,40.1,13.69,10,5,True,오전(6-11),혼잡,0.5
2017-04-08 10:45:00,200,129,70,1,40.8,10.48,10,5,True,오전(6-11),혼잡,0.5
2017-04-08 10:50:00,184,134,49,1,37.9,11.33,10,5,True,오전(6-11),혼잡,0.54
2017-04-08 10:55:00,182,134,47,1,44.2,9.36,10,5,True,오전(6-11),혼잡,0.55
2017-04-08 11:00:00,174,128,45,1,41.4,8.38,11,5,True,오전(6-11),혼잡,0.57
2017-04-08 11:05:00,190,131,55,4,38.8,10.89,11,5,True,오전(6-11),혼잡,2.11
2017-04-08 11:10:00,213,142,68,3,32.0,15.94,11,5,True,오전(6-11),혼잡,1.41
2017-04-08 11:15:00,211,140,71,0,35.1,14.57,11,5,True,오전(6-11),혼잡,0.0
2017-04-08 11:20:00,216,141,74,1,37.6,12.77,11,5,True,오전(6-11),혼잡,0.46
2017-04-08 11:25:00,225,159,65,1,38.6,12.27,11,5,True,오전(6-11),혼잡,0.44
2017-04-08 11:30:00,200,135,64,1,33.0,15.02,11,5,True,오전(6-11),혼잡,0.5
2017-04-08 11:35:00,170,108,58,4,36.0,14.82,11,5,True,오전(6-11),혼잡,2.35
2017-04-08 11:40:00,217,156,60,1,33.7,20.65,11,5,True,오전(6-11),혼잡,0.46
2017-04-08 11:45:00,235,171,61,3,31.2,18.17,11,5,True,오전(6-11),혼잡,1.28
2017-04-08 11:50:00,206,131,69,6,27.4,28.16,11,5,True,오전(6-11),혼잡,2.91
2017-04-08 11:55:00,145,103,42,0,26.4,30.27,11,5,True,오전(6-11),혼잡,0.0
2017-04-08 12:00:00,246,171,72,3,24.5,31.96,12,5,True,오후(12-17),혼잡,1.22
2017-04-08 12:05:00,243,160,79,4,26.9,31.62,12,5,True,오후(12-17),혼잡,1.65
2017-04-08 12:10:00,200,134,64,2,25.4,27.23,12,5,True,오후(12-17),혼잡,1.0
2017-04-08 12:15:00,172,117,52,3,30.7,24.59,12,5,True,오후(12-17),혼잡,1.74
2017-04-08 12:20:00,237,151,80,6,22.4,53.68,12,5,True,오후(12-17),혼잡,2.53
2017-04-08 12:25:00,251,172,72,7,24.7,49.3,12,5,True,오후(12-17),혼잡,2.79
2017-04-08 12:30:00,200,143,49,8,21.9,53.68,12,5,True,오후(12-17),혼잡,4.0
2017-04-08 12:35:00,207,131,72,4,25.7,39.71,12,5,True,오후(12-17),혼잡,1.93
2017-04-08 12:40:00,216,131,76,9,24.4,39.12,12,5,True,오후(12-17),혼잡,4.17
2017-04-08 12:45:00,254,164,88,2,34.6,19.13,12,5,True,오후(12-17),혼잡,0.79
2017-04-08 12:50:00,219,148,69,2,35.1,14.36,12,5,True,오후(12-17),혼잡,0.91
2017-04-08 12:55:00,202,133,68,1,35.3,12.08,12,5,True,오후(12-17),혼잡,0.5
2017-04-08 13:00:00,191,128,60,3,24.7,42.84,13,5,True,오후(12-17),혼잡,1.57
2017-04-08 13:05:00,267,173,85,9,25.2,36.28,13,5,True,오후(12-17),혼잡,3.37
2017-04-08 13:10:00,243,180,61,2,31.7,20.8,13,5,True,오후(12-17),혼잡,0.82
2017-04-08 13:15:00,213,154,54,5,26.3,32.1,13,5,True,오후(12-17),혼잡,2.35
2017-04-08 13:20:00,200,134,64,2,30.1,24.25,13,5,True,오후(12-17),혼잡,1.0
2017-04-08 13:25:00,158,98,59,1,42.6,8.41,13,5,True,오후(12-17),혼잡,0.63
2017-04-08 13:30:00,254,185,65,4,31.0,30.38,13,5,True,오후(12-17),혼잡,1.57
2017-04-08 13:35:00,189,133,52,4,29.7,19.86,13,5,True,오후(12-17),혼잡,2.12
2017-04-08 13:40:00,155,116,38,1,38.8,7.58,13,5,True,오후(12-17),혼잡,0.65
2017-04-08 13:45:00,220,152,65,3,38.2,10.9,13,5,True,오후(12-17),혼잡,1.36
2017-04-08 13:50:00,215,139,75,1,34.4,13.27,13,5,True,오후(12-17),혼잡,0.47
2017-04-08 13:55:00,229,166,60,3,30.6,28.98,13,5,True,오후(12-17),혼잡,1.31
2017-04-08 14:00:00,191,149,39,3,30.2,28.55,14,5,True,오후(12-17),혼잡,1.57
2017-04-08 14:05:00,208,148,60,0,37.8,13.46,14,5,True,오후(12-17),혼잡,0.0
2017-04-08 14:10:00,254,179,72,3,30.5,29.53,14,5,True,오후(12-17),혼잡,1.18
2017-04-08 14:15:00,225,154,67,4,32.5,24.86,14,5,True,오후(12-17),혼잡,1.78
2017-04-08 14:20:00,196,137,59,0,29.7,25.26,14,5,True,오후(12-17),혼잡,0.0
2017-04-08 14:25:00,194,130,61,3,34.1,14.91,14,5,True,오후(12-17),혼잡,1.55
2017-04-08 14:30:00,236,166,65,5,31.2,22.84,14,5,True,오후(12-17),혼잡,2.12
2017-04-08 14:35:00,203,136,67,0,38.8,11.05,14,5,True,오후(12-17),혼잡,0.0
2017-04-08 14:40:00,163,111,52,0,44.5,7.05,14,5,True,오후(12-17),혼잡,0.0
2017-04-08 14:45:00,183,135,48,0,35.2,18.59,14,5,True,오후(12-17),혼잡,0.0
2017-04-08 14:50:00,216,146,67,3,23.8,44.24,14,5,True,오후(12-17),혼잡,1.39
2017-04-08 14:55:00,225,169,52,4,27.8,40.58,14,5,True,오후(12-17),혼잡,1.78
2017-04-08 15:00:00,162,113,46,3,24.5,50.51,15,5,True,오후(12-17),혼잡,1.85
2017-04-08 15:05:00,157,107,41,9,23.3,60.52,15,5,True,오후(12-17),혼잡,5.73
2017-04-08 15:10:00,235,169,63,3,27.4,49.46,15,5,True,오후(12-17),혼잡,1.28
2017-04-08 15:15:00,209,160,44,5,23.6,57.81,15,5,True,오후(12-17),혼잡,2.39
2017-04-08 15:20:00,211,161,45,5,26.4,52.96,15,5,True,오후(12-17),혼잡,2.37
2017-04-08 15:25:00,156,125,29,2,24.3,48.4,15,5,True,오후(12-17),혼잡,1.28
2017-04-08 15:30:00,190,149,40,1,36.3,9.57,15,5,True,오후(12-17),혼잡,0.53
2017-04-08 15:35:00,236,180,54,2,26.9,27.88,15,5,True,오후(12-17),혼잡,0.85
2017-04-08 15:40:00,188,137,48,3,36.9,20.63,15,5,True,오후(12-17),혼잡,1.6
2017-04-08 15:45:00,192,150,41,1,36.0,10.89,15,5,True,오후(12-17),혼잡,0.52
2017-04-08 15:50:00,177,132,44,1,39.0,8.9,15,5,True,오후(12-17),혼잡,0.56
2017-04-08 15:55:00,230,179,51,0,33.6,13.78,15,5,True,오후(12-17),혼잡,0.0
2017-04-08 16:00:00,207,155,52,0,36.6,11.54,16,5,True,오후(12-17),혼잡,0.0
2017-04-08 16:05:00,181,137,39,5,38.3,10.26,16,5,True,오후(12-17),혼잡,2.76
2017-04-08 16:10:00,173,128,45,0,38.0,8.96,16,5,True,오후(12-17),혼잡,0.0
2017-04-08 16:15:00,224,170,53,1,38.9,12.35,16,5,True,오후(12-17),혼잡,0.45
2017-04-08 16:20:00,221,163,55,3,42.3,9.68,16,5,True,오후(12-17),혼잡,1.36
2017-04-08 16:25:00,185,129,53,3,37.7,12.94,16,5,True,오후(12-17),혼잡,1.62
2017-04-08 16:30:00,169,124,44,1,38.2,9.58,16,5,True,오후(12-17),혼잡,0.59
2017-04-08 16:35:00,188,137,51,0,43.3,7.9,16,5,True,오후(12-17),혼잡,0.0
2017-04-08 16:40:00,222,165,56,1,44.1,9.66,16,5,True,오후(12-17),혼잡,0.45
2017-04-08 16:45:00,192,148,44,0,41.1,9.58,16,5,True,오후(12-17),혼잡,0.0
2017-04-08 16:50:00,142,108,32,2,41.3,7.75,16,5,True,오후(12-17),혼잡,1.41
2017-04-08 16:55:00,173,119,52,2,41.8,8.6,16,5,True,오후(12-17),혼잡,1.16
2017-04-08 17:00:00,173,131,40,2,42.6,7.87,17,5,True,오후(12-17),혼잡,1.16
2017-04-08 17:05:00,188,146,40,2,42.0,8.27,17,5,True,오후(12-17),혼잡,1.06
2017-04-08 17:10:00,165,110,55,0,41.6,7.71,17,5,True,오후(12-17),혼잡,0.0
2017-04-08 17:15:00,171,122,47,2,42.5,8.08,17,5,True,오후(12-17),혼잡,1.17
2017-04-08 17:20:00,212,152,58,2,43.0,9.88,17,5,True,오후(12-17),혼잡,0.94
2017-04-08 17:25:00,191,148,40,3,41.6,9.53,17,5,True,오후(12-17),혼잡,1.57
2017-04-08 17:30:00,170,122,47,1,39.2,8.23,17,5,True,오후(12-17),혼잡,0.59
2017-04-08 17:35:00,149,117,30,2,40.2,7.12,17,5,True,오후(12-17),혼잡,1.34
2017-04-08 17:40:00,213,151,61,1,40.8,10.02,17,5,True,오후(12-17),혼잡,0.47
2017-04-08 17:45:00,195,141,52,2,41.6,9.23,17,5,True,오후(12-17),혼잡,1.03
2017-04-08 17:50:00,173,136,36,1,39.0,10.93,17,5,True,오후(12-17),혼잡,0.58
2017-04-08 17:55:00,148,120,27,1,40.4,8.24,17,5,True,오후(12-17),혼잡,0.68
2017-04-08 18:00:00,173,127,44,2,42.7,9.57,18,5,True,저녁(18-23),혼잡,1.16
2017-04-08 18:05:00,214,149,64,1,41.1,9.95,18,5,True,저녁(18-23),혼잡,0.47
2017-04-08 18:10:00,179,135,44,0,41.2,7.9,18,5,True,저녁(18-23),혼잡,0.0
2017-04-08 18:15:00,169,122,45,2,42.3,7.88,18,5,True,저녁(18-23),혼잡,1.18
2017-04-08 18:20:00,165,122,42,1,41.4,8.11,18,5,True,저녁(18-23),혼잡,0.61
2017-04-08 18:25:00,214,154,58,2,40.2,10.92,18,5,True,저녁(18-23),혼잡,0.93
2017-04-08 18:30:00,180,136,43,1,37.6,9.59,18,5,True,저녁(18-23),혼잡,0.56
2017-04-08 18:35:00,156,107,48,1,41.5,7.33,18,5,True,저녁(18-23),혼잡,0.64
2017-04-08 18:40:00,159,127,32,0,41.6,7.99,18,5,True,저녁(18-23),혼잡,0.0
2017-04-08 18:45:00,176,135,38,3,41.1,9.58,18,5,True,저녁(18-23),혼잡,1.7
2017-04-08 18:50:00,177,132,44,1,41.5,8.79,18,5,True,저녁(18-23),혼잡,0.56
2017-04-08 18:55:00,141,104,34,3,46.3,6.2,18,5,True,저녁(18-23),혼잡,2.13
2017-04-08 19:00:00,151,100,45,6,44.5,6.74,19,5,True,저녁(18-23),혼잡,3.97
2017-04-08 19:05:00,175,143,32,0,42.3,8.41,19,5,True,저녁(18-23),혼잡,0.0
2017-04-08 19:10:00,175,153,22,0,41.5,9.17,19,5,True,저녁(18-23),혼잡,0.0
2017-04-08 19:15:00,173,150,22,1,38.7,11.22,19,5,True,저녁(18-23),혼잡,0.58
2017-04-08 19:20:00,132,102,30,0,42.5,6.22,19,5,True,저녁(18-23),혼잡,0.0
2017-04-08 19:25:00,149,120,28,1,43.4,7.45,19,5,True,저녁(18-23),혼잡,0.67
2017-04-08 19:30:00,170,139,29,2,42.5,9.16,19,5,True,저녁(18-23),혼잡,1.18
2017-04-08 19:35:00,125,102,23,0,41.2,6.49,19,5,True,저녁(18-23),혼잡,0.0
2017-04-08 19:40:00,115,99,15,1,45.2,6.24,19,5,True,저녁(18-23),혼잡,0.87
2017-04-08 19:45:00,108,81,27,0,47.3,5.45,19,5,True,저녁(18-23),원활,0.0
2017-04-08 19:50:00,156,127,29,0,44.9,8.28,19,5,True,저녁(18-23),혼잡,0.0
2017-04-08 19:55:00,136,109,27,0,46.8,6.57,19,5,True,저녁(18-23),혼잡,0.0
2017-04-08 20:00:00,108,86,22,0,45.4,5.19,20,5,True,저녁(18-23),원활,0.0
2017-04-08 20:05:00,130,102,28,0,41.1,6.84,20,5,True,저녁(18-23),혼잡,0.0
2017-04-08 20:10:00,130,103,26,1,41.5,6.71,20,5,True,저녁(18-23),혼잡,0.77
2017-04-08 20:15:00,150,113,37,0,45.4,7.98,20,5,True,저녁(18-23),혼잡,0.0
2017-04-08 20:20:00,129,109,20,0,42.6,6.59,20,5,True,저녁(18-23),혼잡,0.0
2017-04-08 20:25:00,70,56,13,1,43.0,3.4,20,5,True,저녁(18-23),원활,1.43
2017-04-08 20:30:00,151,132,18,1,42.1,8.62,20,5,True,저녁(18-23),혼잡,0.66
2017-04-08 20:35:00,151,121,30,0,42.2,8.05,20,5,True,저녁(18-23),혼잡,0.0
2017-04-08 20:40:00,123,102,21,0,43.9,6.5,20,5,True,저녁(18-23),혼잡,0.0
2017-04-08 20:45:00,111,85,26,0,46.0,5.4,20,5,True,저녁(18-23),원활,0.0
2017-04-08 20:50:00,138,104,33,1,44.9,7.16,20,5,True,저녁(18-23),혼잡,0.72
2017-04-08 20:55:00,153,131,21,1,42.9,8.33,20,5,True,저녁(18-23),혼잡,0.65
2017-04-08 21:00:00,121,94,27,0,44.0,5.82,21,5,True,저녁(18-23),혼잡,0.0
2017-04-08 21:05:00,123,94,29,0,40.3,6.75,21,5,True,저녁(18-23),혼잡,0.0
2017-04-08 21:10:00,113,92,21,0,42.6,5.51,21,5,True,저녁(18-23),원활,0.0
2017-04-08 21:15:00,118,92,25,1,40.4,6.74,21,5,True,저녁(18-23),혼잡,0.85
2017-04-08 21:20:00,107,87,20,0,46.2,5.43,21,5,True,저녁(18-23),원활,0.0
2017-04-08 21:25:00,123,110,13,0,42.7,6.19,21,5,True,저녁(18-23),혼잡,0.0
2017-04-08 21:30:00,88,72,14,2,51.2,3.99,21,5,True,저녁(18-23),원활,2.27
2017-04-08 21:35:00,102,83,19,0,44.0,5.25,21,5,True,저녁(18-23),원활,0.0
2017-04-08 21:40:00,94,68,25,1,44.7,4.37,21,5,True,저녁(18-23),원활,1.06
2017-04-08 21:45:00,97,82,15,0,46.4,4.47,21,5,True,저녁(18-23),원활,0.0
2017-04-08 21:50:00,76,62,14,0,45.4,5.62,21,5,True,저녁(18-23),혼잡,0.0
2017-04-08 21:55:00,80,58,21,1,48.5,3.82,21,5,True,저녁(18-23),원활,1.25
2017-04-08 22:00:00,104,90,14,0,44.1,4.9,22,5,True,저녁(18-23),원활,0.0
2017-04-08 22:05:00,119,98,21,0,46.7,6.05,22,5,True,저녁(18-23),혼잡,0.0
2017-04-08 22:10:00,115,90,25,0,42.7,5.83,22,5,True,저녁(18-23),혼잡,0.0
2017-04-08 22:15:00,80,63,17,0,46.7,3.72,22,5,True,저녁(18-23),원활,0.0
2017-04-08 22:20:00,84,65,18,1,49.7,4.21,22,5,True,저녁(18-23),원활,1.19
2017-04-08 22:25:00,95,82,12,1,46.9,4.3,22,5,True,저녁(18-23),원활,1.05
2017-04-08 22:30:00,64,52,12,0,50.0,3.21,22,5,True,저녁(18-23),원활,0.0
2017-04-08 22:35:00,59,49,10,0,51.6,7.46,22,5,True,저녁(18-23),혼잡,0.0
2017-04-08 22:40:00,62,44,18,0,52.4,2.8,22,5,True,저녁(18-23),원활,0.0
2017-04-08 22:45:00,71,56,15,0,47.7,3.35,22,5,True,저녁(18-23),원활,0.0
2017-04-08 22:50:00,91,70,21,0,47.6,4.27,22,5,True,저녁(18-23),원활,0.0
2017-04-08 22:55:00,65,50,15,0,48.6,3.26,22,5,True,저녁(18-23),원활,0.0
2017-04-08 23:00:00,73,60,12,1,47.1,3.42,23,5,True,저녁(18-23),원활,1.37
2017-04-08 23:05:00,68,54,14,0,49.0,2.72,23,5,True,저녁(18-23),원활,0.0
2017-04-08 23:10:00,52,36,15,1,50.5,2.13,23,5,True,저녁(18-23),원활,1.92
2017-04-08 23:15:00,76,60,16,0,52.5,2.97,23,5,True,저녁(18-23),원활,0.0
2017-04-08 23:20:00,68,51,15,2,51.8,2.84,23,5,True,저녁(18-23),원활,2.94
2017-04-08 23:25:00,51,34,17,0,55.1,2.26,23,5,True,저녁(18-23),원활,0.0
2017-04-08 23:30:00,47,35,12,0,57.7,2.09,23,5,True,저녁(18-23),원활,0.0
2017-04-08 23:35:00,61,40,21,0,50.9,2.91,23,5,True,저녁(18-23),원활,0.0
2017-04-08 23:40:00,44,34,10,0,51.4,1.99,23,5,True,저녁(18-23),원활,0.0
2017-04-08 23:45:00,65,50,15,0,52.3,2.84,23,5,True,저녁(18-23),원활,0.0
2017-04-08 23:50:00,39,28,10,1,60.5,1.56,23,5,True,저녁(18-23),원활,2.56
2017-04-08 23:55:00,43,31,12,0,49.2,2.15,23,5,True,저녁(18-23),원활,0.0
2017-04-09 00:00:00,65,46,18,1,54.9,2.69,0,6,True,새벽(0-5),원활,1.54
2017-04-09 00:05:00,46,38,8,0,54.7,1.87,0,6,True,새벽(0-5),원활,0.0
2017-04-09 00:10:00,22,16,6,0,55.5,0.94,0,6,True,새벽(0-5),원활,0.0
2017-04-09 00:15:00,51,35,16,0,53.3,2.09,0,6,True,새벽(0-5),원활,0.0
2017-04-09 00:20:00,43,27,15,1,59.2,1.61,0,6,True,새벽(0-5),원활,2.33
2017-04-09 00:25:00,32,22,10,0,55.0,1.34,0,6,True,새벽(0-5),원활,0.0
2017-04-09 00:30:00,52,41,11,0,52.5,2.06,0,6,True,새벽(0-5),원활,0.0
2017-04-09 00:35:00,48,35,13,0,58.5,1.58,0,6,True,새벽(0-5),원활,0.0
2017-04-09 00:40:00,43,28,15,0,61.3,1.65,0,6,True,새벽(0-5),원활,0.0
2017-04-09 00:45:00,35,23,12,0,55.1,1.64,0,6,True,새벽(0-5),원활,0.0
2017-04-09 00:50:00,38,28,10,0,56.3,1.42,0,6,True,새벽(0-5),원활,0.0
2017-04-09 00:55:00,22,13,9,0,56.7,0.9,0,6,True,새벽(0-5),원활,0.0
2017-04-09 01:00:00,18,10,8,0,52.9,0.81,1,6,True,새벽(0-5),원활,0.0
2017-04-09 01:05:00,37,28,9,0,55.7,1.37,1,6,True,새벽(0-5),원활,0.0
2017-04-09 01:10:00,25,15,10,0,56.7,1.05,1,6,True,새벽(0-5),원활,0.0
2017-04-09 01:15:00,26,17,9,0,59.0,1.12,1,6,True,새벽(0-5),원활,0.0
2017-04-09 01:20:00,31,21,10,0,60.4,1.06,1,6,True,새벽(0-5),원활,0.0
2017-04-09 01:25:00,20,13,6,1,69.6,0.8,1,6,True,새벽(0-5),원활,5.0
2017-04-09 01:30:00,9,7,2,0,63.9,0.79,1,6,True,새벽(0-5),원활,0.0
2017-04-09 01:35:00,31,20,11,0,62.2,1.08,1,6,True,새벽(0-5),원활,0.0
2017-04-09 01:40:00,25,16,9,0,53.2,1.06,1,6,True,새벽(0-5),원활,0.0
2017-04-09 01:45:00,21,17,4,0,69.4,3.59,1,6,True,새벽(0-5),원활,0.0
2017-04-09 01:50:00,27,15,12,0,68.2,1.21,1,6,True,새벽(0-5),원활,0.0
2017-04-09 01:55:00,16,10,6,0,60.5,0.55,1,6,True,새벽(0-5),원활,0.0
2017-04-09 02:00:00,27,18,9,0,60.6,1.02,2,6,True,새벽(0-5),원활,0.0
2017-04-09 02:05:00,14,10,4,0,76.7,0.56,2,6,True,새벽(0-5),원활,0.0
2017-04-09 02:10:00,35,21,14,0,58.8,1.14,2,6,True,새벽(0-5),원활,0.0
2017-04-09 02:15:00,21,9,11,1,62.6,0.75,2,6,True,새벽(0-5),원활,4.76
2017-04-09 02:20:00,14,8,6,0,68.7,0.56,2,6,True,새벽(0-5),원활,0.0
2017-04-09 02:25:00,20,11,9,0,67.1,0.77,2,6,True,새벽(0-5),원활,0.0
2017-04-09 02:30:00,16,9,7,0,59.6,0.66,2,6,True,새벽(0-5),원활,0.0
2017-04-09 02:35:00,25,17,8,0,60.3,1.07,2,6,True,새벽(0-5),원활,0.0
2017-04-09 02:40:00,26,18,8,0,62.0,0.92,2,6,True,새벽(0-5),원활,0.0
2017-04-09 02:45:00,19,17,2,0,49.8,0.71,2,6,True,새벽(0-5),원활,0.0
2017-04-09 02:50:00,17,12,5,0,57.3,0.76,2,6,True,새벽(0-5),원활,0.0
2017-04-09 02:55:00,13,10,3,0,58.5,0.51,2,6,True,새벽(0-5),원활,0.0
2017-04-09 03:00:00,26,16,10,0,62.9,0.89,3,6,True,새벽(0-5),원활,0.0
2017-04-09 03:05:00,17,9,8,0,60.3,0.78,3,6,True,새벽(0-5),원활,0.0
2017-04-09 03:10:00,25,15,10,0,58.5,0.95,3,6,True,새벽(0-5),원활,0.0
2017-04-09 03:15:00,27,21,6,0,60.3,0.98,3,6,True,새벽(0-5),원활,0.0
2017-04-09 03:20:00,17,7,10,0,75.7,0.64,3,6,True,새벽(0-5),원활,0.0
2017-04-09 03:25:00,12,9,3,0,72.5,0.41,3,6,True,새벽(0-5),원활,0.0
2017-04-09 03:30:00,17,11,6,0,63.6,0.66,3,6,True,새벽(0-5),원활,0.0
2017-04-09 03:35:00,15,11,4,0,62.0,0.67,3,6,True,새벽(0-5),원활,0.0
2017-04-09 03:40:00,13,5,8,0,59.5,0.59,3,6,True,새벽(0-5),원활,0.0
2017-04-09 03:45:00,20,10,10,0,59.1,1.02,3,6,True,새벽(0-5),원활,0.0
2017-04-09 03:50:00,15,8,7,0,59.4,0.65,3,6,True,새벽(0-5),원활,0.0
2017-04-09 03:55:00,19,9,10,0,67.9,0.67,3,6,True,새벽(0-5),원활,0.0
2017-04-09 04:00:00,14,10,4,0,56.6,0.55,4,6,True,새벽(0-5),원활,0.0
2017-04-09 04:05:00,15,10,5,0,71.5,0.6,4,6,True,새벽(0-5),원활,0.0
2017-04-09 04:10:00,15,12,3,0,58.1,0.65,4,6,True,새벽(0-5),원활,0.0
2017-04-09 04:15:00,22,11,11,0,56.6,0.86,4,6,True,새벽(0-5),원활,0.0
2017-04-09 04:20:00,12,6,6,0,62.3,0.46,4,6,True,새벽(0-5),원활,0.0
2017-04-09 04:25:00,18,13,5,0,78.4,0.73,4,6,True,새벽(0-5),원활,0.0
2017-04-09 04:30:00,26,15,11,0,58.2,0.92,4,6,True,새벽(0-5),원활,0.0
2017-04-09 04:35:00,25,16,9,0,57.9,1.13,4,6,True,새벽(0-5),원활,0.0
2017-04-09 04:40:00,18,12,6,0,63.0,0.83,4,6,True,새벽(0-5),원활,0.0
2017-04-09 04:45:00,17,12,5,0,53.7,1.16,4,6,True,새벽(0-5),원활,0.0
2017-04-09 04:50:00,22,15,7,0,66.8,0.76,4,6,True,새벽(0-5),원활,0.0
2017-04-09 04:55:00,14,5,9,0,65.6,0.61,4,6,True,새벽(0-5),원활,0.0
2017-04-09 05:00:00,25,15,10,0,68.8,0.97,5,6,True,새벽(0-5),원활,0.0
2017-04-09 05:05:00,14,7,7,0,48.5,0.6,5,6,True,새벽(0-5),원활,0.0
2017-04-09 05:10:00,33,23,10,0,65.0,1.15,5,6,True,새벽(0-5),원활,0.0
2017-04-09 05:15:00,35,21,14,0,65.1,1.67,5,6,True,새벽(0-5),원활,0.0
2017-04-09 05:20:00,31,26,5,0,59.8,1.01,5,6,True,새벽(0-5),원활,0.0
2017-04-09 05:25:00,22,15,7,0,62.6,0.97,5,6,True,새벽(0-5),원활,0.0
2017-04-09 05:30:00,29,20,9,0,57.9,1.04,5,6,True,새벽(0-5),원활,0.0
2017-04-09 05:35:00,41,26,15,0,59.4,1.88,5,6,True,새벽(0-5),원활,0.0
2017-04-09 05:40:00,19,15,4,0,63.5,0.81,5,6,True,새벽(0-5),원활,0.0
2017-04-09 05:45:00,41,30,11,0,50.6,1.68,5,6,True,새벽(0-5),원활,0.0
2017-04-09 05:50:00,44,20,23,1,57.2,1.94,5,6,True,새벽(0-5),원활,2.27
2017-04-09 05:55:00,40,19,18,3,53.6,2.05,5,6,True,새벽(0-5),원활,7.5
2017-04-09 06:00:00,40,21,18,1,52.1,2.26,6,6,True,오전(6-11),원활,2.5
2017-04-09 06:05:00,40,25,14,1,56.9,1.57,6,6,True,오전(6-11),원활,2.5
2017-04-09 06:10:00,35,25,10,0,63.0,1.23,6,6,True,오전(6-11),원활,0.0
2017-04-09 06:15:00,44,32,10,2,60.8,1.6,6,6,True,오전(6-11),원활,4.55
2017-04-09 06:20:00,63,40,23,0,62.0,1.93,6,6,True,오전(6-11),원활,0.0
2017-04-09 06:25:00,51,31,19,1,65.9,1.84,6,6,True,오전(6-11),원활,1.96
2017-04-09 06:30:00,47,34,13,0,69.0,1.75,6,6,True,오전(6-11),원활,0.0
2017-04-09 06:35:00,59,27,32,0,60.4,2.25,6,6,True,오전(6-11),원활,0.0
2017-04-09 06:40:00,58,34,22,2,52.7,2.11,6,6,True,오전(6-11),원활,3.45
2017-04-09 06:45:00,45,28,14,3,59.0,2.04,6,6,True,오전(6-11),원활,6.67
2017-04-09 06:50:00,50,35,15,0,59.9,1.87,6,6,True,오전(6-11),원활,0.0
2017-04-09 06:55:00,61,39,20,2,57.5,2.13,6,6,True,오전(6-11),원활,3.28
2017-04-09 07:00:00,60,45,15,0,55.9,2.47,7,6,True,오전(6-11),원활,0.0
2017-04-09 07:05:00,42,31,10,1,63.4,1.77,7,6,True,오전(6-11),원활,2.38
2017-04-09 07:10:00,82,58,23,1,56.9,2.76,7,6,True,오전(6-11),원활,1.22
2017-04-09 07:15:00,70,47,20,3,57.0,2.77,7,6,True,오전(6-11),원활,4.29
2017-04-09 07:20:00,101,78,21,2,57.0,3.98,7,6,True,오전(6-11),원활,1.98
2017-04-09 07:25:00,93,59,31,3,54.4,4.3,7,6,True,오전(6-11),원활,3.23
2017-04-09 07:30:00,98,76,21,1,55.2,3.37,7,6,True,오전(6-11),원활,1.02
2017-04-09 07:35:00,65,37,26,2,56.3,2.76,7,6,True,오전(6-11),원활,3.08
2017-04-09 07:40:00,44,28,15,1,60.3,1.73,7,6,True,오전(6-11),원활,2.27
2017-04-09 07:45:00,66,52,12,2,56.9,2.49,7,6,True,오전(6-11),원활,3.03
2017-04-09 07:50:00,70,48,21,1,54.9,2.89,7,6,True,오전(6-11),원활,1.43
2017-04-09 07:55:00,52,35,17,0,56.8,2.19,7,6,True,오전(6-11),원활,0.0
2017-04-09 08:00:00,63,36,25,2,61.2,2.1,8,6,True,오전(6-11),원활,3.17
2017-04-09 08:05:00,61,43,15,3,58.1,2.47,8,6,True,오전(6-11),원활,4.92
2017-04-09 08:10:00,55,36,19,0,54.5,2.47,8,6,True,오전(6-11),원활,0.0
2017-04-09 08:15:00,86,61,23,2,55.6,2.87,8,6,True,오전(6-11),원활,2.33
2017-04-09 08:20:00,75,61,13,1,54.7,2.65,8,6,True,오전(6-11),원활,1.33
2017-04-09 08:25:00,85,58,26,1,54.2,3.92,8,6,True,오전(6-11),원활,1.18
2017-04-09 08:30:00,75,50,23,2,50.5,3.09,8,6,True,오전(6-11),원활,2.67
2017-04-09 08:35:00,84,58,22,4,53.8,3.3,8,6,True,오전(6-11),원활,4.76
2017-04-09 08:40:00,111,83,27,1,45.6,6.56,8,6,True,오전(6-11),혼잡,0.9
2017-04-09 08:45:00,142,98,43,1,44.7,8.2,8,6,True,오전(6-11),혼잡,0.7
2017-04-09 08:50:00,137,103,32,2,44.3,8.77,8,6,True,오전(6-11),혼잡,1.46
2017-04-09 08:55:00,99,69,29,1,43.4,6.66,8,6,True,오전(6-11),혼잡,1.01
2017-04-09 09:00:00,115,78,36,1,50.2,4.75,9,6,True,오전(6-11),원활,0.87
2017-04-09 09:05:00,132,95,35,2,48.2,5.36,9,6,True,오전(6-11),원활,1.52
2017-04-09 09:10:00,109,75,30,4,54.7,4.01,9,6,True,오전(6-11),원활,3.67
2017-04-09 09:15:00,125,86,37,2,48.8,6.47,9,6,True,오전(6-11),혼잡,1.6
2017-04-09 09:20:00,93,59,34,0,51.3,3.21,9,6,True,오전(6-11),원활,0.0
2017-04-09 09:25:00,111,76,33,2,50.6,4.89,9,6,True,오전(6-11),원활,1.8
2017-04-09 09:30:00,85,52,33,0,49.0,3.91,9,6,True,오전(6-11),원활,0.0
2017-04-09 09:35:00,91,56,35,0,51.9,3.73,9,6,True,오전(6-11),원활,0.0
2017-04-09 09:40:00,133,74,58,1,52.6,4.83,9,6,True,오전(6-11),원활,0.75
2017-04-09 09:45:00,78,50,27,1,52.7,3.49,9,6,True,오전(6-11),원활,1.28
2017-04-09 09:50:00,111,67,44,0,51.2,4.49,9,6,True,오전(6-11),원활,0.0
2017-04-09 09:55:00,104,65,38,1,51.7,3.77,9,6,True,오전(6-11),원활,0.96
2017-04-09 10:00:00,105,74,30,1,51.7,4.6,10,6,True,오전(6-11),원활,0.95
2017-04-09 10:05:00,109,67,41,1,47.2,4.69,10,6,True,오전(6-11),원활,0.92
2017-04-09 10:10:00,115,82,33,0,55.1,3.88,10,6,True,오전(6-11),원활,0.0
2017-04-09 10:15:00,83,53,28,2,49.2,4.26,10,6,True,오전(6-11),원활,2.41
2017-04-09 10:20:00,121,63,56,2,46.9,5.5,10,6,True,오전(6-11),원활,1.65
2017-04-09 10:25:00,166,106,55,5,37.3,10.65,10,6,True,오전(6-11),혼잡,3.01
2017-04-09 10:30:00,172,113,57,2,42.2,8.47,10,6,True,오전(6-11),혼잡,1.16
2017-04-09 10:35:00,147,109,38,0,44.5,8.3,10,6,True,오전(6-11),혼잡,0.0
2017-04-09 10:40:00,156,107,47,2,37.3,14.86,10,6,True,오전(6-11),혼잡,1.28
2017-04-09 10:45:00,176,118,53,5,32.8,21.98,10,6,True,오전(6-11),혼잡,2.84
2017-04-09 10:50:00,139,85,51,3,35.8,14.33,10,6,True,오전(6-11),혼잡,2.16
2017-04-09 10:55:00,136,80,56,0,40.7,8.28,10,6,True,오전(6-11),혼잡,0.0
2017-04-09 11:00:00,166,114,50,2,41.2,7.99,11,6,True,오전(6-11),혼잡,1.2
2017-04-09 11:05:00,137,86,50,1,41.6,8.06,11,6,True,오전(6-11),혼잡,0.73
2017-04-09 11:10:00,177,115,60,2,37.8,10.99,11,6,True,오전(6-11),혼잡,1.13
2017-04-09 11:15:00,166,100,65,1,37.1,9.28,11,6,True,오전(6-11),혼잡,0.6
2017-04-09 11:20:00,158,100,55,3,42.0,8.39,11,6,True,오전(6-11),혼잡,1.9
2017-04-09 11:25:00,171,117,54,0,40.1,9.19,11,6,True,오전(6-11),혼잡,0.0
2017-04-09 11:30:00,172,122,49,1,36.4,11.89,11,6,True,오전(6-11),혼잡,0.58
2017-04-09 11:35:00,140,102,37,1,34.1,13.11,11,6,True,오전(6-11),혼잡,0.71
2017-04-09 11:40:00,169,115,51,3,40.7,10.11,11,6,True,오전(6-11),혼잡,1.78
2017-04-09 11:45:00,188,117,66,5,42.1,9.83,11,6,True,오전(6-11),혼잡,2.66
2017-04-09 11:50:00,137,95,40,2,40.0,11.03,11,6,True,오전(6-11),혼잡,1.46
2017-04-09 11:55:00,188,138,49,1,40.4,9.79,11,6,True,오전(6-11),혼잡,0.53
2017-04-09 12:00:00,206,139,66,1,38.2,10.32,12,6,True,오후(12-17),혼잡,0.49
2017-04-09 12:05:00,161,119,42,0,40.5,8.67,12,6,True,오후(12-17),혼잡,0.0
2017-04-09 12:10:00,148,96,52,0,42.1,7.54,12,6,True,오후(12-17),혼잡,0.0
2017-04-09 12:15:00,192,129,62,1,42.5,8.22,12,6,True,오후(12-17),혼잡,0.52
2017-04-09 12:20:00,116,90,24,2,48.5,5.79,12,6,True,오후(12-17),혼잡,1.72
2017-04-09 12:25:00,163,119,42,2,44.3,7.5,12,6,True,오후(12-17),혼잡,1.23
2017-04-09 12:30:00,199,129,68,2,37.5,11.96,12,6,True,오후(12-17),혼잡,1.01
2017-04-09 12:35:00,200,148,47,5,33.3,14.19,12,6,True,오후(12-17),혼잡,2.5
2017-04-09 12:40:00,158,97,59,2,38.3,11.44,12,6,True,오후(12-17),혼잡,1.27
2017-04-09 12:45:00,164,112,51,1,40.8,9.78,12,6,True,오후(12-17),혼잡,0.61
2017-04-09 12:50:00,197,131,65,1,35.5,14.51,12,6,True,오후(12-17),혼잡,0.51
2017-04-09 12:55:00,143,101,39,3,36.5,10.11,12,6,True,오후(12-17),혼잡,2.1
2017-04-09 13:00:00,180,132,47,1,37.9,10.43,13,6,True,오후(12-17),혼잡,0.56
2017-04-09 13:05:00,210,143,65,2,40.8,10.08,13,6,True,오후(12-17),혼잡,0.95
2017-04-09 13:10:00,183,118,64,1,43.0,9.58,13,6,True,오후(12-17),혼잡,0.55
2017-04-09 13:15:00,208,131,72,5,38.8,11.63,13,6,True,오후(12-17),혼잡,2.4
2017-04-09 13:20:00,195,130,64,1,42.8,9.03,13,6,True,오후(12-17),혼잡,0.51
2017-04-09 13:25:00,192,129,61,2,40.1,9.88,13,6,True,오후(12-17),혼잡,1.04
2017-04-09 13:30:00,134,96,37,1,42.5,7.24,13,6,True,오후(12-17),혼잡,0.75
2017-04-09 13:35:00,173,112,59,2,41.5,8.52,13,6,True,오후(12-17),혼잡,1.16
2017-04-09 13:40:00,211,159,51,1,38.6,11.54,13,6,True,오후(12-17),혼잡,0.47
2017-04-09 13:45:00,175,126,47,2,42.2,9.14,13,6,True,오후(12-17),혼잡,1.14
2017-04-09 13:50:00,215,157,57,1,37.5,12.05,13,6,True,오후(12-17),혼잡,0.47
2017-04-09 13:55:00,219,147,69,3,37.5,10.51,13,6,True,오후(12-17),혼잡,1.37
2017-04-09 14:00:00,168,131,37,0,41.6,8.81,14,6,True,오후(12-17),혼잡,0.0
2017-04-09 14:05:00,175,127,46,2,41.6,8.62,14,6,True,오후(12-17),혼잡,1.14
2017-04-09 14:10:00,200,143,57,0,39.1,10.09,14,6,True,오후(12-17),혼잡,0.0
2017-04-09 14:15:00,130,102,27,1,40.7,6.95,14,6,True,오후(12-17),혼잡,0.77
2017-04-09 14:20:00,188,134,53,1,41.7,9.48,14,6,True,오후(12-17),혼잡,0.53
2017-04-09 14:25:00,198,139,59,0,40.7,8.59,14,6,True,오후(12-17),혼잡,0.0
2017-04-09 14:30:00,174,120,54,0,41.1,9.37,14,6,True,오후(12-17),혼잡,0.0
2017-04-09 14:35:00,183,129,54,0,43.1,8.55,14,6,True,오후(12-17),혼잡,0.0
2017-04-09 14:40:00,196,144,52,0,42.0,9.7,14,6,True,오후(12-17),혼잡,0.0
2017-04-09 14:45:00,181,127,52,2,41.1,10.32,14,6,True,오후(12-17),혼잡,1.1
2017-04-09 14:50:00,171,118,52,1,39.4,9.55,14,6,True,오후(12-17),혼잡,0.58
2017-04-09 14:55:00,142,97,45,0,43.7,7.73,14,6,True,오후(12-17),혼잡,0.0
2017-04-09 15:00:00,207,147,60,0,41.2,9.55,15,6,True,오후(12-17),혼잡,0.0
2017-04-09 15:05:00,179,123,53,3,39.1,10.23,15,6,True,오후(12-17),혼잡,1.68
2017-04-09 15:10:00,162,116,45,1,42.6,7.08,15,6,True,오후(12-17),혼잡,0.62
2017-04-09 15:15:00,190,131,59,0,38.4,12.4,15,6,True,오후(12-17),혼잡,0.0
2017-04-09 15:20:00,160,125,35,0,42.6,7.03,15,6,True,오후(12-17),혼잡,0.0
2017-04-09 15:25:00,169,131,38,0,42.7,7.0,15,6,True,오후(12-17),혼잡,0.0
2017-04-09 15:30:00,155,114,38,3,40.5,8.62,15,6,True,오후(12-17),혼잡,1.94
2017-04-09 15:35:00,137,109,26,2,39.7,7.97,15,6,True,오후(12-17),혼잡,1.46
2017-04-09 15:40:00,163,126,37,0,39.3,8.16,15,6,True,오후(12-17),혼잡,0.0
2017-04-09 15:45:00,197,141,56,0,37.2,9.98,15,6,True,오후(12-17),혼잡,0.0
2017-04-09 15:50:00,171,133,38,0,42.4,8.46,15,6,True,오후(12-17),혼잡,0.0
2017-04-09 15:55:00,170,128,41,1,39.6,6.7,15,6,True,오후(12-17),혼잡,0.59
2017-04-09 16:00:00,185,141,43,1,41.6,8.08,16,6,True,오후(12-17),혼잡,0.54
2017-04-09 16:05:00,165,121,42,2,40.5,8.8,16,6,True,오후(12-17),혼잡,1.21
2017-04-09 16:10:00,194,143,51,0,42.7,8.09,16,6,True,오후(12-17),혼잡,0.0
2017-04-09 16:15:00,154,109,43,2,43.5,7.61,16,6,True,오후(12-17),혼잡,1.3
2017-04-09 16:20:00,123,90,32,1,45.4,6.34,16,6,True,오후(12-17),혼잡,0.81
2017-04-09 16:25:00,179,137,41,1,41.8,10.59,16,6,True,오후(12-17),혼잡,0.56
2017-04-09 16:30:00,145,110,35,0,44.2,6.77,16,6,True,오후(12-17),혼잡,0.0
2017-04-09 16:35:00,141,108,33,0,45.8,8.22,16,6,True,오후(12-17),혼잡,0.0
2017-04-09 16:40:00,133,101,32,0,46.2,5.53,16,6,True,오후(12-17),원활,0.0
2017-04-09 16:45:00,172,112,59,1,45.8,6.84,16,6,True,오후(12-17),혼잡,0.58
2017-04-09 16:50:00,139,105,32,2,42.0,6.95,16,6,True,오후(12-17),혼잡,1.44
2017-04-09 16:55:00,97,75,20,2,45.7,4.36,16,6,True,오후(12-17),원활,2.06
2017-04-09 17:00:00,169,119,50,0,49.6,6.29,17,6,True,오후(12-17),혼잡,0.0
2017-04-09 17:05:00,114,86,27,1,47.5,5.99,17,6,True,오후(12-17),혼잡,0.88
2017-04-09 17:10:00,79,57,19,3,43.5,13.08,17,6,True,오후(12-17),혼잡,3.8
2017-04-09 17:15:00,148,103,42,3,45.9,6.58,17,6,True,오후(12-17),혼잡,2.03
2017-04-09 17:20:00,155,107,48,0,42.7,7.11,17,6,True,오후(12-17),혼잡,0.0
2017-04-09 17:25:00,108,72,34,2,46.4,5.45,17,6,True,오후(12-17),원활,1.85
2017-04-09 17:30:00,135,103,31,1,46.8,5.88,17,6,True,오후(12-17),혼잡,0.74
2017-04-09 17:35:00,136,91,43,2,50.2,4.92,17,6,True,오후(12-17),원활,1.47
2017-04-09 17:40:00,88,62,25,1,49.0,3.91,17,6,True,오후(12-17),원활,1.14
2017-04-09 17:45:00,161,114,46,1,44.4,7.11,17,6,True,오후(12-17),혼잡,0.62
2017-04-09 17:50:00,153,111,39,3,46.6,6.09,17,6,True,오후(12-17),혼잡,1.96
2017-04-09 17:55:00,137,93,42,2,47.0,6.47,17,6,True,오후(12-17),혼잡,1.46
2017-04-09 18:00:00,156,110,43,3,44.1,6.95,18,6,True,저녁(18-23),혼잡,1.92
2017-04-09 18:05:00,161,121,40,0,47.1,6.55,18,6,True,저녁(18-23),혼잡,0.0
2017-04-09 18:10:00,125,96,26,3,45.5,5.84,18,6,True,저녁(18-23),혼잡,2.4
2017-04-09 18:15:00,128,94,31,3,44.8,5.83,18,6,True,저녁(18-23),혼잡,2.34
2017-04-09 18:20:00,150,107,39,4,47.6,6.11,18,6,True,저녁(18-23),혼잡,2.67
2017-04-09 18:25:00,173,122,49,2,43.7,7.98,18,6,True,저녁(18-23),혼잡,1.16
2017-04-09 18:30:00,134,106,27,1,47.0,6.22,18,6,True,저녁(18-23),혼잡,0.75
2017-04-09 18:35:00,137,103,32,2,48.5,5.71,18,6,True,저녁(18-23),혼잡,1.46
2017-04-09 18:40:00,127,92,33,2,49.9,4.73,18,6,True,저녁(18-23),원활,1.57
2017-04-09 18:45:00,123,86,36,1,47.5,5.7,18,6,True,저녁(18-23),혼잡,0.81
2017-04-09 18:50:00,123,92,30,1,47.3,4.79,18,6,True,저녁(18-23),원활,0.81
2017-04-09 18:55:00,168,117,48,3,45.5,7.29,18,6,True,저녁(18-23),혼잡,1.79
2017-04-09 19:00:00,112,86,24,2,47.9,4.67,19,6,True,저녁(18-23),원활,1.79
2017-04-09 19:05:00,117,81,33,3,45.9,5.71,19,6,True,저녁(18-23),혼잡,2.56
2017-04-09 19:10:00,142,123,19,0,45.8,5.99,19,6,True,저녁(18-23),혼잡,0.0
2017-04-09 19:15:00,162,133,28,1,43.1,8.04,19,6,True,저녁(18-23),혼잡,0.62
2017-04-09 19:20:00,133,109,23,1,45.1,8.72,19,6,True,저녁(18-23),혼잡,0.75
2017-04-09 19:25:00,153,129,24,0,42.3,8.53,19,6,True,저녁(18-23),혼잡,0.0
2017-04-09 19:30:00,146,109,36,1,46.8,7.78,19,6,True,저녁(18-23),혼잡,0.68
2017-04-09 19:35:00,88,72,15,1,43.8,4.76,19,6,True,저녁(18-23),원활,1.14
2017-04-09 19:40:00,138,107,31,0,44.6,6.5,19,6,True,저녁(18-23),혼잡,0.0
2017-04-09 19:45:00,138,114,22,2,46.4,6.19,19,6,True,저녁(18-23),혼잡,1.45
2017-04-09 19:50:00,116,88,28,0,48.6,7.47,19,6,True,저녁(18-23),혼잡,0.0
2017-04-09 19:55:00,118,100,18,0,47.4,6.14,19,6,True,저녁(18-23),혼잡,0.0
2017-04-09 20:00:00,139,110,28,1,47.4,6.18,20,6,True,저녁(18-23),혼잡,0.72
2017-04-09 20:05:00,116,87,28,1,44.4,6.58,20,6,True,저녁(18-23),혼잡,0.86
2017-04-09 20:10:00,121,105,16,0,44.2,6.12,20,6,True,저녁(18-23),혼잡,0.0
2017-04-09 20:15:00,101,87,12,2,43.6,6.17,20,6,True,저녁(18-23),혼잡,1.98
2017-04-09 20:20:00,129,100,29,0,47.1,5.54,20,6,True,저녁(18-23),원활,0.0
2017-04-09 20:25:00,107,76,30,1,51.6,6.57,20,6,True,저녁(18-23),혼잡,0.93
2017-04-09 20:30:00,115,94,20,1,46.4,5.66,20,6,True,저녁(18-23),혼잡,0.87
2017-04-09 20:35:00,120,97,23,0,46.4,4.91,20,6,True,저녁(18-23),원활,0.0
2017-04-09 20:40:00,113,95,17,1,42.9,7.08,20,6,True,저녁(18-23),혼잡,0.88
2017-04-09 20:45:00,116,98,18,0,46.0,8.1,20,6,True,저녁(18-23),혼잡,0.0
2017-04-09 20:50:00,111,89,21,1,47.0,4.49,20,6,True,저녁(18-23),원활,0.9
2017-04-09 20:55:00,65,46,17,2,54.8,3.02,20,6,True,저녁(18-23),원활,3.08
2017-04-09 21:00:00,85,60,24,1,51.4,4.33,21,6,True,저녁(18-23),원활,1.18
2017-04-09 21:05:00,128,96,32,0,43.9,5.94,21,6,True,저녁(18-23),혼잡,0.0
2017-04-09 21:10:00,74,53,21,0,51.0,3.76,21,6,True,저녁(18-23),원활,0.0
2017-04-09 21:15:00,131,105,26,0,46.6,6.51,21,6,True,저녁(18-23),혼잡,0.0
2017-04-09 21:20:00,100,66,33,1,47.3,4.43,21,6,True,저녁(18-23),원활,1.0
2017-04-09 21:25:00,92,70,22,0,49.7,4.55,21,6,True,저녁(18-23),원활,0.0
2017-04-09 21:30:00,77,55,21,1,52.4,3.52,21,6,True,저녁(18-23),원활,1.3
2017-04-09 21:35:00,80,59,21,0,44.2,4.2,21,6,True,저녁(18-23),원활,0.0
2017-04-09 21:40:00,95,73,22,0,49.3,4.1,21,6,True,저녁(18-23),원활,0.0
2017-04-09 21:45:00,59,42,17,0,51.2,3.21,21,6,True,저녁(18-23),원활,0.0
2017-04-09 21:50:00,86,70,16,0,47.9,3.88,21,6,True,저녁(18-23),원활,0.0
2017-04-09 21:55:00,77,64,13,0,47.0,3.26,21,6,True,저녁(18-23),원활,0.0
2017-04-09 22:00:00,64,47,17,0,50.0,3.42,22,6,True,저녁(18-23),원활,0.0
2017-04-09 22:05:00,61,47,14,0,46.2,2.97,22,6,True,저녁(18-23),원활,0.0
2017-04-09 22:10:00,80,60,18,2,46.8,4.17,22,6,True,저녁(18-23),원활,2.5
2017-04-09 22:15:00,50,30,20,0,46.2,2.86,22,6,True,저녁(18-23),원활,0.0
2017-04-09 22:20:00,67,41,26,0,51.3,3.15,22,6,True,저녁(18-23),원활,0.0
2017-04-09 22:25:00,64,45,19,0,48.9,2.5,22,6,True,저녁(18-23),원활,0.0
2017-04-09 22:30:00,38,27,11,0,55.9,1.85,22,6,True,저녁(18-23),원활,0.0
2017-04-09 22:35:00,47,31,16,0,51.9,2.45,22,6,True,저녁(18-23),원활,0.0
2017-04-09 22:40:00,52,44,8,0,54.6,1.93,22,6,True,저녁(18-23),원활,0.0
2017-04-09 22:45:00,72,53,18,1,48.7,3.31,22,6,True,저녁(18-23),원활,1.39
2017-04-09 22:50:00,54,34,20,0,51.9,2.63,22,6,True,저녁(18-23),원활,0.0
2017-04-09 22:55:00,60,37,21,2,52.3,2.45,22,6,True,저녁(18-23),원활,3.33
2017-04-09 23:00:00,45,30,15,0,50.6,2.05,23,6,True,저녁(18-23),원활,0.0
2017-04-09 23:05:00,29,22,7,0,51.3,1.58,23,6,True,저녁(18-23),원활,0.0
2017-04-09 23:10:00,40,34,6,0,54.2,1.7,23,6,True,저녁(18-23),원활,0.0
2017-04-09 23:15:00,55,44,11,0,51.2,2.18,23,6,True,저녁(18-23),원활,0.0
2017-04-09 23:20:00,35,23,12,0,52.0,2.03,23,6,True,저녁(18-23),원활,0.0
2017-04-09 23:25:00,48,30,18,0,56.9,2.08,23,6,True,저녁(18-23),원활,0.0
2017-04-09 23:30:00,47,29,17,1,49.8,1.91,23,6,True,저녁(18-23),원활,2.13
2017-04-09 23:35:00,31,24,7,0,48.3,1.62,23,6,True,저녁(18-23),원활,0.0
2017-04-09 23:40:00,36,25,11,0,54.8,1.59,23,6,True,저녁(18-23),원활,0.0
2017-04-09 23:45:00,36,28,8,0,50.5,1.4,23,6,True,저녁(18-23),원활,0.0
2017-04-09 23:50:00,16,9,7,0,57.2,0.72,23,6,True,저녁(18-23),원활,0.0
2017-04-09 23:55:00,27,23,4,0,57.6,1.2,23,6,True,저녁(18-23),원활,0.0
2017-04-10 00:00:00,45,31,14,0,61.4,1.57,0,0,False,새벽(0-5),원활,0.0
2017-04-10 00:05:00,27,24,3,0,52.4,1.06,0,0,False,새벽(0-5),원활,0.0
2017-04-10 00:10:00,20,13,7,0,55.8,0.96,0,0,False,새벽(0-5),원활,0.0
2017-04-10 00:15:00,24,20,4,0,53.3,0.91,0,0,False,새벽(0-5),원활,0.0
2017-04-10 00:20:00,22,15,7,0,59.4,0.74,0,0,False,새벽(0-5),원활,0.0
2017-04-10 00:25:00,20,14,6,0,64.7,0.71,0,0,False,새벽(0-5),원활,0.0
2017-04-10 00:30:00,23,15,8,0,56.8,0.91,0,0,False,새벽(0-5),원활,0.0
2017-04-10 00:35:00,25,19,6,0,60.0,0.94,0,0,False,새벽(0-5),원활,0.0
2017-04-10 00:40:00,25,19,6,0,59.9,1.03,0,0,False,새벽(0-5),원활,0.0
2017-04-10 00:45:00,18,12,6,0,65.0,0.71,0,0,False,새벽(0-5),원활,0.0
2017-04-10 00:50:00,26,16,10,0,56.8,1.13,0,0,False,새벽(0-5),원활,0.0
2017-04-10 00:55:00,17,13,4,0,57.0,0.81,0,0,False,새벽(0-5),원활,0.0
2017-04-10 01:00:00,18,13,5,0,56.0,0.75,1,0,False,새벽(0-5),원활,0.0
2017-04-10 01:05:00,16,9,7,0,61.7,0.68,1,0,False,새벽(0-5),원활,0.0
2017-04-10 01:10:00,16,10,6,0,58.0,0.69,1,0,False,새벽(0-5),원활,0.0
2017-04-10 01:15:00,15,10,5,0,63.6,0.51,1,0,False,새벽(0-5),원활,0.0
2017-04-10 01:20:00,9,6,3,0,56.0,0.39,1,0,False,새벽(0-5),원활,0.0
2017-04-10 01:25:00,20,12,8,0,63.0,0.75,1,0,False,새벽(0-5),원활,0.0
2017-04-10 01:30:00,11,8,3,0,60.8,0.51,1,0,False,새벽(0-5),원활,0.0
2017-04-10 01:35:00,9,6,3,0,47.1,0.41,1,0,False,새벽(0-5),원활,0.0
2017-04-10 01:40:00,9,9,0,0,53.9,0.28,1,0,False,새벽(0-5),원활,0.0
2017-04-10 01:45:00,10,5,5,0,65.1,0.36,1,0,False,새벽(0-5),원활,0.0
2017-04-10 01:50:00,13,9,4,0,57.2,0.49,1,0,False,새벽(0-5),원활,0.0
2017-04-10 01:55:00,13,9,3,1,43.5,0.56,1,0,False,새벽(0-5),원활,7.69
2017-04-10 02:00:00,12,9,3,0,61.1,0.48,2,0,False,새벽(0-5),원활,0.0
2017-04-10 02:05:00,12,9,3,0,67.8,0.42,2,0,False,새벽(0-5),원활,0.0
2017-04-10 02:10:00,16,10,6,0,60.0,0.62,2,0,False,새벽(0-5),원활,0.0
2017-04-10 02:15:00,12,9,3,0,60.9,0.5,2,0,False,새벽(0-5),원활,0.0
2017-04-10 02:20:00,10,6,4,0,65.1,0.48,2,0,False,새벽(0-5),원활,0.0
2017-04-10 02:25:00,10,6,4,0,62.4,0.39,2,0,False,새벽(0-5),원활,0.0
2017-04-10 02:30:00,15,12,3,0,55.5,0.67,2,0,False,새벽(0-5),원활,0.0
2017-04-10 02:35:00,16,12,4,0,51.8,0.61,2,0,False,새벽(0-5),원활,0.0
2017-04-10 02:40:00,12,6,6,0,56.2,0.57,2,0,False,새벽(0-5),원활,0.0
2017-04-10 02:45:00,21,9,9,3,82.9,3.68,2,0,False,새벽(0-5),원활,14.29
2017-04-10 02:50:00,13,9,3,1,57.1,0.67,2,0,False,새벽(0-5),원활,7.69
2017-04-10 02:55:00,9,7,2,0,61.3,0.33,2,0,False,새벽(0-5),원활,0.0
2017-04-10 03:00:00,6,4,2,0,49.4,0.29,3,0,False,새벽(0-5),원활,0.0
2017-04-10 03:05:00,8,7,0,1,54.9,0.27,3,0,False,새벽(0-5),원활,12.5
2017-04-10 03:10:00,13,8,5,0,62.8,0.62,3,0,False,새벽(0-5),원활,0.0
2017-04-10 03:15:00,12,5,7,0,56.6,0.44,3,0,False,새벽(0-5),원활,0.0
2017-04-10 03:20:00,9,7,2,0,56.8,0.36,3,0,False,새벽(0-5),원활,0.0
2017-04-10 03:25:00,19,14,4,1,60.3,0.8,3,0,False,새벽(0-5),원활,5.26
2017-04-10 03:30:00,9,6,3,0,71.3,0.42,3,0,False,새벽(0-5),원활,0.0
2017-04-10 03:35:00,9,6,3,0,67.1,0.41,3,0,False,새벽(0-5),원활,0.0
2017-04-10 03:40:00,12,5,7,0,47.6,0.92,3,0,False,새벽(0-5),원활,0.0
2017-04-10 03:45:00,11,8,3,0,53.3,0.52,3,0,False,새벽(0-5),원활,0.0
2017-04-10 03:50:00,19,10,9,0,50.2,0.8,3,0,False,새벽(0-5),원활,0.0
2017-04-10 03:55:00,21,15,6,0,54.5,1.08,3,0,False,새벽(0-5),원활,0.0
2017-04-10 04:00:00,10,8,2,0,53.8,0.39,4,0,False,새벽(0-5),원활,0.0
2017-04-10 04:05:00,19,16,3,0,54.3,0.88,4,0,False,새벽(0-5),원활,0.0
2017-04-10 04:10:00,13,9,4,0,53.9,0.57,4,0,False,새벽(0-5),원활,0.0
2017-04-10 04:15:00,19,15,4,0,63.3,0.76,4,0,False,새벽(0-5),원활,0.0
2017-04-10 04:20:00,11,9,2,0,53.1,0.52,4,0,False,새벽(0-5),원활,0.0
2017-04-10 04:25:00,23,15,8,0,56.2,1.11,4,0,False,새벽(0-5),원활,0.0
2017-04-10 04:30:00,33,23,10,0,62.6,1.3,4,0,False,새벽(0-5),원활,0.0
2017-04-10 04:35:00,37,25,12,0,67.0,1.46,4,0,False,새벽(0-5),원활,0.0
2017-04-10 04:40:00,29,16,13,0,55.6,1.19,4,0,False,새벽(0-5),원활,0.0
2017-04-10 04:45:00,30,21,9,0,55.5,1.32,4,0,False,새벽(0-5),원활,0.0
2017-04-10 04:50:00,43,30,11,2,57.2,1.79,4,0,False,새벽(0-5),원활,4.65
2017-04-10 04:55:00,18,12,6,0,57.9,0.93,4,0,False,새벽(0-5),원활,0.0
2017-04-10 05:00:00,26,17,9,0,53.1,1.28,5,0,False,새벽(0-5),원활,0.0
2017-04-10 05:05:00,32,26,6,0,57.2,1.43,5,0,False,새벽(0-5),원활,0.0
2017-04-10 05:10:00,51,34,17,0,56.7,2.0,5,0,False,새벽(0-5),원활,0.0
2017-04-10 05:15:00,88,66,17,5,51.6,11.92,5,0,False,새벽(0-5),혼잡,5.68
2017-04-10 05:20:00,90,69,20,1,47.9,5.56,5,0,False,새벽(0-5),혼잡,1.11
2017-04-10 05:25:00,86,59,26,1,54.7,5.39,5,0,False,새벽(0-5),원활,1.16
2017-04-10 05:30:00,65,47,18,0,54.1,2.68,5,0,False,새벽(0-5),원활,0.0
2017-04-10 05:35:00,50,31,19,0,53.5,2.36,5,0,False,새벽(0-5),원활,0.0
2017-04-10 05:40:00,43,30,13,0,52.6,1.72,5,0,False,새벽(0-5),원활,0.0
2017-04-10 05:45:00,54,37,17,0,54.0,2.15,5,0,False,새벽(0-5),원활,0.0
2017-04-10 05:50:00,69,41,26,2,56.0,3.19,5,0,False,새벽(0-5),원활,2.9
2017-04-10 05:55:00,74,41,30,3,58.1,3.04,5,0,False,새벽(0-5),원활,4.05
2017-04-10 06:00:00,94,57,37,0,52.1,3.88,6,0,False,오전(6-11),원활,0.0
2017-04-10 06:05:00,104,59,40,5,54.7,3.9,6,0,False,오전(6-11),원활,4.81
2017-04-10 06:10:00,83,46,37,0,54.2,3.32,6,0,False,오전(6-11),원활,0.0
2017-04-10 06:15:00,102,68,31,3,53.9,3.9,6,0,False,오전(6-11),원활,2.94
2017-04-10 06:20:00,95,54,41,0,58.5,3.32,6,0,False,오전(6-11),원활,0.0
2017-04-10 06:25:00,120,68,52,0,53.4,5.13,6,0,False,오전(6-11),원활,0.0
2017-04-10 06:30:00,140,97,43,0,53.5,7.46,6,0,False,오전(6-11),혼잡,0.0
2017-04-10 06:35:00,128,81,46,1,58.9,4.6,6,0,False,오전(6-11),원활,0.78
2017-04-10 06:40:00,148,89,59,0,54.3,5.71,6,0,False,오전(6-11),혼잡,0.0
2017-04-10 06:45:00,151,94,52,5,53.4,6.0,6,0,False,오전(6-11),혼잡,3.31
2017-04-10 06:50:00,158,99,58,1,48.5,6.73,6,0,False,오전(6-11),혼잡,0.63
2017-04-10 06:55:00,137,86,48,3,53.1,5.41,6,0,False,오전(6-11),원활,2.19
2017-04-10 07:00:00,152,97,53,2,48.4,6.77,7,0,False,오전(6-11),혼잡,1.32
2017-04-10 07:05:00,164,106,58,0,52.8,6.59,7,0,False,오전(6-11),혼잡,0.0
2017-04-10 07:10:00,240,155,84,1,50.5,10.18,7,0,False,오전(6-11),혼잡,0.42
2017-04-10 07:15:00,234,171,60,3,45.7,11.43,7,0,False,오전(6-11),혼잡,1.28
2017-04-10 07:20:00,206,142,63,1,38.8,12.03,7,0,False,오전(6-11),혼잡,0.49
2017-04-10 07:25:00,209,131,75,3,40.0,14.91,7,0,False,오전(6-11),혼잡,1.44
2017-04-10 07:30:00,264,180,82,2,39.4,15.6,7,0,False,오전(6-11),혼잡,0.76
2017-04-10 07:35:00,271,197,70,4,38.1,16.22,7,0,False,오전(6-11),혼잡,1.48
2017-04-10 07:40:00,231,168,61,2,35.7,16.07,7,0,False,오전(6-11),혼잡,0.87
2017-04-10 07:45:00,207,145,60,2,37.9,18.8,7,0,False,오전(6-11),혼잡,0.97
2017-04-10 07:50:00,202,149,51,2,36.2,34.85,7,0,False,오전(6-11),혼잡,0.99
2017-04-10 07:55:00,338,250,84,4,35.1,23.14,7,0,False,오전(6-11),혼잡,1.18
2017-04-10 08:00:00,223,153,65,5,34.0,36.07,8,0,False,오전(6-11),혼잡,2.24
2017-04-10 08:05:00,182,131,46,5,42.9,27.09,8,0,False,오전(6-11),혼잡,2.75
2017-04-10 08:10:00,215,138,70,7,31.8,44.6,8,0,False,오전(6-11),혼잡,3.26
2017-04-10 08:15:00,217,151,63,3,40.7,17.37,8,0,False,오전(6-11),혼잡,1.38
2017-04-10 08:20:00,275,204,66,5,33.3,27.86,8,0,False,오전(6-11),혼잡,1.82
2017-04-10 08:25:00,167,118,43,6,29.3,36.84,8,0,False,오전(6-11),혼잡,3.59
2017-04-10 08:30:00,236,181,53,2,35.8,15.28,8,0,False,오전(6-11),혼잡,0.85
2017-04-10 08:35:00,271,193,76,2,35.2,17.39,8,0,False,오전(6-11),혼잡,0.74
2017-04-10 08:40:00,276,201,70,5,32.9,20.05,8,0,False,오전(6-11),혼잡,1.81
2017-04-10 08:45:00,193,137,53,3,40.4,10.23,8,0,False,오전(6-11),혼잡,1.55
2017-04-10 08:50:00,122,92,29,1,51.3,5.07,8,0,False,오전(6-11),원활,0.82
2017-04-10 08:55:00,169,113,53,3,48.9,7.79,8,0,False,오전(6-11),혼잡,1.78
2017-04-10 09:00:00,181,128,50,3,48.0,7.93,9,0,False,오전(6-11),혼잡,1.66
2017-04-10 09:05:00,177,115,57,5,48.2,7.91,9,0,False,오전(6-11),혼잡,2.82
2017-04-10 09:10:00,145,103,40,2,49.4,5.8,9,0,False,오전(6-11),혼잡,1.38
2017-04-10 09:15:00,150,95,52,3,54.1,5.71,9,0,False,오전(6-11),혼잡,2.0
2017-04-10 09:20:00,183,128,55,0,48.1,7.9,9,0,False,오전(6-11),혼잡,0.0
2017-04-10 09:25:00,187,120,65,2,46.9,9.23,9,0,False,오전(6-11),혼잡,1.07
2017-04-10 09:30:00,132,81,50,1,51.0,5.74,9,0,False,오전(6-11),혼잡,0.76
2017-04-10 09:35:00,146,86,60,0,49.9,6.09,9,0,False,오전(6-11),혼잡,0.0
2017-04-10 09:40:00,111,74,34,3,52.3,4.85,9,0,False,오전(6-11),원활,2.7
2017-04-10 09:45:00,158,94,64,0,50.3,6.75,9,0,False,오전(6-11),혼잡,0.0
2017-04-10 09:50:00,165,100,62,3,49.2,6.63,9,0,False,오전(6-11),혼잡,1.82
2017-04-10 09:55:00,168,99,66,3,52.8,6.68,9,0,False,오전(6-11),혼잡,1.79
2017-04-10 10:00:00,159,106,49,4,49.8,6.65,10,0,False,오전(6-11),혼잡,2.52
2017-04-10 10:05:00,136,83,53,0,50.0,6.14,10,0,False,오전(6-11),혼잡,0.0
2017-04-10 10:10:00,147,87,60,0,48.4,7.57,10,0,False,오전(6-11),혼잡,0.0
2017-04-10 10:15:00,140,88,51,1,51.1,6.3,10,0,False,오전(6-11),혼잡,0.71
2017-04-10 10:20:00,117,72,44,1,52.3,5.08,10,0,False,오전(6-11),원활,0.85
2017-04-10 10:25:00,147,96,51,0,50.5,6.33,10,0,False,오전(6-11),혼잡,0.0
2017-04-10 10:30:00,141,88,50,3,50.1,9.76,10,0,False,오전(6-11),혼잡,2.13
2017-04-10 10:35:00,141,100,39,2,50.3,8.07,10,0,False,오전(6-11),혼잡,1.42
2017-04-10 10:40:00,129,81,48,0,53.6,7.2,10,0,False,오전(6-11),혼잡,0.0
2017-04-10 10:45:00,135,86,49,0,50.6,5.63,10,0,False,오전(6-11),혼잡,0.0
2017-04-10 10:50:00,100,64,35,1,50.2,4.18,10,0,False,오전(6-11),원활,1.0
2017-04-10 10:55:00,128,81,45,2,48.5,5.85,10,0,False,오전(6-11),혼잡,1.56
2017-04-10 11:00:00,107,65,40,2,49.4,4.68,11,0,False,오전(6-11),원활,1.87
2017-04-10 11:05:00,128,94,33,1,49.6,5.41,11,0,False,오전(6-11),원활,0.78
2017-04-10 11:10:00,126,81,45,0,52.8,4.82,11,0,False,오전(6-11),원활,0.0
2017-04-10 11:15:00,148,96,52,0,48.5,6.07,11,0,False,오전(6-11),혼잡,0.0
2017-04-10 11:20:00,151,96,55,0,51.9,5.93,11,0,False,오전(6-11),혼잡,0.0
2017-04-10 11:25:00,147,81,65,1,44.0,7.61,11,0,False,오전(6-11),혼잡,0.68
2017-04-10 11:30:00,109,72,37,0,49.9,4.11,11,0,False,오전(6-11),원활,0.0
2017-04-10 11:35:00,137,89,46,2,50.1,6.06,11,0,False,오전(6-11),혼잡,1.46
2017-04-10 11:40:00,130,82,44,4,47.9,5.76,11,0,False,오전(6-11),혼잡,3.08
2017-04-10 11:45:00,179,115,62,2,43.9,9.13,11,0,False,오전(6-11),혼잡,1.12
2017-04-10 11:50:00,154,107,45,2,44.3,7.56,11,0,False,오전(6-11),혼잡,1.3
2017-04-10 11:55:00,182,124,57,1,44.7,10.81,11,0,False,오전(6-11),혼잡,0.55
2017-04-10 12:00:00,171,118,49,4,45.7,7.53,12,0,False,오후(12-17),혼잡,2.34
2017-04-10 12:05:00,187,120,67,0,41.6,9.93,12,0,False,오후(12-17),혼잡,0.0
2017-04-10 12:10:00,155,101,54,0,45.7,6.86,12,0,False,오후(12-17),혼잡,0.0
2017-04-10 12:15:00,137,97,40,0,46.2,6.04,12,0,False,오후(12-17),혼잡,0.0
2017-04-10 12:20:00,129,69,59,1,47.9,5.61,12,0,False,오후(12-17),혼잡,0.78
2017-04-10 12:25:00,135,90,44,1,44.9,6.39,12,0,False,오후(12-17),혼잡,0.74
2017-04-10 12:30:00,116,76,40,0,49.8,4.94,12,0,False,오후(12-17),원활,0.0
2017-04-10 12:35:00,139,86,52,1,48.2,6.05,12,0,False,오후(12-17),혼잡,0.72
2017-04-10 12:40:00,158,102,56,0,51.1,6.54,12,0,False,오후(12-17),혼잡,0.0
2017-04-10 12:45:00,146,99,45,2,48.3,6.04,12,0,False,오후(12-17),혼잡,1.37
2017-04-10 12:50:00,149,96,52,1,46.4,6.97,12,0,False,오후(12-17),혼잡,0.67
2017-04-10 12:55:00,126,86,39,1,50.8,5.13,12,0,False,오후(12-17),원활,0.79
2017-04-10 13:00:00,133,86,47,0,46.5,5.79,13,0,False,오후(12-17),혼잡,0.0
2017-04-10 13:05:00,123,82,40,1,49.2,5.27,13,0,False,오후(12-17),원활,0.81
2017-04-10 13:10:00,170,123,46,1,43.0,8.02,13,0,False,오후(12-17),혼잡,0.59
2017-04-10 13:15:00,163,102,57,4,47.2,7.56,13,0,False,오후(12-17),혼잡,2.45
2017-04-10 13:20:00,160,111,49,0,48.5,6.62,13,0,False,오후(12-17),혼잡,0.0
2017-04-10 13:25:00,169,100,68,1,50.2,7.35,13,0,False,오후(12-17),혼잡,0.59
2017-04-10 13:30:00,136,95,41,0,45.9,5.68,13,0,False,오후(12-17),혼잡,0.0
2017-04-10 13:35:00,148,102,46,0,51.5,6.14,13,0,False,오후(12-17),혼잡,0.0
2017-04-10 13:40:00,145,101,43,1,49.4,6.13,13,0,False,오후(12-17),혼잡,0.69
2017-04-10 13:45:00,136,95,39,2,49.4,5.95,13,0,False,오후(12-17),혼잡,1.47
2017-04-10 13:50:00,159,112,47,0,49.3,6.71,13,0,False,오후(12-17),혼잡,0.0
2017-04-10 13:55:00,154,99,54,1,49.8,6.38,13,0,False,오후(12-17),혼잡,0.65
2017-04-10 14:00:00,157,98,57,2,45.3,6.72,14,0,False,오후(12-17),혼잡,1.27
2017-04-10 14:05:00,159,109,49,1,46.9,6.37,14,0,False,오후(12-17),혼잡,0.63
2017-04-10 14:10:00,166,108,56,2,45.0,7.3,14,0,False,오후(12-17),혼잡,1.2
2017-04-10 14:15:00,157,110,45,2,46.2,6.74,14,0,False,오후(12-17),혼잡,1.27
2017-04-10 14:20:00,150,98,52,0,50.9,5.9,14,0,False,오후(12-17),혼잡,0.0
2017-04-10 14:25:00,140,90,48,2,48.9,5.73,14,0,False,오후(12-17),혼잡,1.43
2017-04-10 14:30:00,163,110,52,1,45.9,7.19,14,0,False,오후(12-17),혼잡,0.61
2017-04-10 14:35:00,178,123,54,1,47.4,7.78,14,0,False,오후(12-17),혼잡,0.56
2017-04-10 14:40:00,168,108,57,3,47.7,7.44,14,0,False,오후(12-17),혼잡,1.79
2017-04-10 14:45:00,173,109,63,1,47.9,7.47,14,0,False,오후(12-17),혼잡,0.58
2017-04-10 14:50:00,154,109,45,0,44.3,6.85,14,0,False,오후(12-17),혼잡,0.0
2017-04-10 14:55:00,163,105,57,1,45.8,7.25,14,0,False,오후(12-17),혼잡,0.61
2017-04-10 15:00:00,149,110,38,1,46.2,5.94,15,0,False,오후(12-17),혼잡,0.67
2017-04-10 15:05:00,145,95,48,2,49.4,5.84,15,0,False,오후(12-17),혼잡,1.38
2017-04-10 15:10:00,155,110,44,1,48.5,6.6,15,0,False,오후(12-17),혼잡,0.65
2017-04-10 15:15:00,156,111,44,1,50.4,7.23,15,0,False,오후(12-17),혼잡,0.64
2017-04-10 15:20:00,176,144,30,2,48.0,6.98,15,0,False,오후(12-17),혼잡,1.14
2017-04-10 15:25:00,145,102,42,1,47.7,6.68,15,0,False,오후(12-17),혼잡,0.69
2017-04-10 15:30:00,135,104,29,2,43.6,6.07,15,0,False,오후(12-17),혼잡,1.48
2017-04-10 15:35:00,150,120,28,2,46.2,6.2,15,0,False,오후(12-17),혼잡,1.33
2017-04-10 15:40:00,158,121,36,1,41.2,7.63,15,0,False,오후(12-17),혼잡,0.63
2017-04-10 15:45:00,161,134,26,1,44.4,6.99,15,0,False,오후(12-17),혼잡,0.62
2017-04-10 15:50:00,153,122,29,2,47.0,6.5,15,0,False,오후(12-17),혼잡,1.31
2017-04-10 15:55:00,167,121,46,0,49.7,6.68,15,0,False,오후(12-17),혼잡,0.0
2017-04-10 16:00:00,177,136,41,0,47.0,7.46,16,0,False,오후(12-17),혼잡,0.0
2017-04-10 16:05:00,196,138,58,0,44.9,8.65,16,0,False,오후(12-17),혼잡,0.0
2017-04-10 16:10:00,75,55,18,2,44.5,18.03,16,0,False,오후(12-17),혼잡,2.67
2017-04-10 16:15:00,161,123,35,3,43.5,19.08,16,0,False,오후(12-17),혼잡,1.86
2017-04-10 16:20:00,144,104,38,2,48.0,5.89,16,0,False,오후(12-17),혼잡,1.39
2017-04-10 16:25:00,145,118,27,0,47.8,7.96,16,0,False,오후(12-17),혼잡,0.0
2017-04-10 16:30:00,127,89,38,0,50.4,5.37,16,0,False,오후(12-17),원활,0.0
2017-04-10 16:35:00,177,125,51,1,44.3,25.97,16,0,False,오후(12-17),혼잡,0.56
2017-04-10 16:40:00,161,116,43,2,50.1,9.6,16,0,False,오후(12-17),혼잡,1.24
2017-04-10 16:45:00,149,104,39,6,48.9,9.07,16,0,False,오후(12-17),혼잡,4.03
2017-04-10 16:50:00,132,87,41,4,45.7,5.77,16,0,False,오후(12-17),혼잡,3.03
2017-04-10 16:55:00,163,115,46,2,46.3,7.11,16,0,False,오후(12-17),혼잡,1.23
2017-04-10 17:00:00,125,92,32,1,46.5,5.36,17,0,False,오후(12-17),원활,0.8
2017-04-10 17:05:00,169,114,54,1,50.1,8.11,17,0,False,오후(12-17),혼잡,0.59
2017-04-10 17:10:00,154,97,56,1,44.5,6.65,17,0,False,오후(12-17),혼잡,0.65
2017-04-10 17:15:00,138,89,48,1,45.3,6.11,17,0,False,오후(12-17),혼잡,0.72
2017-04-10 17:20:00,168,124,42,2,44.5,7.13,17,0,False,오후(12-17),혼잡,1.19
2017-04-10 17:25:00,173,134,38,1,47.1,7.34,17,0,False,오후(12-17),혼잡,0.58
2017-04-10 17:30:00,144,102,41,1,46.1,6.23,17,0,False,오후(12-17),혼잡,0.69
2017-04-10 17:35:00,114,84,29,1,49.5,4.77,17,0,False,오후(12-17),원활,0.88
2017-04-10 17:40:00,146,104,39,3,47.5,6.06,17,0,False,오후(12-17),혼잡,2.05
2017-04-10 17:45:00,179,121,57,1,46.1,7.42,17,0,False,오후(12-17),혼잡,0.56
2017-04-10 17:50:00,153,97,50,6,42.7,6.99,17,0,False,오후(12-17),혼잡,3.92
2017-04-10 17:55:00,127,92,34,1,50.4,5.07,17,0,False,오후(12-17),원활,0.79
2017-04-10 18:00:00,153,93,55,5,46.8,6.47,18,0,False,저녁(18-23),혼잡,3.27
2017-04-10 18:05:00,183,121,62,0,45.8,8.11,18,0,False,저녁(18-23),혼잡,0.0
2017-04-10 18:10:00,203,148,54,1,39.5,9.46,18,0,False,저녁(18-23),혼잡,0.49
2017-04-10 18:15:00,170,120,48,2,40.3,8.21,18,0,False,저녁(18-23),혼잡,1.18
2017-04-10 18:20:00,215,159,55,1,35.8,14.62,18,0,False,저녁(18-23),혼잡,0.47
2017-04-10 18:25:00,226,164,56,6,36.0,14.62,18,0,False,저녁(18-23),혼잡,2.65
2017-04-10 18:30:00,229,149,73,7,38.4,10.74,18,0,False,저녁(18-23),혼잡,3.06
2017-04-10 18:35:00,141,104,37,0,44.2,5.75,18,0,False,저녁(18-23),혼잡,0.0
2017-04-10 18:40:00,174,120,52,2,43.2,7.6,18,0,False,저녁(18-23),혼잡,1.15
2017-04-10 18:45:00,188,111,76,1,43.3,8.23,18,0,False,저녁(18-23),혼잡,0.53
2017-04-10 18:50:00,169,128,39,2,46.0,6.55,18,0,False,저녁(18-23),혼잡,1.18
2017-04-10 18:55:00,164,101,61,2,42.6,7.63,18,0,False,저녁(18-23),혼잡,1.22
2017-04-10 19:00:00,134,88,43,3,42.9,6.03,19,0,False,저녁(18-23),혼잡,2.24
2017-04-10 19:05:00,142,92,46,4,48.8,6.15,19,0,False,저녁(18-23),혼잡,2.82
2017-04-10 19:10:00,165,130,35,0,44.5,7.34,19,0,False,저녁(18-23),혼잡,0.0
2017-04-10 19:15:00,168,128,37,3,42.5,8.0,19,0,False,저녁(18-23),혼잡,1.79
2017-04-10 19:20:00,154,128,26,0,39.8,7.96,19,0,False,저녁(18-23),혼잡,0.0
2017-04-10 19:25:00,190,150,39,1,40.5,10.2,19,0,False,저녁(18-23),혼잡,0.53
2017-04-10 19:30:00,166,136,30,0,43.5,9.44,19,0,False,저녁(18-23),혼잡,0.0
2017-04-10 19:35:00,153,119,32,2,44.6,7.97,19,0,False,저녁(18-23),혼잡,1.31
2017-04-10 19:40:00,116,83,32,1,46.5,5.43,19,0,False,저녁(18-23),원활,0.86
2017-04-10 19:45:00,110,82,28,0,44.3,5.64,19,0,False,저녁(18-23),혼잡,0.0
2017-04-10 19:50:00,144,106,38,0,45.1,7.14,19,0,False,저녁(18-23),혼잡,0.0
2017-04-10 19:55:00,119,93,24,2,45.3,5.76,19,0,False,저녁(18-23),혼잡,1.68
2017-04-10 20:00:00,114,97,14,3,46.7,5.15,20,0,False,저녁(18-23),원활,2.63
2017-04-10 20:05:00,111,79,32,0,44.1,5.24,20,0,False,저녁(18-23),원활,0.0
2017-04-10 20:10:00,136,111,24,1,46.1,6.47,20,0,False,저녁(18-23),혼잡,0.74
2017-04-10 20:15:00,126,99,27,0,45.2,6.42,20,0,False,저녁(18-23),혼잡,0.0
2017-04-10 20:20:00,122,96,26,0,46.5,6.54,20,0,False,저녁(18-23),혼잡,0.0
2017-04-10 20:25:00,108,83,24,1,45.0,5.39,20,0,False,저녁(18-23),원활,0.93
2017-04-10 20:30:00,129,99,28,2,50.4,5.79,20,0,False,저녁(18-23),혼잡,1.55
2017-04-10 20:35:00,129,106,23,0,45.1,6.73,20,0,False,저녁(18-23),혼잡,0.0
2017-04-10 20:40:00,102,76,25,1,47.1,5.1,20,0,False,저녁(18-23),원활,0.98
2017-04-10 20:45:00,90,65,25,0,47.7,4.3,20,0,False,저녁(18-23),원활,0.0
2017-04-10 20:50:00,109,91,18,0,44.7,5.81,20,0,False,저녁(18-23),혼잡,0.0
2017-04-10 20:55:00,106,80,25,1,47.6,5.79,20,0,False,저녁(18-23),혼잡,0.94
2017-04-10 21:00:00,105,78,26,1,45.9,4.92,21,0,False,저녁(18-23),원활,0.95
2017-04-10 21:05:00,90,68,22,0,44.6,6.98,21,0,False,저녁(18-23),혼잡,0.0
2017-04-10 21:10:00,115,89,25,1,44.0,5.95,21,0,False,저녁(18-23),혼잡,0.87
2017-04-10 21:15:00,118,95,23,0,45.8,5.87,21,0,False,저녁(18-23),혼잡,0.0
2017-04-10 21:20:00,128,106,21,1,46.1,6.35,21,0,False,저녁(18-23),혼잡,0.78
2017-04-10 21:25:00,133,108,25,0,41.4,7.33,21,0,False,저녁(18-23),혼잡,0.0
2017-04-10 21:30:00,101,89,11,1,43.7,4.94,21,0,False,저녁(18-23),원활,0.99
2017-04-10 21:35:00,101,81,20,0,45.9,4.47,21,0,False,저녁(18-23),원활,0.0
2017-04-10 21:40:00,89,71,15,3,45.2,4.44,21,0,False,저녁(18-23),원활,3.37
2017-04-10 21:45:00,85,72,13,0,45.2,4.23,21,0,False,저녁(18-23),원활,0.0
2017-04-10 21:50:00,82,60,21,1,47.3,3.78,21,0,False,저녁(18-23),원활,1.22
2017-04-10 21:55:00,95,75,20,0,46.3,4.2,21,0,False,저녁(18-23),원활,0.0
2017-04-10 22:00:00,110,84,25,1,46.6,5.28,22,0,False,저녁(18-23),원활,0.91
2017-04-10 22:05:00,98,76,22,0,46.3,5.04,22,0,False,저녁(18-23),원활,0.0
2017-04-10 22:10:00,127,103,24,0,42.7,7.12,22,0,False,저녁(18-23),혼잡,0.0
2017-04-10 22:15:00,85,56,29,0,50.2,4.03,22,0,False,저녁(18-23),원활,0.0
2017-04-10 22:20:00,74,58,16,0,44.4,3.71,22,0,False,저녁(18-23),원활,0.0
2017-04-10 22:25:00,80,61,19,0,48.3,3.65,22,0,False,저녁(18-23),원활,0.0
2017-04-10 22:30:00,71,51,20,0,50.4,3.02,22,0,False,저녁(18-23),원활,0.0
2017-04-10 22:35:00,73,57,16,0,50.3,3.5,22,0,False,저녁(18-23),원활,0.0
2017-04-10 22:40:00,98,76,22,0,46.8,4.65,22,0,False,저녁(18-23),원활,0.0
2017-04-10 22:45:00,78,56,22,0,51.1,3.77,22,0,False,저녁(18-23),원활,0.0
2017-04-10 22:50:00,74,54,19,1,51.2,3.54,22,0,False,저녁(18-23),원활,1.35
2017-04-10 22:55:00,79,64,15,0,51.9,3.81,22,0,False,저녁(18-23),원활,0.0
2017-04-10 23:00:00,50,36,14,0,52.7,2.12,23,0,False,저녁(18-23),원활,0.0
2017-04-10 23:05:00,63,43,19,1,54.2,2.84,23,0,False,저녁(18-23),원활,1.59
2017-04-10 23:10:00,55,38,17,0,50.6,2.5,23,0,False,저녁(18-23),원활,0.0
2017-04-10 23:15:00,71,46,22,3,50.0,2.97,23,0,False,저녁(18-23),원활,4.23
2017-04-10 23:20:00,52,44,8,0,50.7,2.16,23,0,False,저녁(18-23),원활,0.0
2017-04-10 23:25:00,48,35,13,0,51.9,2.18,23,0,False,저녁(18-23),원활,0.0
2017-04-10 23:30:00,47,31,15,1,51.1,2.01,23,0,False,저녁(18-23),원활,2.13
2017-04-10 23:35:00,39,28,11,0,58.1,1.61,23,0,False,저녁(18-23),원활,0.0
2017-04-10 23:40:00,43,30,12,1,51.9,1.71,23,0,False,저녁(18-23),원활,2.33
2017-04-10 23:45:00,35,27,8,0,55.0,1.37,23,0,False,저녁(18-23),원활,0.0
2017-04-10 23:50:00,28,21,7,0,50.6,1.19,23,0,False,저녁(18-23),원활,0.0
2017-04-10 23:55:00,29,25,4,0,50.9,1.2,23,0,False,저녁(18-23),원활,0.0
2017-04-11 00:00:00,39,30,8,1,60.3,1.63,0,1,False,새벽(0-5),원활,2.56
2017-04-11 00:05:00,53,40,13,0,52.8,2.11,0,1,False,새벽(0-5),원활,0.0
2017-04-11 00:10:00,34,27,7,0,57.9,1.27,0,1,False,새벽(0-5),원활,0.0
2017-04-11 00:15:00,42,36,6,0,51.7,1.79,0,1,False,새벽(0-5),원활,0.0
2017-04-11 00:20:00,34,25,9,0,59.0,1.3,0,1,False,새벽(0-5),원활,0.0
2017-04-11 00:25:00,40,26,14,0,53.9,1.78,0,1,False,새벽(0-5),원활,0.0
2017-04-11 00:30:00,23,16,7,0,56.7,0.87,0,1,False,새벽(0-5),원활,0.0
2017-04-11 00:35:00,33,23,10,0,58.0,1.34,0,1,False,새벽(0-5),원활,0.0
2017-04-11 00:40:00,30,22,8,0,54.2,1.14,0,1,False,새벽(0-5),원활,0.0
2017-04-11 00:45:00,33,20,12,1,51.8,1.51,0,1,False,새벽(0-5),원활,3.03
2017-04-11 00:50:00,35,25,10,0,50.8,1.83,0,1,False,새벽(0-5),원활,0.0
2017-04-11 00:55:00,21,14,7,0,57.0,0.85,0,1,False,새벽(0-5),원활,0.0
2017-04-11 01:00:00,22,12,10,0,53.6,1.0,1,1,False,새벽(0-5),원활,0.0
2017-04-11 01:05:00,24,17,7,0,62.8,0.86,1,1,False,새벽(0-5),원활,0.0
2017-04-11 01:10:00,29,14,14,1,58.9,1.16,1,1,False,새벽(0-5),원활,3.45
2017-04-11 01:15:00,18,13,5,0,59.9,0.8,1,1,False,새벽(0-5),원활,0.0
2017-04-11 01:20:00,22,16,6,0,50.3,0.98,1,1,False,새벽(0-5),원활,0.0
2017-04-11 01:25:00,21,13,7,1,55.6,0.79,1,1,False,새벽(0-5),원활,4.76
2017-04-11 01:30:00,19,10,9,0,54.2,0.86,1,1,False,새벽(0-5),원활,0.0
2017-04-11 01:35:00,17,9,8,0,52.5,0.76,1,1,False,새벽(0-5),원활,0.0
2017-04-11 01:40:00,14,7,7,0,63.3,0.65,1,1,False,새벽(0-5),원활,0.0
2017-04-11 01:45:00,17,9,8,0,57.3,0.71,1,1,False,새벽(0-5),원활,0.0
2017-04-11 01:50:00,16,6,10,0,52.0,0.6,1,1,False,새벽(0-5),원활,0.0
2017-04-11 01:55:00,15,7,8,0,52.0,0.82,1,1,False,새벽(0-5),원활,0.0
2017-04-11 02:00:00,18,12,6,0,56.3,0.78,2,1,False,새벽(0-5),원활,0.0
2017-04-11 02:05:00,16,9,7,0,53.9,0.74,2,1,False,새벽(0-5),원활,0.0
2017-04-11 02:10:00,21,12,9,0,48.7,0.8,2,1,False,새벽(0-5),원활,0.0
2017-04-11 02:15:00,11,7,4,0,50.9,0.45,2,1,False,새벽(0-5),원활,0.0
2017-04-11 02:20:00,10,6,4,0,53.1,0.47,2,1,False,새벽(0-5),원활,0.0
2017-04-11 02:25:00,15,9,6,0,52.3,0.66,2,1,False,새벽(0-5),원활,0.0
2017-04-11 02:30:00,13,5,8,0,56.1,0.55,2,1,False,새벽(0-5),원활,0.0
2017-04-11 02:35:00,16,14,2,0,46.1,1.25,2,1,False,새벽(0-5),원활,0.0
2017-04-11 02:40:00,9,7,2,0,58.4,0.49,2,1,False,새벽(0-5),원활,0.0
2017-04-11 02:45:00,24,12,8,4,51.9,1.45,2,1,False,새벽(0-5),원활,16.67
2017-04-11 02:50:00,17,12,4,1,53.3,0.89,2,1,False,새벽(0-5),원활,5.88
2017-04-11 02:55:00,20,15,3,2,54.3,1.74,2,1,False,새벽(0-5),원활,10.0
2017-04-11 03:00:00,74,68,5,1,40.9,4.92,3,1,False,새벽(0-5),원활,1.35
2017-04-11 03:05:00,178,176,1,1,42.3,8.88,3,1,False,새벽(0-5),혼잡,0.56
2017-04-11 03:10:00,146,140,4,2,40.5,7.2,3,1,False,새벽(0-5),혼잡,1.37
2017-04-11 03:15:00,160,153,4,3,37.7,6.81,3,1,False,새벽(0-5),혼잡,1.88
2017-04-11 03:20:00,90,85,4,1,45.2,5.46,3,1,False,새벽(0-5),원활,1.11
2017-04-11 03:25:00,176,174,2,0,37.9,7.12,3,1,False,새벽(0-5),혼잡,0.0
2017-04-11 03:30:00,127,125,2,0,42.5,4.26,3,1,False,새벽(0-5),원활,0.0
2017-04-11 03:35:00,45,42,3,0,36.6,4.98,3,1,False,새벽(0-5),원활,0.0
2017-04-11 03:40:00,38,32,6,0,46.9,1.63,3,1,False,새벽(0-5),원활,0.0
2017-04-11 03:45:00,29,20,8,1,51.3,1.4,3,1,False,새벽(0-5),원활,3.45
2017-04-11 03:50:00,34,32,2,0,45.0,2.19,3,1,False,새벽(0-5),원활,0.0
2017-04-11 03:55:00,54,50,4,0,47.3,2.27,3,1,False,새벽(0-5),원활,0.0
2017-04-11 04:00:00,75,69,6,0,47.3,5.28,4,1,False,새벽(0-5),원활,0.0
2017-04-11 04:05:00,9,7,2,0,57.6,0.61,4,1,False,새벽(0-5),원활,0.0
2017-04-11 04:10:00,14,9,4,1,53.4,0.73,4,1,False,새벽(0-5),원활,7.14
2017-04-11 04:15:00,13,9,3,1,44.5,0.97,4,1,False,새벽(0-5),원활,7.69
2017-04-11 04:20:00,17,12,5,0,50.8,0.89,4,1,False,새벽(0-5),원활,0.0
2017-04-11 04:25:00,29,22,6,1,49.3,1.64,4,1,False,새벽(0-5),원활,3.45
2017-04-11 04:30:00,24,17,6,1,54.1,1.86,4,1,False,새벽(0-5),원활,4.17
2017-04-11 04:35:00,34,25,9,0,54.8,2.24,4,1,False,새벽(0-5),원활,0.0
2017-04-11 04:40:00,68,58,10,0,45.4,3.59,4,1,False,새벽(0-5),원활,0.0
2017-04-11 04:45:00,50,43,6,1,47.1,2.67,4,1,False,새벽(0-5),원활,2.0
2017-04-11 04:50:00,39,22,15,2,49.1,2.32,4,1,False,새벽(0-5),원활,5.13
2017-04-11 04:55:00,40,32,7,1,44.4,1.78,4,1,False,새벽(0-5),원활,2.5
2017-04-11 05:00:00,30,24,5,1,56.9,1.77,5,1,False,새벽(0-5),원활,3.33
2017-04-11 05:05:00,42,29,10,3,45.6,4.22,5,1,False,새벽(0-5),원활,7.14
2017-04-11 05:10:00,33,23,7,3,53.4,2.2,5,1,False,새벽(0-5),원활,9.09
2017-04-11 05:15:00,58,44,10,4,46.5,5.22,5,1,False,새벽(0-5),원활,6.9
2017-04-11 05:20:00,105,87,13,5,42.5,8.46,5,1,False,새벽(0-5),혼잡,4.76
2017-04-11 05:25:00,76,58,15,3,47.3,5.65,5,1,False,새벽(0-5),혼잡,3.95
2017-04-11 05:30:00,70,57,10,3,45.3,5.06,5,1,False,새벽(0-5),원활,4.29
2017-04-11 05:35:00,104,97,6,1,43.9,5.13,5,1,False,새벽(0-5),원활,0.96
2017-04-11 05:40:00,55,50,5,0,39.9,3.75,5,1,False,새벽(0-5),원활,0.0
2017-04-11 05:45:00,77,62,12,3,36.7,7.46,5,1,False,새벽(0-5),혼잡,3.9
2017-04-11 05:50:00,52,25,23,4,51.6,2.94,5,1,False,새벽(0-5),원활,7.69
2017-04-11 05:55:00,81,41,36,4,45.4,4.41,5,1,False,새벽(0-5),원활,4.94
2017-04-11 06:00:00,65,32,33,0,49.7,3.41,6,1,False,오전(6-11),원활,0.0
2017-04-11 06:05:00,76,28,47,1,52.4,3.69,6,1,False,오전(6-11),원활,1.32
2017-04-11 06:10:00,73,35,38,0,49.9,3.32,6,1,False,오전(6-11),원활,0.0
2017-04-11 06:15:00,83,36,46,1,49.0,3.73,6,1,False,오전(6-11),원활,1.2
2017-04-11 06:20:00,63,34,29,0,56.9,2.53,6,1,False,오전(6-11),원활,0.0
2017-04-11 06:25:00,84,40,43,1,51.5,3.58,6,1,False,오전(6-11),원활,1.19
2017-04-11 06:30:00,94,39,53,2,51.9,4.12,6,1,False,오전(6-11),원활,2.13
2017-04-11 06:35:00,126,49,77,0,50.7,5.4,6,1,False,오전(6-11),원활,0.0
2017-04-11 06:40:00,109,42,66,1,48.5,4.81,6,1,False,오전(6-11),원활,0.92
2017-04-11 06:45:00,141,56,82,3,49.9,6.07,6,1,False,오전(6-11),혼잡,2.13
2017-04-11 06:50:00,108,50,57,1,49.4,4.57,6,1,False,오전(6-11),원활,0.93
2017-04-11 06:55:00,93,46,45,2,50.3,4.39,6,1,False,오전(6-11),원활,2.15
2017-04-11 07:00:00,126,55,70,1,46.3,5.89,7,1,False,오전(6-11),혼잡,0.79
2017-04-11 07:05:00,135,55,79,1,50.0,6.04,7,1,False,오전(6-11),혼잡,0.74
2017-04-11 07:10:00,213,83,126,4,44.7,10.4,7,1,False,오전(6-11),혼잡,1.88
2017-04-11 07:15:00,198,87,110,1,47.2,9.05,7,1,False,오전(6-11),혼잡,0.51
2017-04-11 07:20:00,198,83,115,0,37.0,13.7,7,1,False,오전(6-11),혼잡,0.0
2017-04-11 07:25:00,192,75,116,1,41.9,9.89,7,1,False,오전(6-11),혼잡,0.52
2017-04-11 07:30:00,252,107,145,0,40.0,14.77,7,1,False,오전(6-11),혼잡,0.0
2017-04-11 07:35:00,253,131,119,3,35.3,16.49,7,1,False,오전(6-11),혼잡,1.19
2017-04-11 07:40:00,214,118,93,3,32.8,19.18,7,1,False,오전(6-11),혼잡,1.4
2017-04-11 07:45:00,118,66,52,0,32.4,13.25,7,1,False,오전(6-11),혼잡,0.0
2017-04-11 07:50:00,241,145,93,3,32.5,20.72,7,1,False,오전(6-11),혼잡,1.24
2017-04-11 07:55:00,213,117,92,4,32.3,27.42,7,1,False,오전(6-11),혼잡,1.88
2017-04-11 08:00:00,288,150,137,1,36.5,25.31,8,1,False,오전(6-11),혼잡,0.35
2017-04-11 08:05:00,177,106,64,7,29.6,30.92,8,1,False,오전(6-11),혼잡,3.95
2017-04-11 08:10:00,220,129,88,3,32.4,19.76,8,1,False,오전(6-11),혼잡,1.36
2017-04-11 08:15:00,263,150,110,3,30.1,22.36,8,1,False,오전(6-11),혼잡,1.14
2017-04-11 08:20:00,234,137,94,3,30.7,21.83,8,1,False,오전(6-11),혼잡,1.28
2017-04-11 08:25:00,179,105,71,3,30.1,21.0,8,1,False,오전(6-11),혼잡,1.68
2017-04-11 08:30:00,220,145,71,4,28.3,30.94,8,1,False,오전(6-11),혼잡,1.82
2017-04-11 08:35:00,212,139,70,3,26.2,31.61,8,1,False,오전(6-11),혼잡,1.42
2017-04-11 08:40:00,210,147,60,3,33.0,28.83,8,1,False,오전(6-11),혼잡,1.43
2017-04-11 08:45:00,205,124,77,4,34.2,15.54,8,1,False,오전(6-11),혼잡,1.95
2017-04-11 08:50:00,218,156,60,2,37.6,13.45,8,1,False,오전(6-11),혼잡,0.92
2017-04-11 08:55:00,266,190,74,2,38.4,15.07,8,1,False,오전(6-11),혼잡,0.75
2017-04-11 09:00:00,252,172,78,2,37.9,15.01,9,1,False,오전(6-11),혼잡,0.79
2017-04-11 09:05:00,174,110,63,1,43.2,8.86,9,1,False,오전(6-11),혼잡,0.57
2017-04-11 09:10:00,152,100,52,0,46.5,6.8,9,1,False,오전(6-11),혼잡,0.0
2017-04-11 09:15:00,185,120,63,2,48.5,8.53,9,1,False,오전(6-11),혼잡,1.08
2017-04-11 09:20:00,196,128,68,0,47.5,8.83,9,1,False,오전(6-11),혼잡,0.0
2017-04-11 09:25:00,168,116,50,2,46.3,7.49,9,1,False,오전(6-11),혼잡,1.19
2017-04-11 09:30:00,142,93,48,1,47.0,6.95,9,1,False,오전(6-11),혼잡,0.7
2017-04-11 09:35:00,183,124,57,2,47.5,8.38,9,1,False,오전(6-11),혼잡,1.09
2017-04-11 09:40:00,158,100,56,2,46.6,7.46,9,1,False,오전(6-11),혼잡,1.27
2017-04-11 09:45:00,172,105,65,2,46.4,7.77,9,1,False,오전(6-11),혼잡,1.16
2017-04-11 09:50:00,166,94,71,1,46.2,8.98,9,1,False,오전(6-11),혼잡,0.6
2017-04-11 09:55:00,165,109,53,3,46.4,10.3,9,1,False,오전(6-11),혼잡,1.82
2017-04-11 10:00:00,138,78,58,2,48.9,5.99,10,1,False,오전(6-11),혼잡,1.45
2017-04-11 10:05:00,151,99,51,1,49.6,6.52,10,1,False,오전(6-11),혼잡,0.66
2017-04-11 10:10:00,140,86,54,0,47.6,6.15,10,1,False,오전(6-11),혼잡,0.0
2017-04-11 10:15:00,136,59,72,5,53.2,5.67,10,1,False,오전(6-11),혼잡,3.68
2017-04-11 10:20:00,115,56,59,0,50.6,5.14,10,1,False,오전(6-11),원활,0.0
2017-04-11 10:25:00,144,82,62,0,47.5,6.47,10,1,False,오전(6-11),혼잡,0.0
2017-04-11 10:30:00,123,64,58,1,47.7,5.28,10,1,False,오전(6-11),원활,0.81
2017-04-11 10:35:00,166,102,64,0,48.8,7.04,10,1,False,오전(6-11),혼잡,0.0
2017-04-11 10:40:00,137,73,64,0,52.8,5.63,10,1,False,오전(6-11),혼잡,0.0
2017-04-11 10:45:00,129,75,51,3,51.6,5.83,10,1,False,오전(6-11),혼잡,2.33
2017-04-11 10:50:00,127,79,48,0,48.0,5.19,10,1,False,오전(6-11),원활,0.0
2017-04-11 10:55:00,124,80,43,1,47.7,5.26,10,1,False,오전(6-11),원활,0.81
2017-04-11 11:00:00,110,67,41,2,51.7,4.56,11,1,False,오전(6-11),원활,1.82
2017-04-11 11:05:00,133,77,55,1,50.1,5.83,11,1,False,오전(6-11),혼잡,0.75
2017-04-11 11:10:00,127,79,47,1,47.4,5.73,11,1,False,오전(6-11),혼잡,0.79
2017-04-11 11:15:00,173,89,82,2,45.5,8.28,11,1,False,오전(6-11),혼잡,1.16
2017-04-11 11:20:00,141,78,63,0,48.8,7.09,11,1,False,오전(6-11),혼잡,0.0
2017-04-11 11:25:00,145,93,51,1,51.3,6.32,11,1,False,오전(6-11),혼잡,0.69
2017-04-11 11:30:00,158,103,54,1,48.0,7.22,11,1,False,오전(6-11),혼잡,0.63
2017-04-11 11:35:00,153,102,49,2,43.5,7.8,11,1,False,오전(6-11),혼잡,1.31
2017-04-11 11:40:00,118,68,47,3,49.0,4.79,11,1,False,오전(6-11),원활,2.54
2017-04-11 11:45:00,173,110,59,4,45.4,7.66,11,1,False,오전(6-11),혼잡,2.31
2017-04-11 11:50:00,158,102,55,1,46.2,6.96,11,1,False,오전(6-11),혼잡,0.63
2017-04-11 11:55:00,169,102,64,3,45.0,8.37,11,1,False,오전(6-11),혼잡,1.78
2017-04-11 12:00:00,134,98,34,2,48.0,6.39,12,1,False,오후(12-17),혼잡,1.49
2017-04-11 12:05:00,140,86,53,1,49.6,5.51,12,1,False,오후(12-17),원활,0.71
2017-04-11 12:10:00,120,83,36,1,45.7,5.4,12,1,False,오후(12-17),원활,0.83
2017-04-11 12:15:00,139,87,51,1,48.5,5.95,12,1,False,오후(12-17),혼잡,0.72
2017-04-11 12:20:00,131,77,51,3,47.1,5.48,12,1,False,오후(12-17),원활,2.29
2017-04-11 12:25:00,130,82,47,1,47.3,5.76,12,1,False,오후(12-17),혼잡,0.77
2017-04-11 12:30:00,143,88,53,2,48.1,6.07,12,1,False,오후(12-17),혼잡,1.4
2017-04-11 12:35:00,141,82,57,2,47.2,6.38,12,1,False,오후(12-17),혼잡,1.42
2017-04-11 12:40:00,145,97,48,0,50.7,6.16,12,1,False,오후(12-17),혼잡,0.0
2017-04-11 12:45:00,137,86,51,0,48.8,5.66,12,1,False,오후(12-17),혼잡,0.0
2017-04-11 12:50:00,144,92,51,1,44.7,6.72,12,1,False,오후(12-17),혼잡,0.69
2017-04-11 12:55:00,137,86,47,4,46.0,6.14,12,1,False,오후(12-17),혼잡,2.92
2017-04-11 13:00:00,114,67,46,1,48.9,4.77,13,1,False,오후(12-17),원활,0.88
2017-04-11 13:05:00,135,90,43,2,48.5,5.73,13,1,False,오후(12-17),혼잡,1.48
2017-04-11 13:10:00,143,99,43,1,47.2,6.51,13,1,False,오후(12-17),혼잡,0.7
2017-04-11 13:15:00,152,97,53,2,48.4,6.38,13,1,False,오후(12-17),혼잡,1.32
2017-04-11 13:20:00,150,110,40,0,50.5,5.94,13,1,False,오후(12-17),혼잡,0.0
2017-04-11 13:25:00,167,121,46,0,47.4,7.13,13,1,False,오후(12-17),혼잡,0.0
2017-04-11 13:30:00,153,100,53,0,44.8,6.65,13,1,False,오후(12-17),혼잡,0.0
2017-04-11 13:35:00,148,92,56,0,46.0,6.58,13,1,False,오후(12-17),혼잡,0.0
2017-04-11 13:40:00,116,84,32,0,45.6,5.17,13,1,False,오후(12-17),원활,0.0
2017-04-11 13:45:00,162,109,52,1,47.2,7.07,13,1,False,오후(12-17),혼잡,0.62
2017-04-11 13:50:00,161,115,46,0,46.0,6.96,13,1,False,오후(12-17),혼잡,0.0
2017-04-11 13:55:00,159,96,61,2,49.3,6.78,13,1,False,오후(12-17),혼잡,1.26
2017-04-11 14:00:00,144,104,40,0,50.0,5.95,14,1,False,오후(12-17),혼잡,0.0
2017-04-11 14:05:00,161,104,57,0,41.6,8.26,14,1,False,오후(12-17),혼잡,0.0
2017-04-11 14:10:00,155,104,51,0,46.5,7.16,14,1,False,오후(12-17),혼잡,0.0
2017-04-11 14:15:00,128,90,37,1,49.5,5.28,14,1,False,오후(12-17),원활,0.78
2017-04-11 14:20:00,136,101,35,0,49.1,5.55,14,1,False,오후(12-17),원활,0.0
2017-04-11 14:25:00,160,118,42,0,46.7,6.85,14,1,False,오후(12-17),혼잡,0.0
2017-04-11 14:30:00,145,95,49,1,46.7,6.66,14,1,False,오후(12-17),혼잡,0.69
2017-04-11 14:35:00,157,101,56,0,48.2,6.83,14,1,False,오후(12-17),혼잡,0.0
2017-04-11 14:40:00,171,118,52,1,48.3,7.04,14,1,False,오후(12-17),혼잡,0.58
2017-04-11 14:45:00,163,120,43,0,44.4,8.3,14,1,False,오후(12-17),혼잡,0.0
2017-04-11 14:50:00,164,106,58,0,42.7,7.28,14,1,False,오후(12-17),혼잡,0.0
2017-04-11 14:55:00,141,92,47,2,48.6,6.02,14,1,False,오후(12-17),혼잡,1.42
2017-04-11 15:00:00,129,88,41,0,48.1,5.8,15,1,False,오후(12-17),혼잡,0.0
2017-04-11 15:05:00,159,106,51,2,45.4,8.31,15,1,False,오후(12-17),혼잡,1.26
2017-04-11 15:10:00,134,91,42,1,49.6,5.53,15,1,False,오후(12-17),원활,0.75
2017-04-11 15:15:00,147,93,53,1,48.1,6.29,15,1,False,오후(12-17),혼잡,0.68
2017-04-11 15:20:00,145,102,43,0,46.5,6.28,15,1,False,오후(12-17),혼잡,0.0
2017-04-11 15:25:00,160,110,48,2,47.8,6.74,15,1,False,오후(12-17),혼잡,1.25
2017-04-11 15:30:00,143,98,45,0,45.9,6.38,15,1,False,오후(12-17),혼잡,0.0
2017-04-11 15:35:00,149,99,49,1,46.7,6.56,15,1,False,오후(12-17),혼잡,0.67
2017-04-11 15:40:00,109,74,34,1,50.5,4.63,15,1,False,오후(12-17),원활,0.92
2017-04-11 15:45:00,159,117,42,0,46.7,6.78,15,1,False,오후(12-17),혼잡,0.0
2017-04-11 15:50:00,136,79,56,1,50.2,5.73,15,1,False,오후(12-17),혼잡,0.74
2017-04-11 15:55:00,144,109,34,1,50.5,5.98,15,1,False,오후(12-17),혼잡,0.69
2017-04-11 16:00:00,136,94,41,1,50.9,5.71,16,1,False,오후(12-17),혼잡,0.74
2017-04-11 16:05:00,135,90,44,1,50.7,5.71,16,1,False,오후(12-17),혼잡,0.74
2017-04-11 16:10:00,143,96,46,1,45.9,6.46,16,1,False,오후(12-17),혼잡,0.7
2017-04-11 16:15:00,140,99,39,2,46.9,7.26,16,1,False,오후(12-17),혼잡,1.43
2017-04-11 16:20:00,137,99,36,2,47.7,6.25,16,1,False,오후(12-17),혼잡,1.46
2017-04-11 16:25:00,148,103,45,0,48.9,5.91,16,1,False,오후(12-17),혼잡,0.0
2017-04-11 16:30:00,174,116,58,0,42.9,8.73,16,1,False,오후(12-17),혼잡,0.0
2017-04-11 16:35:00,173,121,50,2,50.4,7.49,16,1,False,오후(12-17),혼잡,1.16
2017-04-11 16:40:00,171,119,46,6,50.4,7.42,16,1,False,오후(12-17),혼잡,3.51
2017-04-11 16:45:00,178,125,50,3,48.1,7.81,16,1,False,오후(12-17),혼잡,1.69
2017-04-11 16:50:00,140,93,43,4,46.1,5.79,16,1,False,오후(12-17),혼잡,2.86
2017-04-11 16:55:00,136,94,41,1,48.9,6.0,16,1,False,오후(12-17),혼잡,0.74
2017-04-11 17:00:00,163,125,37,1,44.0,7.15,17,1,False,오후(12-17),혼잡,0.61
2017-04-11 17:05:00,166,115,50,1,50.3,6.69,17,1,False,오후(12-17),혼잡,0.6
2017-04-11 17:10:00,156,113,43,0,44.6,6.76,17,1,False,오후(12-17),혼잡,0.0
2017-04-11 17:15:00,141,99,41,1,46.7,6.07,17,1,False,오후(12-17),혼잡,0.71
2017-04-11 17:20:00,176,122,53,1,49.1,7.12,17,1,False,오후(12-17),혼잡,0.57
2017-04-11 17:25:00,159,115,43,1,50.8,6.22,17,1,False,오후(12-17),혼잡,0.63
2017-04-11 17:30:00,125,87,35,3,51.8,5.07,17,1,False,오후(12-17),원활,2.4
2017-04-11 17:35:00,108,77,28,3,47.3,4.69,17,1,False,오후(12-17),원활,2.78
2017-04-11 17:40:00,160,115,43,2,48.3,6.59,17,1,False,오후(12-17),혼잡,1.25
2017-04-11 17:45:00,143,100,42,1,50.8,5.45,17,1,False,오후(12-17),원활,0.7
2017-04-11 17:50:00,127,98,27,2,51.4,4.95,17,1,False,오후(12-17),원활,1.57
2017-04-11 17:55:00,134,95,37,2,52.8,5.39,17,1,False,오후(12-17),원활,1.49
2017-04-11 18:00:00,134,99,33,2,49.3,5.57,18,1,False,저녁(18-23),혼잡,1.49
2017-04-11 18:05:00,183,149,33,1,45.7,7.47,18,1,False,저녁(18-23),혼잡,0.55
2017-04-11 18:10:00,198,151,47,0,43.1,8.96,18,1,False,저녁(18-23),혼잡,0.0
2017-04-11 18:15:00,179,130,43,6,37.3,25.17,18,1,False,저녁(18-23),혼잡,3.35
2017-04-11 18:20:00,218,166,48,4,33.5,23.9,18,1,False,저녁(18-23),혼잡,1.83
2017-04-11 18:25:00,214,153,55,6,37.2,12.43,18,1,False,저녁(18-23),혼잡,2.8
2017-04-11 18:30:00,205,150,53,2,41.2,9.06,18,1,False,저녁(18-23),혼잡,0.98
2017-04-11 18:35:00,154,103,49,2,41.1,6.86,18,1,False,저녁(18-23),혼잡,1.3
2017-04-11 18:40:00,179,122,54,3,43.5,7.5,18,1,False,저녁(18-23),혼잡,1.68
2017-04-11 18:45:00,192,133,55,4,41.2,11.1,18,1,False,저녁(18-23),혼잡,2.08
2017-04-11 18:50:00,172,112,55,5,49.3,9.82,18,1,False,저녁(18-23),혼잡,2.91
2017-04-11 18:55:00,145,95,47,3,43.8,6.81,18,1,False,저녁(18-23),혼잡,2.07
2017-04-11 19:00:00,119,90,28,1,42.8,5.28,19,1,False,저녁(18-23),원활,0.84
2017-04-11 19:05:00,144,101,40,3,43.3,7.08,19,1,False,저녁(18-23),혼잡,2.08
2017-04-11 19:10:00,154,124,30,0,44.6,6.78,19,1,False,저녁(18-23),혼잡,0.0
2017-04-11 19:15:00,168,139,26,3,44.6,8.33,19,1,False,저녁(18-23),혼잡,1.79
2017-04-11 19:20:00,139,121,18,0,39.8,8.0,19,1,False,저녁(18-23),혼잡,0.0
2017-04-11 19:25:00,140,107,33,0,47.7,6.87,19,1,False,저녁(18-23),혼잡,0.0
2017-04-11 19:30:00,153,114,39,0,44.4,8.29,19,1,False,저녁(18-23),혼잡,0.0
2017-04-11 19:35:00,154,134,19,1,44.4,7.2,19,1,False,저녁(18-23),혼잡,0.65
2017-04-11 19:40:00,135,105,29,1,42.0,7.51,19,1,False,저녁(18-23),혼잡,0.74
2017-04-11 19:45:00,109,88,21,0,44.6,5.61,19,1,False,저녁(18-23),혼잡,0.0
2017-04-11 19:50:00,146,109,37,0,47.6,10.13,19,1,False,저녁(18-23),혼잡,0.0
2017-04-11 19:55:00,140,117,23,0,46.1,10.19,19,1,False,저녁(18-23),혼잡,0.0
2017-04-11 20:00:00,88,71,17,0,49.1,4.48,20,1,False,저녁(18-23),원활,0.0
2017-04-11 20:05:00,110,83,27,0,47.4,5.34,20,1,False,저녁(18-23),원활,0.0
2017-04-11 20:10:00,121,93,27,1,47.7,6.39,20,1,False,저녁(18-23),혼잡,0.83
2017-04-11 20:15:00,137,109,28,0,46.9,6.47,20,1,False,저녁(18-23),혼잡,0.0
2017-04-11 20:20:00,99,77,21,1,46.9,4.65,20,1,False,저녁(18-23),원활,1.01
2017-04-11 20:25:00,120,100,19,1,42.7,6.39,20,1,False,저녁(18-23),혼잡,0.83
2017-04-11 20:30:00,109,90,19,0,48.9,4.98,20,1,False,저녁(18-23),원활,0.0
2017-04-11 20:35:00,107,86,20,1,49.2,5.54,20,1,False,저녁(18-23),원활,0.93
2017-04-11 20:40:00,109,84,24,1,46.4,4.81,20,1,False,저녁(18-23),원활,0.92
2017-04-11 20:45:00,121,97,24,0,43.6,5.41,20,1,False,저녁(18-23),원활,0.0
2017-04-11 20:50:00,122,96,25,1,45.2,5.79,20,1,False,저녁(18-23),혼잡,0.82
2017-04-11 20:55:00,105,77,28,0,48.5,5.54,20,1,False,저녁(18-23),원활,0.0
2017-04-11 21:00:00,102,80,22,0,48.6,4.81,21,1,False,저녁(18-23),원활,0.0
2017-04-11 21:05:00,102,78,23,1,44.3,4.79,21,1,False,저녁(18-23),원활,0.98
2017-04-11 21:10:00,95,72,23,0,46.8,4.9,21,1,False,저녁(18-23),원활,0.0
2017-04-11 21:15:00,134,106,28,0,46.8,7.72,21,1,False,저녁(18-23),혼잡,0.0
2017-04-11 21:20:00,147,120,26,1,44.9,6.86,21,1,False,저녁(18-23),혼잡,0.68
2017-04-11 21:25:00,137,106,31,0,43.0,8.4,21,1,False,저녁(18-23),혼잡,0.0
2017-04-11 21:30:00,104,73,27,4,46.7,5.45,21,1,False,저녁(18-23),원활,3.85
2017-04-11 21:35:00,111,82,28,1,47.2,10.44,21,1,False,저녁(18-23),혼잡,0.9
2017-04-11 21:40:00,98,81,17,0,45.6,5.37,21,1,False,저녁(18-23),원활,0.0
2017-04-11 21:45:00,102,76,25,1,46.4,4.65,21,1,False,저녁(18-23),원활,0.98
2017-04-11 21:50:00,86,68,17,1,46.4,4.26,21,1,False,저녁(18-23),원활,1.16
2017-04-11 21:55:00,82,72,9,1,49.1,3.74,21,1,False,저녁(18-23),원활,1.22
2017-04-11 22:00:00,115,93,22,0,43.8,5.74,22,1,False,저녁(18-23),혼잡,0.0
2017-04-11 22:05:00,106,82,24,0,45.7,5.14,22,1,False,저녁(18-23),원활,0.0
2017-04-11 22:10:00,102,78,23,1,48.8,4.98,22,1,False,저녁(18-23),원활,0.98
2017-04-11 22:15:00,132,97,35,0,44.7,6.26,22,1,False,저녁(18-23),혼잡,0.0
2017-04-11 22:20:00,87,62,23,2,44.7,4.69,22,1,False,저녁(18-23),원활,2.3
2017-04-11 22:25:00,82,66,15,1,51.1,3.71,22,1,False,저녁(18-23),원활,1.22
2017-04-11 22:30:00,63,45,18,0,52.9,2.61,22,1,False,저녁(18-23),원활,0.0
2017-04-11 22:35:00,63,50,13,0,52.7,2.71,22,1,False,저녁(18-23),원활,0.0
2017-04-11 22:40:00,90,66,23,1,48.3,4.04,22,1,False,저녁(18-23),원활,1.11
2017-04-11 22:45:00,79,60,18,1,50.7,3.65,22,1,False,저녁(18-23),원활,1.27
2017-04-11 22:50:00,82,67,15,0,52.9,3.68,22,1,False,저녁(18-23),원활,0.0
2017-04-11 22:55:00,67,56,11,0,51.4,3.41,22,1,False,저녁(18-23),원활,0.0
2017-04-11 23:00:00,63,47,16,0,49.8,2.81,23,1,False,저녁(18-23),원활,0.0
2017-04-11 23:05:00,76,57,19,0,52.3,3.56,23,1,False,저녁(18-23),원활,0.0
2017-04-11 23:10:00,59,40,18,1,53.3,2.53,23,1,False,저녁(18-23),원활,1.69
2017-04-11 23:15:00,74,58,16,0,53.3,3.29,23,1,False,저녁(18-23),원활,0.0
2017-04-11 23:20:00,45,39,6,0,51.4,1.94,23,1,False,저녁(18-23),원활,0.0
2017-04-11 23:25:00,65,48,17,0,54.5,2.85,23,1,False,저녁(18-23),원활,0.0
2017-04-11 23:30:00,39,30,8,1,45.1,1.97,23,1,False,저녁(18-23),원활,2.56
2017-04-11 23:35:00,41,28,13,0,63.1,1.57,23,1,False,저녁(18-23),원활,0.0
2017-04-11 23:40:00,55,43,12,0,56.5,2.27,23,1,False,저녁(18-23),원활,0.0
2017-04-11 23:45:00,39,25,14,0,57.3,1.55,23,1,False,저녁(18-23),원활,0.0
2017-04-11 23:50:00,37,26,11,0,50.5,1.53,23,1,False,저녁(18-23),원활,0.0
2017-04-11 23:55:00,37,25,12,0,62.3,1.57,23,1,False,저녁(18-23),원활,0.0
2017-04-12 00:00:00,48,29,19,0,53.8,2.08,0,2,False,새벽(0-5),원활,0.0
2017-04-12 00:05:00,62,34,26,2,64.9,2.26,0,2,False,새벽(0-5),원활,3.23
2017-04-12 00:10:00,51,22,22,7,73.8,2.0,0,2,False,새벽(0-5),원활,13.73
2017-04-12 00:15:00,35,29,6,0,50.2,1.52,0,2,False,새벽(0-5),원활,0.0
2017-04-12 00:20:00,42,26,16,0,60.3,1.72,0,2,False,새벽(0-5),원활,0.0
2017-04-12 00:25:00,36,31,5,0,56.9,1.44,0,2,False,새벽(0-5),원활,0.0
2017-04-12 00:30:00,24,18,6,0,53.6,0.95,0,2,False,새벽(0-5),원활,0.0
2017-04-12 00:35:00,31,19,12,0,57.3,1.25,0,2,False,새벽(0-5),원활,0.0
2017-04-12 00:40:00,23,17,6,0,54.6,1.14,0,2,False,새벽(0-5),원활,0.0
2017-04-12 00:45:00,15,12,3,0,49.6,0.7,0,2,False,새벽(0-5),원활,0.0
2017-04-12 00:50:00,20,12,8,0,58.8,0.78,0,2,False,새벽(0-5),원활,0.0
2017-04-12 00:55:00,22,19,3,0,57.6,0.79,0,2,False,새벽(0-5),원활,0.0
2017-04-12 01:00:00,19,15,4,0,55.3,0.79,1,2,False,새벽(0-5),원활,0.0
2017-04-12 01:05:00,24,17,7,0,61.7,1.03,1,2,False,새벽(0-5),원활,0.0
2017-04-12 01:10:00,25,16,9,0,57.9,0.95,1,2,False,새벽(0-5),원활,0.0
2017-04-12 01:15:00,25,20,5,0,58.5,1.07,1,2,False,새벽(0-5),원활,0.0
2017-04-12 01:20:00,25,17,7,1,53.0,1.0,1,2,False,새벽(0-5),원활,4.0
2017-04-12 01:25:00,12,4,8,0,61.2,0.5,1,2,False,새벽(0-5),원활,0.0
2017-04-12 01:30:00,19,17,2,0,56.8,0.78,1,2,False,새벽(0-5),원활,0.0
2017-04-12 01:35:00,21,15,6,0,58.2,0.83,1,2,False,새벽(0-5),원활,0.0
2017-04-12 01:40:00,11,10,1,0,60.9,0.41,1,2,False,새벽(0-5),원활,0.0
2017-04-12 01:45:00,16,14,2,0,53.8,0.7,1,2,False,새벽(0-5),원활,0.0
2017-04-12 01:50:00,14,9,5,0,61.0,0.67,1,2,False,새벽(0-5),원활,0.0
2017-04-12 01:55:00,21,16,5,0,55.4,0.84,1,2,False,새벽(0-5),원활,0.0
2017-04-12 02:00:00,17,12,5,0,64.6,0.73,2,2,False,새벽(0-5),원활,0.0
2017-04-12 02:05:00,20,14,6,0,56.8,0.83,2,2,False,새벽(0-5),원활,0.0
2017-04-12 02:10:00,14,11,3,0,53.8,0.59,2,2,False,새벽(0-5),원활,0.0
2017-04-12 02:15:00,12,9,3,0,59.2,0.55,2,2,False,새벽(0-5),원활,0.0
2017-04-12 02:20:00,13,4,9,0,54.3,0.58,2,2,False,새벽(0-5),원활,0.0
2017-04-12 02:25:00,14,8,6,0,62.6,0.58,2,2,False,새벽(0-5),원활,0.0
2017-04-12 02:30:00,14,5,9,0,59.8,0.61,2,2,False,새벽(0-5),원활,0.0
2017-04-12 02:35:00,7,6,1,0,56.6,0.28,2,2,False,새벽(0-5),원활,0.0
2017-04-12 02:40:00,10,10,0,0,54.8,0.38,2,2,False,새벽(0-5),원활,0.0
2017-04-12 02:45:00,14,10,4,0,62.0,0.61,2,2,False,새벽(0-5),원활,0.0
2017-04-12 02:50:00,14,10,4,0,59.2,0.61,2,2,False,새벽(0-5),원활,0.0
2017-04-12 02:55:00,11,9,2,0,52.1,0.5,2,2,False,새벽(0-5),원활,0.0
2017-04-12 03:00:00,13,9,3,1,48.7,3.31,3,2,False,새벽(0-5),원활,7.69
2017-04-12 03:05:00,21,13,8,0,61.9,0.88,3,2,False,새벽(0-5),원활,0.0
2017-04-12 03:10:00,13,9,4,0,63.3,0.54,3,2,False,새벽(0-5),원활,0.0
2017-04-12 03:15:00,9,7,1,1,54.0,0.31,3,2,False,새벽(0-5),원활,11.11
2017-04-12 03:20:00,13,9,4,0,58.1,0.57,3,2,False,새벽(0-5),원활,0.0
2017-04-12 03:25:00,13,9,4,0,48.9,0.61,3,2,False,새벽(0-5),원활,0.0
2017-04-12 03:30:00,17,11,6,0,70.5,0.63,3,2,False,새벽(0-5),원활,0.0
2017-04-12 03:35:00,11,8,3,0,60.0,0.46,3,2,False,새벽(0-5),원활,0.0
2017-04-12 03:40:00,15,8,7,0,52.8,0.73,3,2,False,새벽(0-5),원활,0.0
2017-04-12 03:45:00,18,10,8,0,52.1,0.87,3,2,False,새벽(0-5),원활,0.0
2017-04-12 03:50:00,13,7,5,1,53.3,0.6,3,2,False,새벽(0-5),원활,7.69
2017-04-12 03:55:00,12,9,3,0,52.6,1.14,3,2,False,새벽(0-5),원활,0.0
2017-04-12 04:00:00,12,7,5,0,58.4,0.66,4,2,False,새벽(0-5),원활,0.0
2017-04-12 04:05:00,13,9,4,0,62.3,0.55,4,2,False,새벽(0-5),원활,0.0
2017-04-12 04:10:00,14,10,4,0,53.3,0.75,4,2,False,새벽(0-5),원활,0.0
2017-04-12 04:15:00,10,7,3,0,52.9,0.51,4,2,False,새벽(0-5),원활,0.0
2017-04-12 04:20:00,19,12,7,0,57.8,0.77,4,2,False,새벽(0-5),원활,0.0
2017-04-12 04:25:00,16,12,4,0,56.1,0.69,4,2,False,새벽(0-5),원활,0.0
2017-04-12 04:30:00,30,25,5,0,49.8,1.06,4,2,False,새벽(0-5),원활,0.0
2017-04-12 04:35:00,37,24,13,0,56.9,1.83,4,2,False,새벽(0-5),원활,0.0
2017-04-12 04:40:00,35,22,12,1,56.5,1.61,4,2,False,새벽(0-5),원활,2.86
2017-04-12 04:45:00,20,14,6,0,63.5,0.81,4,2,False,새벽(0-5),원활,0.0
2017-04-12 04:50:00,37,24,13,0,59.0,1.44,4,2,False,새벽(0-5),원활,0.0
2017-04-12 04:55:00,21,10,11,0,57.7,0.85,4,2,False,새벽(0-5),원활,0.0
2017-04-12 05:00:00,35,17,17,1,51.4,1.8,5,2,False,새벽(0-5),원활,2.86
2017-04-12 05:05:00,43,29,11,3,57.4,1.96,5,2,False,새벽(0-5),원활,6.98
2017-04-12 05:10:00,33,26,7,0,65.1,1.23,5,2,False,새벽(0-5),원활,0.0
2017-04-12 05:15:00,57,43,14,0,57.3,3.34,5,2,False,새벽(0-5),원활,0.0
2017-04-12 05:20:00,80,60,19,1,50.3,3.9,5,2,False,새벽(0-5),원활,1.25
2017-04-12 05:25:00,63,41,22,0,61.0,2.4,5,2,False,새벽(0-5),원활,0.0
2017-04-12 05:30:00,39,27,12,0,56.4,1.91,5,2,False,새벽(0-5),원활,0.0
2017-04-12 05:35:00,60,38,22,0,59.6,2.6,5,2,False,새벽(0-5),원활,0.0
2017-04-12 05:40:00,43,29,14,0,59.1,1.59,5,2,False,새벽(0-5),원활,0.0
2017-04-12 05:45:00,56,40,16,0,57.2,2.29,5,2,False,새벽(0-5),원활,0.0
2017-04-12 05:50:00,56,35,21,0,58.9,2.22,5,2,False,새벽(0-5),원활,0.0
2017-04-12 05:55:00,72,48,22,2,55.7,2.7,5,2,False,새벽(0-5),원활,2.78
2017-04-12 06:00:00,89,51,38,0,58.5,3.46,6,2,False,오전(6-11),원활,0.0
2017-04-12 06:05:00,71,46,22,3,58.8,2.71,6,2,False,오전(6-11),원활,4.23
2017-04-12 06:10:00,77,44,33,0,56.8,2.94,6,2,False,오전(6-11),원활,0.0
2017-04-12 06:15:00,106,62,43,1,56.5,3.9,6,2,False,오전(6-11),원활,0.94
2017-04-12 06:20:00,83,48,35,0,64.3,2.66,6,2,False,오전(6-11),원활,0.0
2017-04-12 06:25:00,114,69,45,0,54.8,4.32,6,2,False,오전(6-11),원활,0.0
2017-04-12 06:30:00,124,83,41,0,58.3,4.45,6,2,False,오전(6-11),원활,0.0
2017-04-12 06:35:00,100,59,40,1,59.9,3.6,6,2,False,오전(6-11),원활,1.0
2017-04-12 06:40:00,113,66,46,1,58.3,4.18,6,2,False,오전(6-11),원활,0.88
2017-04-12 06:45:00,133,88,41,4,57.2,5.03,6,2,False,오전(6-11),원활,3.01
2017-04-12 06:50:00,119,73,46,0,56.5,4.53,6,2,False,오전(6-11),원활,0.0
2017-04-12 06:55:00,124,85,34,5,55.2,4.78,6,2,False,오전(6-11),원활,4.03
2017-04-12 07:00:00,124,82,38,4,52.6,4.86,7,2,False,오전(6-11),원활,3.23
2017-04-12 07:05:00,162,103,58,1,53.7,6.19,7,2,False,오전(6-11),혼잡,0.62
2017-04-12 07:10:00,201,136,64,1,56.5,7.49,7,2,False,오전(6-11),혼잡,0.5
2017-04-12 07:15:00,241,164,76,1,46.9,11.28,7,2,False,오전(6-11),혼잡,0.41
2017-04-12 07:20:00,197,139,57,1,39.7,11.48,7,2,False,오전(6-11),혼잡,0.51
2017-04-12 07:25:00,221,150,68,3,39.9,12.02,7,2,False,오전(6-11),혼잡,1.36
2017-04-12 07:30:00,236,160,74,2,42.4,11.65,7,2,False,오전(6-11),혼잡,0.85
2017-04-12 07:35:00,239,163,73,3,37.7,22.62,7,2,False,오전(6-11),혼잡,1.26
2017-04-12 07:40:00,193,133,57,3,35.5,21.35,7,2,False,오전(6-11),혼잡,1.55
2017-04-12 07:45:00,208,157,50,1,36.0,14.33,7,2,False,오전(6-11),혼잡,0.48
2017-04-12 07:50:00,219,158,56,5,37.3,23.4,7,2,False,오전(6-11),혼잡,2.28
2017-04-12 07:55:00,287,215,70,2,40.7,14.41,7,2,False,오전(6-11),혼잡,0.7
2017-04-12 08:00:00,261,183,77,1,41.7,12.25,8,2,False,오전(6-11),혼잡,0.38
2017-04-12 08:05:00,235,163,70,2,41.0,11.02,8,2,False,오전(6-11),혼잡,0.85
2017-04-12 08:10:00,267,184,75,8,38.3,13.59,8,2,False,오전(6-11),혼잡,3.0
2017-04-12 08:15:00,291,223,62,6,44.1,12.43,8,2,False,오전(6-11),혼잡,2.06
2017-04-12 08:20:00,250,178,70,2,38.6,13.34,8,2,False,오전(6-11),혼잡,0.8
2017-04-12 08:25:00,207,146,60,1,40.3,9.64,8,2,False,오전(6-11),혼잡,0.48
2017-04-12 08:30:00,188,142,42,4,39.3,21.0,8,2,False,오전(6-11),혼잡,2.13
2017-04-12 08:35:00,228,175,49,4,33.5,28.75,8,2,False,오전(6-11),혼잡,1.75
2017-04-12 08:40:00,262,191,70,1,32.7,18.24,8,2,False,오전(6-11),혼잡,0.38
2017-04-12 08:45:00,164,120,43,1,44.6,7.65,8,2,False,오전(6-11),혼잡,0.61
2017-04-12 08:50:00,158,121,36,1,48.7,5.98,8,2,False,오전(6-11),혼잡,0.63
2017-04-12 08:55:00,195,140,53,2,51.9,7.63,8,2,False,오전(6-11),혼잡,1.03
2017-04-12 09:00:00,196,152,39,5,45.6,9.35,9,2,False,오전(6-11),혼잡,2.55
2017-04-12 09:05:00,142,95,45,2,46.1,7.2,9,2,False,오전(6-11),혼잡,1.41
2017-04-12 09:10:00,153,102,48,3,47.3,8.02,9,2,False,오전(6-11),혼잡,1.96
2017-04-12 09:15:00,184,144,39,1,45.5,10.65,9,2,False,오전(6-11),혼잡,0.54
2017-04-12 09:20:00,167,119,47,1,51.8,6.53,9,2,False,오전(6-11),혼잡,0.6
2017-04-12 09:25:00,213,167,43,3,39.0,11.54,9,2,False,오전(6-11),혼잡,1.41
2017-04-12 09:30:00,157,114,43,0,47.4,7.8,9,2,False,오전(6-11),혼잡,0.0
2017-04-12 09:35:00,193,138,53,2,44.2,8.9,9,2,False,오전(6-11),혼잡,1.04
2017-04-12 09:40:00,136,91,44,1,50.5,5.93,9,2,False,오전(6-11),혼잡,0.74
2017-04-12 09:45:00,169,107,61,1,48.3,7.64,9,2,False,오전(6-11),혼잡,0.59
2017-04-12 09:50:00,173,113,60,0,47.7,7.44,9,2,False,오전(6-11),혼잡,0.0
2017-04-12 09:55:00,169,113,53,3,50.8,8.69,9,2,False,오전(6-11),혼잡,1.78
2017-04-12 10:00:00,160,91,64,5,48.0,8.13,10,2,False,오전(6-11),혼잡,3.12
2017-04-12 10:05:00,136,81,52,3,49.2,7.33,10,2,False,오전(6-11),혼잡,2.21
2017-04-12 10:10:00,144,92,51,1,46.3,7.69,10,2,False,오전(6-11),혼잡,0.69
2017-04-12 10:15:00,140,77,57,6,47.4,8.43,10,2,False,오전(6-11),혼잡,4.29
2017-04-12 10:20:00,123,78,44,1,50.0,5.81,10,2,False,오전(6-11),혼잡,0.81
2017-04-12 10:25:00,147,86,60,1,48.0,6.72,10,2,False,오전(6-11),혼잡,0.68
2017-04-12 10:30:00,139,82,57,0,50.9,5.96,10,2,False,오전(6-11),혼잡,0.0
2017-04-12 10:35:00,147,89,58,0,48.0,6.47,10,2,False,오전(6-11),혼잡,0.0
2017-04-12 10:40:00,134,76,57,1,48.7,5.45,10,2,False,오전(6-11),원활,0.75
2017-04-12 10:45:00,140,82,57,1,50.4,6.08,10,2,False,오전(6-11),혼잡,0.71
2017-04-12 10:50:00,137,89,48,0,49.9,5.79,10,2,False,오전(6-11),혼잡,0.0
2017-04-12 10:55:00,124,89,35,0,51.0,5.28,10,2,False,오전(6-11),원활,0.0
2017-04-12 11:00:00,111,72,38,1,52.3,4.42,11,2,False,오전(6-11),원활,0.9
2017-04-12 11:05:00,146,92,50,4,47.9,6.11,11,2,False,오전(6-11),혼잡,2.74
2017-04-12 11:10:00,119,82,36,1,51.7,4.7,11,2,False,오전(6-11),원활,0.84
2017-04-12 11:15:00,147,95,51,1,51.3,6.16,11,2,False,오전(6-11),혼잡,0.68
2017-04-12 11:20:00,143,95,46,2,50.6,5.86,11,2,False,오전(6-11),혼잡,1.4
2017-04-12 11:25:00,154,91,60,3,46.9,6.88,11,2,False,오전(6-11),혼잡,1.95
2017-04-12 11:30:00,142,93,48,1,45.2,6.37,11,2,False,오전(6-11),혼잡,0.7
2017-04-12 11:35:00,156,101,53,2,45.6,7.08,11,2,False,오전(6-11),혼잡,1.28
2017-04-12 11:40:00,124,77,47,0,49.2,5.02,11,2,False,오전(6-11),원활,0.0
2017-04-12 11:45:00,175,112,62,1,42.9,10.45,11,2,False,오전(6-11),혼잡,0.57
2017-04-12 11:50:00,150,109,39,2,47.2,6.45,11,2,False,오전(6-11),혼잡,1.33
2017-04-12 11:55:00,206,127,76,3,42.1,11.53,11,2,False,오전(6-11),혼잡,1.46
2017-04-12 12:00:00,155,105,47,3,43.6,8.31,12,2,False,오후(12-17),혼잡,1.94
2017-04-12 12:05:00,136,91,43,2,47.8,6.17,12,2,False,오후(12-17),혼잡,1.47
2017-04-12 12:10:00,152,104,48,0,45.6,6.54,12,2,False,오후(12-17),혼잡,0.0
2017-04-12 12:15:00,122,80,40,2,46.4,5.28,12,2,False,오후(12-17),원활,1.64
2017-04-12 12:20:00,109,78,29,2,49.9,4.46,12,2,False,오후(12-17),원활,1.83
2017-04-12 12:25:00,127,84,41,2,48.4,5.81,12,2,False,오후(12-17),혼잡,1.57
2017-04-12 12:30:00,125,76,48,1,53.5,5.0,12,2,False,오후(12-17),원활,0.8
2017-04-12 12:35:00,139,88,49,2,50.7,6.29,12,2,False,오후(12-17),혼잡,1.44
2017-04-12 12:40:00,144,95,47,2,49.0,6.34,12,2,False,오후(12-17),혼잡,1.39
2017-04-12 12:45:00,151,102,49,0,47.4,6.84,12,2,False,오후(12-17),혼잡,0.0
2017-04-12 12:50:00,154,106,48,0,46.0,6.71,12,2,False,오후(12-17),혼잡,0.0
2017-04-12 12:55:00,136,77,57,2,49.6,5.91,12,2,False,오후(12-17),혼잡,1.47
2017-04-12 13:00:00,144,98,45,1,45.7,6.6,13,2,False,오후(12-17),혼잡,0.69
2017-04-12 13:05:00,164,109,54,1,48.2,7.27,13,2,False,오후(12-17),혼잡,0.61
2017-04-12 13:10:00,145,107,38,0,49.4,6.19,13,2,False,오후(12-17),혼잡,0.0
2017-04-12 13:15:00,180,121,57,2,47.1,7.36,13,2,False,오후(12-17),혼잡,1.11
2017-04-12 13:20:00,165,112,51,2,47.9,7.07,13,2,False,오후(12-17),혼잡,1.21
2017-04-12 13:25:00,155,99,56,0,46.2,6.59,13,2,False,오후(12-17),혼잡,0.0
2017-04-12 13:30:00,150,101,49,0,47.1,6.25,13,2,False,오후(12-17),혼잡,0.0
2017-04-12 13:35:00,165,109,55,1,45.0,7.35,13,2,False,오후(12-17),혼잡,0.61
2017-04-12 13:40:00,123,92,31,0,48.1,5.45,13,2,False,오후(12-17),원활,0.0
2017-04-12 13:45:00,146,98,47,1,49.6,6.0,13,2,False,오후(12-17),혼잡,0.68
2017-04-12 13:50:00,123,81,42,0,51.8,4.96,13,2,False,오후(12-17),원활,0.0
2017-04-12 13:55:00,154,93,60,1,46.6,6.98,13,2,False,오후(12-17),혼잡,0.65
2017-04-12 14:00:00,150,104,45,1,51.7,6.26,14,2,False,오후(12-17),혼잡,0.67
2017-04-12 14:05:00,158,111,47,0,48.2,6.95,14,2,False,오후(12-17),혼잡,0.0
2017-04-12 14:10:00,140,97,42,1,49.3,5.52,14,2,False,오후(12-17),원활,0.71
2017-04-12 14:15:00,164,103,58,3,47.4,7.07,14,2,False,오후(12-17),혼잡,1.83
2017-04-12 14:20:00,135,99,36,0,46.9,5.53,14,2,False,오후(12-17),원활,0.0
2017-04-12 14:25:00,160,111,49,0,47.3,6.69,14,2,False,오후(12-17),혼잡,0.0
2017-04-12 14:30:00,159,112,46,1,45.3,7.16,14,2,False,오후(12-17),혼잡,0.63
2017-04-12 14:35:00,171,124,44,3,48.0,7.27,14,2,False,오후(12-17),혼잡,1.75
2017-04-12 14:40:00,165,114,49,2,45.6,7.24,14,2,False,오후(12-17),혼잡,1.21
2017-04-12 14:45:00,185,123,62,0,48.5,8.25,14,2,False,오후(12-17),혼잡,0.0
2017-04-12 14:50:00,143,91,47,5,47.2,6.22,14,2,False,오후(12-17),혼잡,3.5
2017-04-12 14:55:00,159,100,58,1,48.5,6.71,14,2,False,오후(12-17),혼잡,0.63
2017-04-12 15:00:00,118,81,36,1,49.8,5.01,15,2,False,오후(12-17),원활,0.85
2017-04-12 15:05:00,138,95,41,2,47.5,6.06,15,2,False,오후(12-17),혼잡,1.45
2017-04-12 15:10:00,131,94,35,2,49.0,5.29,15,2,False,오후(12-17),원활,1.53
2017-04-12 15:15:00,159,105,51,3,50.5,6.84,15,2,False,오후(12-17),혼잡,1.89
2017-04-12 15:20:00,162,118,42,2,48.5,6.97,15,2,False,오후(12-17),혼잡,1.23
2017-04-12 15:25:00,142,105,35,2,50.0,5.65,15,2,False,오후(12-17),혼잡,1.41
2017-04-12 15:30:00,140,95,44,1,47.2,5.77,15,2,False,오후(12-17),혼잡,0.71
2017-04-12 15:35:00,139,107,31,1,47.7,5.77,15,2,False,오후(12-17),혼잡,0.72
2017-04-12 15:40:00,147,111,35,1,43.1,7.62,15,2,False,오후(12-17),혼잡,0.68
2017-04-12 15:45:00,142,107,33,2,46.6,6.29,15,2,False,오후(12-17),혼잡,1.41
2017-04-12 15:50:00,174,151,23,0,46.9,7.18,15,2,False,오후(12-17),혼잡,0.0
2017-04-12 15:55:00,188,145,43,0,44.4,14.65,15,2,False,오후(12-17),혼잡,0.0
2017-04-12 16:00:00,161,132,29,0,45.7,6.63,16,2,False,오후(12-17),혼잡,0.0
2017-04-12 16:05:00,171,132,37,2,47.7,7.13,16,2,False,오후(12-17),혼잡,1.17
2017-04-12 16:10:00,169,132,34,3,46.4,7.71,16,2,False,오후(12-17),혼잡,1.78
2017-04-12 16:15:00,143,101,41,1,44.6,14.59,16,2,False,오후(12-17),혼잡,0.7
2017-04-12 16:20:00,138,103,33,2,49.0,6.05,16,2,False,오후(12-17),혼잡,1.45
2017-04-12 16:25:00,191,143,46,2,47.5,8.0,16,2,False,오후(12-17),혼잡,1.05
2017-04-12 16:30:00,158,122,35,1,50.6,6.8,16,2,False,오후(12-17),혼잡,0.63
2017-04-12 16:35:00,170,123,42,5,45.4,15.7,16,2,False,오후(12-17),혼잡,2.94
2017-04-12 16:40:00,175,130,43,2,46.1,17.85,16,2,False,오후(12-17),혼잡,1.14
2017-04-12 16:45:00,144,109,34,1,46.8,11.49,16,2,False,오후(12-17),혼잡,0.69
2017-04-12 16:50:00,147,110,37,0,46.2,6.18,16,2,False,오후(12-17),혼잡,0.0
2017-04-12 16:55:00,145,109,32,4,49.3,14.03,16,2,False,오후(12-17),혼잡,2.76
2017-04-12 17:00:00,123,93,28,2,49.0,15.75,17,2,False,오후(12-17),혼잡,1.63
2017-04-12 17:05:00,170,120,50,0,47.7,10.13,17,2,False,오후(12-17),혼잡,0.0
2017-04-12 17:10:00,152,111,41,0,42.9,6.56,17,2,False,오후(12-17),혼잡,0.0
2017-04-12 17:15:00,155,108,46,1,45.0,7.31,17,2,False,오후(12-17),혼잡,0.65
2017-04-12 17:20:00,182,133,46,3,44.0,7.96,17,2,False,오후(12-17),혼잡,1.65
2017-04-12 17:25:00,188,132,53,3,47.8,7.69,17,2,False,오후(12-17),혼잡,1.6
2017-04-12 17:30:00,135,91,42,2,49.1,5.41,17,2,False,오후(12-17),원활,1.48
2017-04-12 17:35:00,139,102,35,2,48.0,5.55,17,2,False,오후(12-17),원활,1.44
2017-04-12 17:40:00,193,139,50,4,47.4,7.97,17,2,False,오후(12-17),혼잡,2.07
2017-04-12 17:45:00,181,128,51,2,37.7,10.66,17,2,False,오후(12-17),혼잡,1.1
2017-04-12 17:50:00,149,106,42,1,44.7,6.44,17,2,False,오후(12-17),혼잡,0.67
2017-04-12 17:55:00,132,83,46,3,47.5,5.63,17,2,False,오후(12-17),혼잡,2.27
2017-04-12 18:00:00,159,113,44,2,50.0,6.15,18,2,False,저녁(18-23),혼잡,1.26
2017-04-12 18:05:00,203,138,60,5,42.5,9.47,18,2,False,저녁(18-23),혼잡,2.46
2017-04-12 18:10:00,201,155,44,2,40.9,17.75,18,2,False,저녁(18-23),혼잡,1.0
2017-04-12 18:15:00,184,138,42,4,30.0,28.48,18,2,False,저녁(18-23),혼잡,2.17
2017-04-12 18:20:00,200,145,49,6,35.8,10.57,18,2,False,저녁(18-23),혼잡,3.0
2017-04-12 18:25:00,243,153,89,1,32.5,18.66,18,2,False,저녁(18-23),혼잡,0.41
2017-04-12 18:30:00,218,159,52,7,34.4,31.61,18,2,False,저녁(18-23),혼잡,3.21
2017-04-12 18:35:00,165,122,41,2,32.5,18.85,18,2,False,저녁(18-23),혼잡,1.21
2017-04-12 18:40:00,163,124,38,1,41.6,7.52,18,2,False,저녁(18-23),혼잡,0.61
2017-04-12 18:45:00,176,119,54,3,41.5,11.09,18,2,False,저녁(18-23),혼잡,1.7
2017-04-12 18:50:00,180,126,52,2,44.3,10.34,18,2,False,저녁(18-23),혼잡,1.11
2017-04-12 18:55:00,123,79,38,6,45.6,5.69,18,2,False,저녁(18-23),혼잡,4.88
2017-04-12 19:00:00,115,84,30,1,49.4,4.78,19,2,False,저녁(18-23),원활,0.87
2017-04-12 19:05:00,199,138,59,2,41.0,9.61,19,2,False,저녁(18-23),혼잡,1.01
2017-04-12 19:10:00,158,127,30,1,41.1,7.55,19,2,False,저녁(18-23),혼잡,0.63
2017-04-12 19:15:00,155,137,18,0,43.3,7.69,19,2,False,저녁(18-23),혼잡,0.0
2017-04-12 19:20:00,140,111,29,0,40.2,6.74,19,2,False,저녁(18-23),혼잡,0.0
2017-04-12 19:25:00,147,121,26,0,40.3,8.42,19,2,False,저녁(18-23),혼잡,0.0
2017-04-12 19:30:00,149,119,30,0,45.9,7.37,19,2,False,저녁(18-23),혼잡,0.0
2017-04-12 19:35:00,136,109,25,2,42.5,7.61,19,2,False,저녁(18-23),혼잡,1.47
2017-04-12 19:40:00,102,81,20,1,46.3,4.64,19,2,False,저녁(18-23),원활,0.98
2017-04-12 19:45:00,110,93,17,0,46.6,5.32,19,2,False,저녁(18-23),원활,0.0
2017-04-12 19:50:00,111,87,24,0,47.7,5.65,19,2,False,저녁(18-23),혼잡,0.0
2017-04-12 19:55:00,125,95,29,1,48.3,5.82,19,2,False,저녁(18-23),혼잡,0.8
2017-04-12 20:00:00,109,83,24,2,43.4,5.34,20,2,False,저녁(18-23),원활,1.83
2017-04-12 20:05:00,98,71,27,0,47.5,4.64,20,2,False,저녁(18-23),원활,0.0
2017-04-12 20:10:00,142,104,37,1,42.4,7.68,20,2,False,저녁(18-23),혼잡,0.7
2017-04-12 20:15:00,134,98,36,0,47.4,6.4,20,2,False,저녁(18-23),혼잡,0.0
2017-04-12 20:20:00,79,56,22,1,44.3,3.95,20,2,False,저녁(18-23),원활,1.27
2017-04-12 20:25:00,116,85,30,1,41.7,6.31,20,2,False,저녁(18-23),혼잡,0.86
2017-04-12 20:30:00,133,106,26,1,47.4,7.13,20,2,False,저녁(18-23),혼잡,0.75
2017-04-12 20:35:00,126,94,32,0,44.4,6.57,20,2,False,저녁(18-23),혼잡,0.0
2017-04-12 20:40:00,102,77,25,0,46.5,4.85,20,2,False,저녁(18-23),원활,0.0
2017-04-12 20:45:00,110,87,23,0,44.7,5.03,20,2,False,저녁(18-23),원활,0.0
2017-04-12 20:50:00,119,92,26,1,44.2,6.23,20,2,False,저녁(18-23),혼잡,0.84
2017-04-12 20:55:00,118,101,16,1,47.9,5.29,20,2,False,저녁(18-23),원활,0.85
2017-04-12 21:00:00,94,69,24,1,50.7,4.45,21,2,False,저녁(18-23),원활,1.06
2017-04-12 21:05:00,89,70,19,0,42.9,4.43,21,2,False,저녁(18-23),원활,0.0
2017-04-12 21:10:00,102,74,27,1,44.9,6.0,21,2,False,저녁(18-23),혼잡,0.98
2017-04-12 21:15:00,111,84,27,0,46.9,4.95,21,2,False,저녁(18-23),원활,0.0
2017-04-12 21:20:00,100,77,21,2,45.8,5.19,21,2,False,저녁(18-23),원활,2.0
2017-04-12 21:25:00,121,92,29,0,44.5,6.4,21,2,False,저녁(18-23),혼잡,0.0
2017-04-12 21:30:00,114,89,25,0,43.5,5.35,21,2,False,저녁(18-23),원활,0.0
2017-04-12 21:35:00,94,71,21,2,47.4,4.17,21,2,False,저녁(18-23),원활,2.13
2017-04-12 21:40:00,116,90,26,0,42.9,5.97,21,2,False,저녁(18-23),혼잡,0.0
2017-04-12 21:45:00,98,77,21,0,45.3,4.82,21,2,False,저녁(18-23),원활,0.0
2017-04-12 21:50:00,79,58,21,0,46.3,3.58,21,2,False,저녁(18-23),원활,0.0
2017-04-12 21:55:00,97,78,19,0,48.0,4.44,21,2,False,저녁(18-23),원활,0.0
2017-04-12 22:00:00,103,85,18,0,47.9,4.94,22,2,False,저녁(18-23),원활,0.0
2017-04-12 22:05:00,109,85,24,0,48.0,4.9,22,2,False,저녁(18-23),원활,0.0
2017-04-12 22:10:00,94,75,19,0,49.9,4.25,22,2,False,저녁(18-23),원활,0.0
2017-04-12 22:15:00,125,93,32,0,45.4,5.98,22,2,False,저녁(18-23),혼잡,0.0
2017-04-12 22:20:00,91,69,22,0,45.9,4.94,22,2,False,저녁(18-23),원활,0.0
2017-04-12 22:25:00,66,53,13,0,48.4,2.83,22,2,False,저녁(18-23),원활,0.0
2017-04-12 22:30:00,77,59,18,0,44.9,3.81,22,2,False,저녁(18-23),원활,0.0
2017-04-12 22:35:00,100,75,25,0,48.6,4.57,22,2,False,저녁(18-23),원활,0.0
2017-04-12 22:40:00,82,57,24,1,49.0,3.75,22,2,False,저녁(18-23),원활,1.22
2017-04-12 22:45:00,89,52,29,8,54.0,28.9,22,2,False,저녁(18-23),혼잡,8.99
2017-04-12 22:50:00,81,44,29,8,65.4,5.01,22,2,False,저녁(18-23),원활,9.88
2017-04-12 22:55:00,83,52,25,6,61.4,6.04,22,2,False,저녁(18-23),혼잡,7.23
2017-04-12 23:00:00,60,45,14,1,48.5,3.19,23,2,False,저녁(18-23),원활,1.67
2017-04-12 23:05:00,71,52,19,0,49.5,3.13,23,2,False,저녁(18-23),원활,0.0
2017-04-12 23:10:00,43,30,13,0,54.4,1.85,23,2,False,저녁(18-23),원활,0.0
2017-04-12 23:15:00,59,44,15,0,53.3,2.43,23,2,False,저녁(18-23),원활,0.0
2017-04-12 23:20:00,60,40,18,2,53.6,2.55,23,2,False,저녁(18-23),원활,3.33
2017-04-12 23:25:00,56,41,15,0,52.3,4.98,23,2,False,저녁(18-23),원활,0.0
2017-04-12 23:30:00,71,49,22,0,54.8,3.0,23,2,False,저녁(18-23),원활,0.0
2017-04-12 23:35:00,41,33,8,0,56.2,1.8,23,2,False,저녁(18-23),원활,0.0
2017-04-12 23:40:00,51,35,16,0,55.4,1.95,23,2,False,저녁(18-23),원활,0.0
2017-04-12 23:45:00,30,22,8,0,52.5,1.21,23,2,False,저녁(18-23),원활,0.0
2017-04-12 23:50:00,34,26,8,0,56.0,1.33,23,2,False,저녁(18-23),원활,0.0
2017-04-12 23:55:00,32,25,7,0,52.8,1.25,23,2,False,저녁(18-23),원활,0.0
2017-04-13 00:00:00,36,27,9,0,63.3,1.35,0,3,False,새벽(0-5),원활,0.0
2017-04-13 00:05:00,57,46,11,0,58.2,2.09,0,3,False,새벽(0-5),원활,0.0
2017-04-13 00:10:00,43,30,13,0,53.5,1.71,0,3,False,새벽(0-5),원활,0.0
2017-04-13 00:15:00,43,30,13,0,48.7,1.73,0,3,False,새벽(0-5),원활,0.0
2017-04-13 00:20:00,25,19,6,0,54.2,1.0,0,3,False,새벽(0-5),원활,0.0
2017-04-13 00:25:00,38,24,14,0,53.4,1.54,0,3,False,새벽(0-5),원활,0.0
2017-04-13 00:30:00,40,28,11,1,52.5,1.73,0,3,False,새벽(0-5),원활,2.5
2017-04-13 00:35:00,43,27,16,0,59.0,1.62,0,3,False,새벽(0-5),원활,0.0
2017-04-13 00:40:00,37,29,8,0,56.7,1.46,0,3,False,새벽(0-5),원활,0.0
2017-04-13 00:45:00,26,18,8,0,59.5,1.08,0,3,False,새벽(0-5),원활,0.0
2017-04-13 00:50:00,30,23,7,0,58.3,1.14,0,3,False,새벽(0-5),원활,0.0
2017-04-13 00:55:00,30,23,7,0,57.9,1.44,0,3,False,새벽(0-5),원활,0.0
2017-04-13 01:00:00,23,10,13,0,62.4,0.87,1,3,False,새벽(0-5),원활,0.0
2017-04-13 01:05:00,11,7,4,0,60.4,0.43,1,3,False,새벽(0-5),원활,0.0
2017-04-13 01:10:00,28,18,10,0,66.5,1.08,1,3,False,새벽(0-5),원활,0.0
2017-04-13 01:15:00,24,19,5,0,52.8,0.93,1,3,False,새벽(0-5),원활,0.0
2017-04-13 01:20:00,23,12,11,0,62.3,0.99,1,3,False,새벽(0-5),원활,0.0
2017-04-13 01:25:00,18,8,10,0,55.5,0.8,1,3,False,새벽(0-5),원활,0.0
2017-04-13 01:30:00,20,15,5,0,61.2,0.75,1,3,False,새벽(0-5),원활,0.0
2017-04-13 01:35:00,30,19,11,0,53.7,1.63,1,3,False,새벽(0-5),원활,0.0
2017-04-13 01:40:00,18,11,7,0,64.3,0.68,1,3,False,새벽(0-5),원활,0.0
2017-04-13 01:45:00,13,7,6,0,63.0,0.5,1,3,False,새벽(0-5),원활,0.0
2017-04-13 01:50:00,16,10,6,0,50.8,0.74,1,3,False,새벽(0-5),원활,0.0
2017-04-13 01:55:00,24,17,7,0,57.1,1.02,1,3,False,새벽(0-5),원활,0.0
2017-04-13 02:00:00,21,14,7,0,65.8,0.73,2,3,False,새벽(0-5),원활,0.0
2017-04-13 02:05:00,14,9,5,0,57.4,0.63,2,3,False,새벽(0-5),원활,0.0
2017-04-13 02:10:00,10,5,5,0,57.7,0.44,2,3,False,새벽(0-5),원활,0.0
2017-04-13 02:15:00,19,15,4,0,42.4,0.84,2,3,False,새벽(0-5),원활,0.0
2017-04-13 02:20:00,17,11,6,0,50.6,0.71,2,3,False,새벽(0-5),원활,0.0
2017-04-13 02:25:00,16,11,5,0,56.6,0.76,2,3,False,새벽(0-5),원활,0.0
2017-04-13 02:30:00,11,8,3,0,54.8,0.53,2,3,False,새벽(0-5),원활,0.0
2017-04-13 02:35:00,22,17,5,0,52.9,0.75,2,3,False,새벽(0-5),원활,0.0
2017-04-13 02:40:00,193,183,8,2,44.2,8.75,2,3,False,새벽(0-5),혼잡,1.04
2017-04-13 02:45:00,15,13,2,0,60.9,0.64,2,3,False,새벽(0-5),원활,0.0
2017-04-13 02:50:00,10,4,6,0,66.6,0.32,2,3,False,새벽(0-5),원활,0.0
2017-04-13 02:55:00,10,7,3,0,57.5,0.4,2,3,False,새벽(0-5),원활,0.0
2017-04-13 03:00:00,9,8,1,0,52.5,0.37,3,3,False,새벽(0-5),원활,0.0
2017-04-13 03:05:00,24,19,4,1,53.5,1.04,3,3,False,새벽(0-5),원활,4.17
2017-04-13 03:10:00,11,8,3,0,46.1,0.52,3,3,False,새벽(0-5),원활,0.0
2017-04-13 03:15:00,14,10,4,0,61.5,0.56,3,3,False,새벽(0-5),원활,0.0
2017-04-13 03:20:00,16,11,5,0,57.1,0.69,3,3,False,새벽(0-5),원활,0.0
2017-04-13 03:25:00,14,7,5,2,57.7,0.6,3,3,False,새벽(0-5),원활,14.29
2017-04-13 03:30:00,15,10,5,0,77.3,0.54,3,3,False,새벽(0-5),원활,0.0
2017-04-13 03:35:00,8,5,3,0,84.1,0.29,3,3,False,새벽(0-5),원활,0.0
2017-04-13 03:40:00,11,6,5,0,56.7,0.56,3,3,False,새벽(0-5),원활,0.0
2017-04-13 03:45:00,10,8,2,0,48.6,0.46,3,3,False,새벽(0-5),원활,0.0
2017-04-13 03:50:00,11,8,3,0,49.4,0.48,3,3,False,새벽(0-5),원활,0.0
2017-04-13 03:55:00,17,13,4,0,58.0,0.8,3,3,False,새벽(0-5),원활,0.0
2017-04-13 04:00:00,11,5,6,0,55.3,0.4,4,3,False,새벽(0-5),원활,0.0
2017-04-13 04:05:00,11,8,3,0,58.4,0.45,4,3,False,새벽(0-5),원활,0.0
2017-04-13 04:10:00,17,13,4,0,55.3,0.73,4,3,False,새벽(0-5),원활,0.0
2017-04-13 04:15:00,9,7,2,0,57.8,0.41,4,3,False,새벽(0-5),원활,0.0
2017-04-13 04:20:00,13,9,4,0,52.0,0.57,4,3,False,새벽(0-5),원활,0.0
2017-04-13 04:25:00,19,11,8,0,55.0,0.95,4,3,False,새벽(0-5),원활,0.0
2017-04-13 04:30:00,19,12,7,0,60.3,0.77,4,3,False,새벽(0-5),원활,0.0
2017-04-13 04:35:00,23,15,8,0,56.9,0.94,4,3,False,새벽(0-5),원활,0.0
2017-04-13 04:40:00,21,13,8,0,49.6,1.0,4,3,False,새벽(0-5),원활,0.0
2017-04-13 04:45:00,28,19,9,0,55.0,1.22,4,3,False,새벽(0-5),원활,0.0
2017-04-13 04:50:00,20,12,8,0,59.4,1.0,4,3,False,새벽(0-5),원활,0.0
2017-04-13 04:55:00,23,20,3,0,55.9,0.98,4,3,False,새벽(0-5),원활,0.0
2017-04-13 05:00:00,23,19,4,0,56.2,1.05,5,3,False,새벽(0-5),원활,0.0
2017-04-13 05:05:00,28,18,10,0,47.5,1.2,5,3,False,새벽(0-5),원활,0.0
2017-04-13 05:10:00,30,25,5,0,55.4,1.28,5,3,False,새벽(0-5),원활,0.0
2017-04-13 05:15:00,68,51,17,0,49.3,3.2,5,3,False,새벽(0-5),원활,0.0
2017-04-13 05:20:00,73,54,19,0,54.7,3.19,5,3,False,새벽(0-5),원활,0.0
2017-04-13 05:25:00,63,39,24,0,55.3,2.79,5,3,False,새벽(0-5),원활,0.0
2017-04-13 05:30:00,58,40,18,0,51.6,3.0,5,3,False,새벽(0-5),원활,0.0
2017-04-13 05:35:00,64,35,29,0,52.9,5.3,5,3,False,새벽(0-5),원활,0.0
2017-04-13 05:40:00,40,23,17,0,61.0,14.95,5,3,False,새벽(0-5),혼잡,0.0
2017-04-13 05:45:00,52,34,18,0,69.6,1.89,5,3,False,새벽(0-5),원활,0.0
2017-04-13 05:50:00,41,25,16,0,57.1,1.58,5,3,False,새벽(0-5),원활,0.0
2017-04-13 05:55:00,75,51,24,0,58.7,2.82,5,3,False,새벽(0-5),원활,0.0
2017-04-13 06:00:00,78,50,27,1,55.2,2.84,6,3,False,오전(6-11),원활,1.28
2017-04-13 06:05:00,84,58,25,1,60.3,2.94,6,3,False,오전(6-11),원활,1.19
2017-04-13 06:10:00,73,41,29,3,57.5,2.62,6,3,False,오전(6-11),원활,4.11
2017-04-13 06:15:00,93,51,41,1,54.7,3.72,6,3,False,오전(6-11),원활,1.08
2017-04-13 06:20:00,87,49,36,2,57.3,2.92,6,3,False,오전(6-11),원활,2.3
2017-04-13 06:25:00,103,71,30,2,54.1,3.85,6,3,False,오전(6-11),원활,1.94
2017-04-13 06:30:00,116,74,40,2,58.7,4.02,6,3,False,오전(6-11),원활,1.72
2017-04-13 06:35:00,141,82,58,1,54.7,5.64,6,3,False,오전(6-11),혼잡,0.71
2017-04-13 06:40:00,127,83,44,0,56.7,4.48,6,3,False,오전(6-11),원활,0.0
2017-04-13 06:45:00,112,70,37,5,58.6,4.11,6,3,False,오전(6-11),원활,4.46
2017-04-13 06:50:00,124,75,49,0,54.4,4.69,6,3,False,오전(6-11),원활,0.0
2017-04-13 06:55:00,119,68,50,1,52.5,4.93,6,3,False,오전(6-11),원활,0.84
2017-04-13 07:00:00,121,81,39,1,55.6,4.53,7,3,False,오전(6-11),원활,0.83
2017-04-13 07:05:00,175,115,58,2,52.5,7.07,7,3,False,오전(6-11),혼잡,1.14
2017-04-13 07:10:00,201,130,71,0,50.8,9.01,7,3,False,오전(6-11),혼잡,0.0
2017-04-13 07:15:00,214,138,74,2,49.1,9.63,7,3,False,오전(6-11),혼잡,0.93
2017-04-13 07:20:00,178,120,57,1,36.7,14.44,7,3,False,오전(6-11),혼잡,0.56
2017-04-13 07:25:00,225,157,67,1,39.9,12.05,7,3,False,오전(6-11),혼잡,0.44
2017-04-13 07:30:00,246,176,69,1,38.1,15.03,7,3,False,오전(6-11),혼잡,0.41
2017-04-13 07:35:00,290,188,98,4,41.3,14.67,7,3,False,오전(6-11),혼잡,1.38
2017-04-13 07:40:00,250,175,73,2,40.6,13.07,7,3,False,오전(6-11),혼잡,0.8
2017-04-13 07:45:00,238,159,79,0,43.9,10.55,7,3,False,오전(6-11),혼잡,0.0
2017-04-13 07:50:00,256,175,81,0,48.0,10.86,7,3,False,오전(6-11),혼잡,0.0
2017-04-13 07:55:00,292,221,70,1,44.4,12.51,7,3,False,오전(6-11),혼잡,0.34
2017-04-13 08:00:00,252,170,80,2,43.4,11.63,8,3,False,오전(6-11),혼잡,0.79
2017-04-13 08:05:00,210,139,68,3,47.8,8.79,8,3,False,오전(6-11),혼잡,1.43
2017-04-13 08:10:00,237,174,62,1,46.5,9.68,8,3,False,오전(6-11),혼잡,0.42
2017-04-13 08:15:00,269,192,76,1,45.5,11.5,8,3,False,오전(6-11),혼잡,0.37
2017-04-13 08:20:00,254,167,83,4,45.2,10.85,8,3,False,오전(6-11),혼잡,1.57
2017-04-13 08:25:00,183,136,43,4,45.4,8.14,8,3,False,오전(6-11),혼잡,2.19
2017-04-13 08:30:00,210,160,46,4,39.2,23.51,8,3,False,오전(6-11),혼잡,1.9
2017-04-13 08:35:00,240,177,59,4,35.3,15.41,8,3,False,오전(6-11),혼잡,1.67
2017-04-13 08:40:00,219,173,44,2,42.2,11.0,8,3,False,오전(6-11),혼잡,0.91
2017-04-13 08:45:00,172,126,44,2,42.8,8.07,8,3,False,오전(6-11),혼잡,1.16
2017-04-13 08:50:00,155,111,43,1,46.2,6.78,8,3,False,오전(6-11),혼잡,0.65
2017-04-13 08:55:00,196,130,65,1,47.7,8.59,8,3,False,오전(6-11),혼잡,0.51
2017-04-13 09:00:00,188,129,56,3,50.7,7.51,9,3,False,오전(6-11),혼잡,1.6
2017-04-13 09:05:00,177,119,53,5,44.3,8.46,9,3,False,오전(6-11),혼잡,2.82
2017-04-13 09:10:00,123,84,39,0,46.5,6.8,9,3,False,오전(6-11),혼잡,0.0
2017-04-13 09:15:00,211,149,58,4,44.9,11.5,9,3,False,오전(6-11),혼잡,1.9
2017-04-13 09:20:00,198,123,71,4,48.4,8.87,9,3,False,오전(6-11),혼잡,2.02
2017-04-13 09:25:00,178,115,57,6,48.4,7.62,9,3,False,오전(6-11),혼잡,3.37
2017-04-13 09:30:00,149,93,55,1,49.8,6.61,9,3,False,오전(6-11),혼잡,0.67
2017-04-13 09:35:00,140,91,49,0,52.5,5.62,9,3,False,오전(6-11),혼잡,0.0
2017-04-13 09:40:00,154,96,55,3,47.8,6.78,9,3,False,오전(6-11),혼잡,1.95
2017-04-13 09:45:00,189,127,61,1,42.9,8.7,9,3,False,오전(6-11),혼잡,0.53
2017-04-13 09:50:00,179,120,58,1,48.4,7.67,9,3,False,오전(6-11),혼잡,0.56
2017-04-13 09:55:00,168,110,58,0,52.5,6.51,9,3,False,오전(6-11),혼잡,0.0
2017-04-13 10:00:00,162,97,65,0,52.0,6.54,10,3,False,오전(6-11),혼잡,0.0
2017-04-13 10:05:00,166,97,64,5,48.3,7.1,10,3,False,오전(6-11),혼잡,3.01
2017-04-13 10:10:00,136,87,46,3,46.5,8.84,10,3,False,오전(6-11),혼잡,2.21
2017-04-13 10:15:00,131,82,45,4,46.6,7.19,10,3,False,오전(6-11),혼잡,3.05
2017-04-13 10:20:00,118,70,46,2,50.1,6.71,10,3,False,오전(6-11),혼잡,1.69
2017-04-13 10:25:00,128,83,42,3,49.6,7.68,10,3,False,오전(6-11),혼잡,2.34
2017-04-13 10:30:00,147,89,58,0,52.3,6.95,10,3,False,오전(6-11),혼잡,0.0
2017-04-13 10:35:00,151,103,48,0,51.7,6.72,10,3,False,오전(6-11),혼잡,0.0
2017-04-13 10:40:00,127,87,40,0,48.9,5.58,10,3,False,오전(6-11),혼잡,0.0
2017-04-13 10:45:00,129,74,55,0,50.4,5.52,10,3,False,오전(6-11),원활,0.0
2017-04-13 10:50:00,135,85,50,0,47.3,5.75,10,3,False,오전(6-11),혼잡,0.0
2017-04-13 10:55:00,114,76,37,1,51.3,4.72,10,3,False,오전(6-11),원활,0.88
2017-04-13 11:00:00,115,74,38,3,51.6,4.72,11,3,False,오전(6-11),원활,2.61
2017-04-13 11:05:00,125,80,42,3,51.7,5.15,11,3,False,오전(6-11),원활,2.4
2017-04-13 11:10:00,150,91,57,2,49.2,6.38,11,3,False,오전(6-11),혼잡,1.33
2017-04-13 11:15:00,144,92,51,1,49.6,6.1,11,3,False,오전(6-11),혼잡,0.69
2017-04-13 11:20:00,109,68,40,1,49.6,4.27,11,3,False,오전(6-11),원활,0.92
2017-04-13 11:25:00,170,115,53,2,48.6,7.44,11,3,False,오전(6-11),혼잡,1.18
2017-04-13 11:30:00,147,96,51,0,45.0,7.47,11,3,False,오전(6-11),혼잡,0.0
2017-04-13 11:35:00,141,87,51,3,47.4,6.42,11,3,False,오전(6-11),혼잡,2.13
2017-04-13 11:40:00,150,97,52,1,44.5,9.03,11,3,False,오전(6-11),혼잡,0.67
2017-04-13 11:45:00,183,116,63,4,42.6,8.56,11,3,False,오전(6-11),혼잡,2.19
2017-04-13 11:50:00,165,120,45,0,43.0,8.06,11,3,False,오전(6-11),혼잡,0.0
2017-04-13 11:55:00,167,108,55,4,49.5,7.05,11,3,False,오전(6-11),혼잡,2.4
2017-04-13 12:00:00,163,107,53,3,50.6,6.6,12,3,False,오후(12-17),혼잡,1.84
2017-04-13 12:05:00,169,111,55,3,47.2,7.09,12,3,False,오후(12-17),혼잡,1.78
2017-04-13 12:10:00,148,112,35,1,45.8,6.25,12,3,False,오후(12-17),혼잡,0.68
2017-04-13 12:15:00,134,98,34,2,47.2,5.75,12,3,False,오후(12-17),혼잡,1.49
2017-04-13 12:20:00,118,78,38,2,49.9,5.45,12,3,False,오후(12-17),원활,1.69
2017-04-13 12:25:00,124,92,29,3,46.8,5.26,12,3,False,오후(12-17),원활,2.42
2017-04-13 12:30:00,154,102,48,4,47.0,6.78,12,3,False,오후(12-17),혼잡,2.6
2017-04-13 12:35:00,123,85,36,2,50.9,5.19,12,3,False,오후(12-17),원활,1.63
2017-04-13 12:40:00,149,103,44,2,48.2,6.03,12,3,False,오후(12-17),혼잡,1.34
2017-04-13 12:45:00,136,91,44,1,47.3,5.97,12,3,False,오후(12-17),혼잡,0.74
2017-04-13 12:50:00,152,106,45,1,46.3,6.78,12,3,False,오후(12-17),혼잡,0.66
2017-04-13 12:55:00,126,100,26,0,47.3,5.33,12,3,False,오후(12-17),원활,0.0
2017-04-13 13:00:00,104,65,36,3,50.8,4.34,13,3,False,오후(12-17),원활,2.88
2017-04-13 13:05:00,134,99,35,0,47.6,5.79,13,3,False,오후(12-17),혼잡,0.0
2017-04-13 13:10:00,146,104,42,0,47.5,6.62,13,3,False,오후(12-17),혼잡,0.0
2017-04-13 13:15:00,174,120,50,4,45.8,8.24,13,3,False,오후(12-17),혼잡,2.3
2017-04-13 13:20:00,161,111,47,3,47.2,6.89,13,3,False,오후(12-17),혼잡,1.86
2017-04-13 13:25:00,136,88,46,2,47.5,5.71,13,3,False,오후(12-17),혼잡,1.47
2017-04-13 13:30:00,143,99,44,0,45.5,6.04,13,3,False,오후(12-17),혼잡,0.0
2017-04-13 13:35:00,129,91,37,1,50.7,5.24,13,3,False,오후(12-17),원활,0.78
2017-04-13 13:40:00,111,76,35,0,52.0,4.38,13,3,False,오후(12-17),원활,0.0
2017-04-13 13:45:00,150,104,44,2,46.3,6.37,13,3,False,오후(12-17),혼잡,1.33
2017-04-13 13:50:00,154,107,47,0,44.6,7.19,13,3,False,오후(12-17),혼잡,0.0
2017-04-13 13:55:00,160,117,42,1,50.7,6.54,13,3,False,오후(12-17),혼잡,0.62
2017-04-13 14:00:00,170,114,56,0,48.2,7.62,14,3,False,오후(12-17),혼잡,0.0
2017-04-13 14:05:00,150,91,56,3,49.4,6.33,14,3,False,오후(12-17),혼잡,2.0
2017-04-13 14:10:00,144,90,53,1,47.7,6.13,14,3,False,오후(12-17),혼잡,0.69
2017-04-13 14:15:00,144,91,51,2,48.1,6.13,14,3,False,오후(12-17),혼잡,1.39
2017-04-13 14:20:00,139,99,38,2,50.6,5.57,14,3,False,오후(12-17),혼잡,1.44
2017-04-13 14:25:00,130,88,41,1,47.5,5.43,14,3,False,오후(12-17),원활,0.77
2017-04-13 14:30:00,150,105,45,0,49.1,6.31,14,3,False,오후(12-17),혼잡,0.0
2017-04-13 14:35:00,173,119,50,4,49.2,7.21,14,3,False,오후(12-17),혼잡,2.31
2017-04-13 14:40:00,147,102,44,1,51.1,5.81,14,3,False,오후(12-17),혼잡,0.68
2017-04-13 14:45:00,155,100,55,0,47.5,6.82,14,3,False,오후(12-17),혼잡,0.0
2017-04-13 14:50:00,149,101,48,0,44.6,6.35,14,3,False,오후(12-17),혼잡,0.0
2017-04-13 14:55:00,156,102,54,0,47.5,6.83,14,3,False,오후(12-17),혼잡,0.0
2017-04-13 15:00:00,109,78,30,1,51.9,4.43,15,3,False,오후(12-17),원활,0.92
2017-04-13 15:05:00,143,96,45,2,47.7,6.19,15,3,False,오후(12-17),혼잡,1.4
2017-04-13 15:10:00,171,116,53,2,47.3,7.25,15,3,False,오후(12-17),혼잡,1.17
2017-04-13 15:15:00,167,118,49,0,46.8,7.41,15,3,False,오후(12-17),혼잡,0.0
2017-04-13 15:20:00,142,110,30,2,49.4,5.44,15,3,False,오후(12-17),원활,1.41
2017-04-13 15:25:00,158,116,41,1,50.0,6.5,15,3,False,오후(12-17),혼잡,0.63
2017-04-13 15:30:00,132,94,38,0,48.6,5.47,15,3,False,오후(12-17),원활,0.0
2017-04-13 15:35:00,151,104,45,2,48.4,6.66,15,3,False,오후(12-17),혼잡,1.32
2017-04-13 15:40:00,137,104,32,1,47.9,5.61,15,3,False,오후(12-17),혼잡,0.73
2017-04-13 15:45:00,148,99,48,1,47.9,5.81,15,3,False,오후(12-17),혼잡,0.68
2017-04-13 15:50:00,163,111,51,1,47.7,7.02,15,3,False,오후(12-17),혼잡,0.61
2017-04-13 15:55:00,160,111,48,1,49.2,6.79,15,3,False,오후(12-17),혼잡,0.62
2017-04-13 16:00:00,158,117,38,3,49.0,6.14,16,3,False,오후(12-17),혼잡,1.9
2017-04-13 16:05:00,176,128,45,3,48.0,7.3,16,3,False,오후(12-17),혼잡,1.7
2017-04-13 16:10:00,158,120,37,1,40.9,7.84,16,3,False,오후(12-17),혼잡,0.63
2017-04-13 16:15:00,163,112,50,1,45.4,6.86,16,3,False,오후(12-17),혼잡,0.61
2017-04-13 16:20:00,138,92,44,2,45.7,6.39,16,3,False,오후(12-17),혼잡,1.45
2017-04-13 16:25:00,148,109,37,2,47.3,6.67,16,3,False,오후(12-17),혼잡,1.35
2017-04-13 16:30:00,135,99,35,1,51.8,5.28,16,3,False,오후(12-17),원활,0.74
2017-04-13 16:35:00,138,92,45,1,51.4,5.57,16,3,False,오후(12-17),혼잡,0.72
2017-04-13 16:40:00,188,139,46,3,48.7,7.51,16,3,False,오후(12-17),혼잡,1.6
2017-04-13 16:45:00,177,118,56,3,47.6,7.71,16,3,False,오후(12-17),혼잡,1.69
2017-04-13 16:50:00,143,102,40,1,45.9,6.37,16,3,False,오후(12-17),혼잡,0.7
2017-04-13 16:55:00,128,99,28,1,50.0,5.03,16,3,False,오후(12-17),원활,0.78
2017-04-13 17:00:00,135,100,33,2,48.0,5.83,17,3,False,오후(12-17),혼잡,1.48
2017-04-13 17:05:00,157,109,48,0,51.1,6.35,17,3,False,오후(12-17),혼잡,0.0
2017-04-13 17:10:00,156,115,40,1,43.2,6.59,17,3,False,오후(12-17),혼잡,0.64
2017-04-13 17:15:00,149,110,38,1,44.2,6.91,17,3,False,오후(12-17),혼잡,0.67
2017-04-13 17:20:00,165,126,39,0,49.4,6.71,17,3,False,오후(12-17),혼잡,0.0
2017-04-13 17:25:00,160,112,47,1,49.9,6.28,17,3,False,오후(12-17),혼잡,0.62
2017-04-13 17:30:00,132,99,33,0,46.8,5.64,17,3,False,오후(12-17),혼잡,0.0
2017-04-13 17:35:00,35,27,7,1,45.2,16.11,17,3,False,오후(12-17),혼잡,2.86
2017-04-13 17:40:00,178,133,44,1,42.7,14.66,17,3,False,오후(12-17),혼잡,0.56
2017-04-13 17:45:00,166,119,45,2,49.9,6.67,17,3,False,오후(12-17),혼잡,1.2
2017-04-13 17:50:00,126,88,36,2,51.6,4.95,17,3,False,오후(12-17),원활,1.59
2017-04-13 17:55:00,144,94,46,4,44.8,6.49,17,3,False,오후(12-17),혼잡,2.78
2017-04-13 18:00:00,168,118,45,5,45.9,6.6,18,3,False,저녁(18-23),혼잡,2.98
2017-04-13 18:05:00,218,145,71,2,41.0,10.05,18,3,False,저녁(18-23),혼잡,0.92
2017-04-13 18:10:00,199,146,52,1,36.3,17.86,18,3,False,저녁(18-23),혼잡,0.5
2017-04-13 18:15:00,184,132,48,4,35.2,10.71,18,3,False,저녁(18-23),혼잡,2.17
2017-04-13 18:20:00,180,140,38,2,36.2,27.0,18,3,False,저녁(18-23),혼잡,1.11
2017-04-13 18:25:00,246,176,61,9,30.8,25.41,18,3,False,저녁(18-23),혼잡,3.66
2017-04-13 18:30:00,185,131,44,10,41.4,15.0,18,3,False,저녁(18-23),혼잡,5.41
2017-04-13 18:35:00,179,134,40,5,39.5,8.81,18,3,False,저녁(18-23),혼잡,2.79
2017-04-13 18:40:00,155,106,47,2,42.0,6.94,18,3,False,저녁(18-23),혼잡,1.29
2017-04-13 18:45:00,183,130,50,3,43.0,8.12,18,3,False,저녁(18-23),혼잡,1.64
2017-04-13 18:50:00,148,97,47,4,49.0,6.05,18,3,False,저녁(18-23),혼잡,2.7
2017-04-13 18:55:00,157,117,39,1,41.9,10.93,18,3,False,저녁(18-23),혼잡,0.64
2017-04-13 19:00:00,131,93,37,1,43.3,5.58,19,3,False,저녁(18-23),혼잡,0.76
2017-04-13 19:05:00,132,87,42,3,44.5,6.15,19,3,False,저녁(18-23),혼잡,2.27
2017-04-13 19:10:00,170,126,43,1,44.4,8.4,19,3,False,저녁(18-23),혼잡,0.59
2017-04-13 19:15:00,138,110,28,0,43.8,6.4,19,3,False,저녁(18-23),혼잡,0.0
2017-04-13 19:20:00,125,100,21,4,45.6,6.07,19,3,False,저녁(18-23),혼잡,3.2
2017-04-13 19:25:00,145,113,32,0,44.2,7.11,19,3,False,저녁(18-23),혼잡,0.0
2017-04-13 19:30:00,142,113,29,0,44.4,7.39,19,3,False,저녁(18-23),혼잡,0.0
2017-04-13 19:35:00,163,127,35,1,42.5,8.32,19,3,False,저녁(18-23),혼잡,0.61
2017-04-13 19:40:00,121,91,30,0,42.3,5.97,19,3,False,저녁(18-23),혼잡,0.0
2017-04-13 19:45:00,105,79,25,1,51.3,5.29,19,3,False,저녁(18-23),원활,0.95
2017-04-13 19:50:00,132,111,21,0,44.6,7.33,19,3,False,저녁(18-23),혼잡,0.0
2017-04-13 19:55:00,129,104,24,1,46.4,6.19,19,3,False,저녁(18-23),혼잡,0.78
2017-04-13 20:00:00,109,93,15,1,47.6,5.77,20,3,False,저녁(18-23),혼잡,0.92
2017-04-13 20:05:00,115,89,26,0,46.8,10.78,20,3,False,저녁(18-23),혼잡,0.0
2017-04-13 20:10:00,116,85,31,0,49.5,6.63,20,3,False,저녁(18-23),혼잡,0.0
2017-04-13 20:15:00,127,107,18,2,49.7,5.95,20,3,False,저녁(18-23),혼잡,1.57
2017-04-13 20:20:00,107,82,24,1,44.5,5.84,20,3,False,저녁(18-23),혼잡,0.93
2017-04-13 20:25:00,98,73,25,0,49.4,4.46,20,3,False,저녁(18-23),원활,0.0
2017-04-13 20:30:00,142,113,28,1,47.7,9.06,20,3,False,저녁(18-23),혼잡,0.7
2017-04-13 20:35:00,131,103,28,0,46.8,6.6,20,3,False,저녁(18-23),혼잡,0.0
2017-04-13 20:40:00,106,79,23,4,49.4,4.78,20,3,False,저녁(18-23),원활,3.77
2017-04-13 20:45:00,90,72,17,1,46.4,4.19,20,3,False,저녁(18-23),원활,1.11
2017-04-13 20:50:00,119,94,24,1,42.9,6.15,20,3,False,저녁(18-23),혼잡,0.84
2017-04-13 20:55:00,132,98,33,1,48.0,6.38,20,3,False,저녁(18-23),혼잡,0.76
2017-04-13 21:00:00,101,80,20,1,48.4,8.34,21,3,False,저녁(18-23),혼잡,0.99
2017-04-13 21:05:00,98,83,15,0,46.5,4.8,21,3,False,저녁(18-23),원활,0.0
2017-04-13 21:10:00,92,70,21,1,44.1,4.29,21,3,False,저녁(18-23),원활,1.09
2017-04-13 21:15:00,115,91,24,0,44.7,6.02,21,3,False,저녁(18-23),혼잡,0.0
2017-04-13 21:20:00,110,90,20,0,46.9,5.58,21,3,False,저녁(18-23),혼잡,0.0
2017-04-13 21:25:00,115,88,26,1,42.6,6.58,21,3,False,저녁(18-23),혼잡,0.87
2017-04-13 21:30:00,90,79,11,0,44.4,4.77,21,3,False,저녁(18-23),원활,0.0
2017-04-13 21:35:00,138,118,19,1,44.8,6.34,21,3,False,저녁(18-23),혼잡,0.72
2017-04-13 21:40:00,110,85,25,0,44.6,5.51,21,3,False,저녁(18-23),원활,0.0
2017-04-13 21:45:00,103,83,19,1,45.0,8.97,21,3,False,저녁(18-23),혼잡,0.97
2017-04-13 21:50:00,83,64,17,2,49.1,3.71,21,3,False,저녁(18-23),원활,2.41
2017-04-13 21:55:00,91,72,18,1,48.3,4.36,21,3,False,저녁(18-23),원활,1.1
2017-04-13 22:00:00,94,70,24,0,48.0,4.47,22,3,False,저녁(18-23),원활,0.0
2017-04-13 22:05:00,110,86,24,0,47.8,5.63,22,3,False,저녁(18-23),혼잡,0.0
2017-04-13 22:10:00,139,115,24,0,45.1,7.15,22,3,False,저녁(18-23),혼잡,0.0
2017-04-13 22:15:00,118,98,20,0,48.4,5.8,22,3,False,저녁(18-23),혼잡,0.0
2017-04-13 22:20:00,81,63,17,1,48.0,3.93,22,3,False,저녁(18-23),원활,1.23
2017-04-13 22:25:00,95,69,26,0,44.7,4.91,22,3,False,저녁(18-23),원활,0.0
2017-04-13 22:30:00,54,35,19,0,53.2,2.73,22,3,False,저녁(18-23),원활,0.0
2017-04-13 22:35:00,102,68,33,1,47.0,5.01,22,3,False,저녁(18-23),원활,0.98
2017-04-13 22:40:00,97,75,22,0,50.1,4.1,22,3,False,저녁(18-23),원활,0.0
2017-04-13 22:45:00,95,71,24,0,51.5,3.97,22,3,False,저녁(18-23),원활,0.0
2017-04-13 22:50:00,68,44,24,0,53.3,3.15,22,3,False,저녁(18-23),원활,0.0
2017-04-13 22:55:00,70,51,18,1,50.0,3.45,22,3,False,저녁(18-23),원활,1.43
2017-04-13 23:00:00,57,47,10,0,50.4,2.39,23,3,False,저녁(18-23),원활,0.0
2017-04-13 23:05:00,70,46,24,0,55.3,3.61,23,3,False,저녁(18-23),원활,0.0
2017-04-13 23:10:00,59,43,15,1,52.3,2.64,23,3,False,저녁(18-23),원활,1.69
2017-04-13 23:15:00,72,51,21,0,53.7,3.03,23,3,False,저녁(18-23),원활,0.0
2017-04-13 23:20:00,68,49,18,1,51.6,3.16,23,3,False,저녁(18-23),원활,1.47
2017-04-13 23:25:00,52,37,15,0,55.9,2.25,23,3,False,저녁(18-23),원활,0.0
2017-04-13 23:30:00,55,41,14,0,57.8,2.25,23,3,False,저녁(18-23),원활,0.0
2017-04-13 23:35:00,49,30,19,0,55.6,2.01,23,3,False,저녁(18-23),원활,0.0
2017-04-13 23:40:00,51,41,9,1,49.4,2.33,23,3,False,저녁(18-23),원활,1.96
2017-04-13 23:45:00,44,36,7,1,54.3,1.97,23,3,False,저녁(18-23),원활,2.27
2017-04-13 23:50:00,30,21,9,0,53.7,1.29,23,3,False,저녁(18-23),원활,0.0
2017-04-13 23:55:00,40,28,12,0,56.5,1.65,23,3,False,저녁(18-23),원활,0.0
2017-04-14 00:00:00,50,35,15,0,52.9,2.17,0,4,False,새벽(0-5),원활,0.0
2017-04-14 00:05:00,47,31,16,0,57.9,1.85,0,4,False,새벽(0-5),원활,0.0
2017-04-14 00:10:00,54,36,18,0,56.3,2.14,0,4,False,새벽(0-5),원활,0.0
2017-04-14 00:15:00,53,38,15,0,53.6,2.1,0,4,False,새벽(0-5),원활,0.0
2017-04-14 00:20:00,34,25,9,0,55.9,1.41,0,4,False,새벽(0-5),원활,0.0
2017-04-14 00:25:00,37,26,10,1,60.1,1.53,0,4,False,새벽(0-5),원활,2.7
2017-04-14 00:30:00,32,22,10,0,57.6,1.37,0,4,False,새벽(0-5),원활,0.0
2017-04-14 00:35:00,24,13,11,0,60.1,1.06,0,4,False,새벽(0-5),원활,0.0
2017-04-14 00:40:00,21,17,4,0,56.2,0.91,0,4,False,새벽(0-5),원활,0.0
2017-04-14 00:45:00,33,26,7,0,55.7,1.35,0,4,False,새벽(0-5),원활,0.0
2017-04-14 00:50:00,30,20,10,0,59.8,1.19,0,4,False,새벽(0-5),원활,0.0
2017-04-14 00:55:00,25,18,7,0,58.3,1.04,0,4,False,새벽(0-5),원활,0.0
2017-04-14 01:00:00,36,21,15,0,52.5,1.55,1,4,False,새벽(0-5),원활,0.0
2017-04-14 01:05:00,24,16,8,0,55.5,1.07,1,4,False,새벽(0-5),원활,0.0
2017-04-14 01:10:00,24,15,9,0,64.8,3.42,1,4,False,새벽(0-5),원활,0.0
2017-04-14 01:15:00,31,15,16,0,69.6,1.46,1,4,False,새벽(0-5),원활,0.0
2017-04-14 01:20:00,26,15,11,0,54.9,1.02,1,4,False,새벽(0-5),원활,0.0
2017-04-14 01:25:00,21,18,3,0,54.7,0.82,1,4,False,새벽(0-5),원활,0.0
2017-04-14 01:30:00,22,14,8,0,60.3,0.92,1,4,False,새벽(0-5),원활,0.0
2017-04-14 01:35:00,20,14,5,1,56.6,0.8,1,4,False,새벽(0-5),원활,5.0
2017-04-14 01:40:00,13,9,4,0,64.8,0.5,1,4,False,새벽(0-5),원활,0.0
2017-04-14 01:45:00,13,8,5,0,60.0,0.56,1,4,False,새벽(0-5),원활,0.0
2017-04-14 01:50:00,23,14,9,0,62.7,0.84,1,4,False,새벽(0-5),원활,0.0
2017-04-14 01:55:00,16,9,7,0,59.2,0.66,1,4,False,새벽(0-5),원활,0.0
2017-04-14 02:00:00,13,8,5,0,60.4,0.43,2,4,False,새벽(0-5),원활,0.0
2017-04-14 02:05:00,31,23,8,0,61.8,1.12,2,4,False,새벽(0-5),원활,0.0
2017-04-14 02:10:00,13,9,4,0,57.4,0.56,2,4,False,새벽(0-5),원활,0.0
2017-04-14 02:15:00,12,8,4,0,71.3,0.47,2,4,False,새벽(0-5),원활,0.0
2017-04-14 02:20:00,19,14,5,0,63.9,0.79,2,4,False,새벽(0-5),원활,0.0
2017-04-14 02:25:00,15,11,4,0,55.1,0.56,2,4,False,새벽(0-5),원활,0.0
2017-04-14 02:30:00,11,6,5,0,53.2,0.43,2,4,False,새벽(0-5),원활,0.0
2017-04-14 02:35:00,16,11,5,0,67.0,0.57,2,4,False,새벽(0-5),원활,0.0
2017-04-14 02:40:00,13,11,2,0,66.9,0.44,2,4,False,새벽(0-5),원활,0.0
2017-04-14 02:45:00,18,16,2,0,56.7,0.76,2,4,False,새벽(0-5),원활,0.0
2017-04-14 02:50:00,10,8,2,0,68.3,0.42,2,4,False,새벽(0-5),원활,0.0
2017-04-14 02:55:00,13,11,2,0,53.6,0.52,2,4,False,새벽(0-5),원활,0.0
2017-04-14 03:00:00,10,9,1,0,57.1,0.42,3,4,False,새벽(0-5),원활,0.0
2017-04-14 03:05:00,21,15,6,0,61.9,0.88,3,4,False,새벽(0-5),원활,0.0
2017-04-14 03:10:00,22,15,7,0,53.1,0.83,3,4,False,새벽(0-5),원활,0.0
2017-04-14 03:15:00,22,15,7,0,52.3,0.92,3,4,False,새벽(0-5),원활,0.0
2017-04-14 03:20:00,20,11,9,0,56.7,0.81,3,4,False,새벽(0-5),원활,0.0
2017-04-14 03:25:00,11,6,4,1,57.4,0.46,3,4,False,새벽(0-5),원활,9.09
2017-04-14 03:30:00,16,10,6,0,62.0,0.64,3,4,False,새벽(0-5),원활,0.0
2017-04-14 03:35:00,13,7,6,0,51.8,0.62,3,4,False,새벽(0-5),원활,0.0
2017-04-14 03:40:00,14,9,5,0,56.1,0.77,3,4,False,새벽(0-5),원활,0.0
2017-04-14 03:45:00,21,12,9,0,63.7,0.87,3,4,False,새벽(0-5),원활,0.0
2017-04-14 03:50:00,17,11,6,0,57.0,0.79,3,4,False,새벽(0-5),원활,0.0
2017-04-14 03:55:00,14,8,5,1,53.3,0.64,3,4,False,새벽(0-5),원활,7.14
2017-04-14 04:00:00,13,11,2,0,56.0,0.43,4,4,False,새벽(0-5),원활,0.0
2017-04-14 04:05:00,17,13,4,0,54.1,0.72,4,4,False,새벽(0-5),원활,0.0
2017-04-14 04:10:00,20,12,7,1,56.7,0.79,4,4,False,새벽(0-5),원활,5.0
2017-04-14 04:15:00,10,7,3,0,51.6,0.55,4,4,False,새벽(0-5),원활,0.0
2017-04-14 04:20:00,10,7,3,0,62.2,0.45,4,4,False,새벽(0-5),원활,0.0
2017-04-14 04:25:00,13,6,7,0,49.0,0.62,4,4,False,새벽(0-5),원활,0.0
2017-04-14 04:30:00,21,12,8,1,61.2,0.78,4,4,False,새벽(0-5),원활,4.76
2017-04-14 04:35:00,17,10,6,1,54.2,0.81,4,4,False,새벽(0-5),원활,5.88
2017-04-14 04:40:00,46,29,16,1,60.1,1.8,4,4,False,새벽(0-5),원활,2.17
2017-04-14 04:45:00,28,14,13,1,55.2,1.21,4,4,False,새벽(0-5),원활,3.57
2017-04-14 04:50:00,22,15,7,0,61.0,0.94,4,4,False,새벽(0-5),원활,0.0
2017-04-14 04:55:00,21,14,7,0,54.5,0.85,4,4,False,새벽(0-5),원활,0.0
2017-04-14 05:00:00,29,18,10,1,56.1,1.26,5,4,False,새벽(0-5),원활,3.45
2017-04-14 05:05:00,35,27,8,0,60.6,1.48,5,4,False,새벽(0-5),원활,0.0
2017-04-14 05:10:00,41,29,12,0,58.2,1.79,5,4,False,새벽(0-5),원활,0.0
2017-04-14 05:15:00,51,34,16,1,58.6,2.29,5,4,False,새벽(0-5),원활,1.96
2017-04-14 05:20:00,61,43,16,2,44.5,4.26,5,4,False,새벽(0-5),원활,3.28
2017-04-14 05:25:00,67,51,16,0,54.5,3.57,5,4,False,새벽(0-5),원활,0.0
2017-04-14 05:30:00,45,31,14,0,60.2,1.76,5,4,False,새벽(0-5),원활,0.0
2017-04-14 05:35:00,63,44,18,1,52.8,2.71,5,4,False,새벽(0-5),원활,1.59
2017-04-14 05:40:00,43,32,9,2,66.7,1.58,5,4,False,새벽(0-5),원활,4.65
2017-04-14 05:45:00,41,21,17,3,64.9,1.8,5,4,False,새벽(0-5),원활,7.32
2017-04-14 05:50:00,48,28,20,0,62.9,1.83,5,4,False,새벽(0-5),원활,0.0
2017-04-14 05:55:00,73,42,31,0,60.3,2.8,5,4,False,새벽(0-5),원활,0.0
2017-04-14 06:00:00,70,48,21,1,56.7,2.59,6,4,False,오전(6-11),원활,1.43
2017-04-14 06:05:00,76,49,27,0,61.1,2.67,6,4,False,오전(6-11),원활,0.0
2017-04-14 06:10:00,68,39,28,1,60.5,2.5,6,4,False,오전(6-11),원활,1.47
2017-04-14 06:15:00,83,57,25,1,54.2,3.21,6,4,False,오전(6-11),원활,1.2
2017-04-14 06:20:00,86,59,26,1,59.5,2.9,6,4,False,오전(6-11),원활,1.16
2017-04-14 06:25:00,122,72,49,1,52.2,4.95,6,4,False,오전(6-11),원활,0.82
2017-04-14 06:30:00,118,80,37,1,55.5,4.57,6,4,False,오전(6-11),원활,0.85
2017-04-14 06:35:00,127,76,51,0,54.2,4.75,6,4,False,오전(6-11),원활,0.0
2017-04-14 06:40:00,128,83,45,0,52.7,4.72,6,4,False,오전(6-11),원활,0.0
2017-04-14 06:45:00,129,80,47,2,58.0,4.63,6,4,False,오전(6-11),원활,1.55
2017-04-14 06:50:00,109,70,36,3,53.4,4.2,6,4,False,오전(6-11),원활,2.75
2017-04-14 06:55:00,122,69,52,1,49.6,4.89,6,4,False,오전(6-11),원활,0.82
2017-04-14 07:00:00,119,74,44,1,50.7,4.69,7,4,False,오전(6-11),원활,0.84
2017-04-14 07:05:00,165,105,59,1,52.2,6.81,7,4,False,오전(6-11),혼잡,0.61
2017-04-14 07:10:00,193,138,51,4,51.1,7.6,7,4,False,오전(6-11),혼잡,2.07
2017-04-14 07:15:00,217,145,70,2,48.6,10.66,7,4,False,오전(6-11),혼잡,0.92
2017-04-14 07:20:00,174,119,53,2,46.1,8.28,7,4,False,오전(6-11),혼잡,1.15
2017-04-14 07:25:00,200,136,63,1,46.1,8.9,7,4,False,오전(6-11),혼잡,0.5
2017-04-14 07:30:00,248,171,76,1,44.8,11.22,7,4,False,오전(6-11),혼잡,0.4
2017-04-14 07:35:00,289,184,99,6,47.4,11.72,7,4,False,오전(6-11),혼잡,2.08
2017-04-14 07:40:00,239,174,64,1,46.5,9.54,7,4,False,오전(6-11),혼잡,0.42
2017-04-14 07:45:00,207,136,66,5,39.2,20.82,7,4,False,오전(6-11),혼잡,2.42
2017-04-14 07:50:00,227,161,62,4,37.7,15.91,7,4,False,오전(6-11),혼잡,1.76
2017-04-14 07:55:00,257,179,74,4,36.5,17.82,7,4,False,오전(6-11),혼잡,1.56
2017-04-14 08:00:00,208,141,65,2,31.5,20.07,8,4,False,오전(6-11),혼잡,0.96
2017-04-14 08:05:00,209,145,58,6,35.0,16.21,8,4,False,오전(6-11),혼잡,2.87
2017-04-14 08:10:00,245,166,77,2,37.2,15.26,8,4,False,오전(6-11),혼잡,0.82
2017-04-14 08:15:00,266,184,79,3,39.4,15.04,8,4,False,오전(6-11),혼잡,1.13
2017-04-14 08:20:00,231,165,64,2,38.7,13.33,8,4,False,오전(6-11),혼잡,0.87
2017-04-14 08:25:00,183,136,46,1,42.5,8.9,8,4,False,오전(6-11),혼잡,0.55
2017-04-14 08:30:00,179,121,53,5,45.4,8.39,8,4,False,오전(6-11),혼잡,2.79
2017-04-14 08:35:00,244,187,57,0,39.2,12.73,8,4,False,오전(6-11),혼잡,0.0
2017-04-14 08:40:00,230,161,65,4,41.8,10.98,8,4,False,오전(6-11),혼잡,1.74
2017-04-14 08:45:00,173,113,56,4,43.6,8.28,8,4,False,오전(6-11),혼잡,2.31
2017-04-14 08:50:00,171,122,47,2,45.8,7.35,8,4,False,오전(6-11),혼잡,1.17
2017-04-14 08:55:00,215,153,62,0,44.2,10.16,8,4,False,오전(6-11),혼잡,0.0
2017-04-14 09:00:00,168,118,47,3,46.0,8.24,9,4,False,오전(6-11),혼잡,1.79
2017-04-14 09:05:00,178,119,58,1,45.8,7.96,9,4,False,오전(6-11),혼잡,0.56
2017-04-14 09:10:00,145,88,54,3,46.9,6.76,9,4,False,오전(6-11),혼잡,2.07
2017-04-14 09:15:00,189,120,62,7,29.8,46.75,9,4,False,오전(6-11),혼잡,3.7
2017-04-14 09:20:00,217,139,74,4,43.9,11.33,9,4,False,오전(6-11),혼잡,1.84
2017-04-14 09:25:00,195,119,75,1,41.5,10.37,9,4,False,오전(6-11),혼잡,0.51
2017-04-14 09:30:00,149,97,51,1,51.3,6.64,9,4,False,오전(6-11),혼잡,0.67
2017-04-14 09:35:00,169,126,38,5,48.0,7.19,9,4,False,오전(6-11),혼잡,2.96
2017-04-14 09:40:00,144,83,58,3,45.6,6.69,9,4,False,오전(6-11),혼잡,2.08
2017-04-14 09:45:00,172,109,62,1,45.9,8.37,9,4,False,오전(6-11),혼잡,0.58
2017-04-14 09:50:00,172,106,62,4,48.2,7.72,9,4,False,오전(6-11),혼잡,2.33
2017-04-14 09:55:00,181,124,55,2,45.3,8.61,9,4,False,오전(6-11),혼잡,1.1
2017-04-14 10:00:00,164,112,52,0,50.0,6.99,10,4,False,오전(6-11),혼잡,0.0
2017-04-14 10:05:00,156,100,54,2,46.7,7.42,10,4,False,오전(6-11),혼잡,1.28
2017-04-14 10:10:00,144,100,44,0,50.9,5.93,10,4,False,오전(6-11),혼잡,0.0
2017-04-14 10:15:00,153,98,52,3,47.3,6.53,10,4,False,오전(6-11),혼잡,1.96
2017-04-14 10:20:00,116,70,45,1,51.5,4.37,10,4,False,오전(6-11),원활,0.86
2017-04-14 10:25:00,135,85,48,2,51.2,5.79,10,4,False,오전(6-11),혼잡,1.48
2017-04-14 10:30:00,109,73,36,0,53.5,4.3,10,4,False,오전(6-11),원활,0.0
2017-04-14 10:35:00,147,92,55,0,50.1,5.92,10,4,False,오전(6-11),혼잡,0.0
2017-04-14 10:40:00,150,107,41,2,49.3,6.48,10,4,False,오전(6-11),혼잡,1.33
2017-04-14 10:45:00,158,93,61,4,50.2,7.05,10,4,False,오전(6-11),혼잡,2.53
2017-04-14 10:50:00,118,78,37,3,52.8,4.98,10,4,False,오전(6-11),원활,2.54
2017-04-14 10:55:00,147,92,54,1,50.2,6.47,10,4,False,오전(6-11),혼잡,0.68
2017-04-14 11:00:00,135,81,53,1,48.2,5.99,11,4,False,오전(6-11),혼잡,0.74
2017-04-14 11:05:00,146,96,49,1,49.7,6.5,11,4,False,오전(6-11),혼잡,0.68
2017-04-14 11:10:00,174,96,77,1,46.6,7.83,11,4,False,오전(6-11),혼잡,0.57
2017-04-14 11:15:00,169,112,55,2,50.5,6.94,11,4,False,오전(6-11),혼잡,1.18
2017-04-14 11:20:00,157,105,51,1,48.9,6.5,11,4,False,오전(6-11),혼잡,0.64
2017-04-14 11:25:00,148,89,59,0,44.4,6.84,11,4,False,오전(6-11),혼잡,0.0
2017-04-14 11:30:00,161,100,61,0,45.1,6.93,11,4,False,오전(6-11),혼잡,0.0
2017-04-14 11:35:00,184,126,56,2,48.6,7.66,11,4,False,오전(6-11),혼잡,1.09
2017-04-14 11:40:00,163,111,50,2,45.3,7.4,11,4,False,오전(6-11),혼잡,1.23
2017-04-14 11:45:00,176,130,46,0,42.5,9.42,11,4,False,오전(6-11),혼잡,0.0
2017-04-14 11:50:00,189,137,50,2,44.3,8.69,11,4,False,오전(6-11),혼잡,1.06
2017-04-14 11:55:00,169,111,56,2,46.7,7.37,11,4,False,오전(6-11),혼잡,1.18
2017-04-14 12:00:00,172,119,52,1,44.5,8.71,12,4,False,오후(12-17),혼잡,0.58
2017-04-14 12:05:00,178,130,46,2,45.5,8.18,12,4,False,오후(12-17),혼잡,1.12
2017-04-14 12:10:00,137,92,44,1,47.0,5.98,12,4,False,오후(12-17),혼잡,0.73
2017-04-14 12:15:00,85,56,28,1,47.2,7.45,12,4,False,오후(12-17),혼잡,1.18
2017-04-14 12:20:00,135,86,47,2,50.4,5.6,12,4,False,오후(12-17),혼잡,1.48
2017-04-14 12:25:00,112,66,44,2,47.5,5.47,12,4,False,오후(12-17),원활,1.79
2017-04-14 12:30:00,136,94,42,0,51.1,5.28,12,4,False,오후(12-17),원활,0.0
2017-04-14 12:35:00,171,114,57,0,49.5,7.2,12,4,False,오후(12-17),혼잡,0.0
2017-04-14 12:40:00,146,99,45,2,47.7,6.3,12,4,False,오후(12-17),혼잡,1.37
2017-04-14 12:45:00,174,130,43,1,47.0,7.58,12,4,False,오후(12-17),혼잡,0.57
2017-04-14 12:50:00,153,97,52,4,44.9,7.45,12,4,False,오후(12-17),혼잡,2.61
2017-04-14 12:55:00,138,96,40,2,47.7,6.34,12,4,False,오후(12-17),혼잡,1.45
2017-04-14 13:00:00,146,108,38,0,49.5,6.19,13,4,False,오후(12-17),혼잡,0.0
2017-04-14 13:05:00,172,114,57,1,47.6,8.28,13,4,False,오후(12-17),혼잡,0.58
2017-04-14 13:10:00,165,100,65,0,46.7,7.29,13,4,False,오후(12-17),혼잡,0.0
2017-04-14 13:15:00,190,121,63,6,47.9,8.11,13,4,False,오후(12-17),혼잡,3.16
2017-04-14 13:20:00,168,117,48,3,45.6,7.26,13,4,False,오후(12-17),혼잡,1.79
2017-04-14 13:25:00,180,111,69,0,43.3,8.81,13,4,False,오후(12-17),혼잡,0.0
2017-04-14 13:30:00,156,99,56,1,47.5,6.69,13,4,False,오후(12-17),혼잡,0.64
2017-04-14 13:35:00,138,87,51,0,45.7,6.51,13,4,False,오후(12-17),혼잡,0.0
2017-04-14 13:40:00,152,102,46,4,47.0,6.35,13,4,False,오후(12-17),혼잡,2.63
2017-04-14 13:45:00,166,114,52,0,44.8,7.74,13,4,False,오후(12-17),혼잡,0.0
2017-04-14 13:50:00,180,129,49,2,48.4,7.48,13,4,False,오후(12-17),혼잡,1.11
2017-04-14 13:55:00,157,102,53,2,50.7,6.17,13,4,False,오후(12-17),혼잡,1.27
2017-04-14 14:00:00,183,115,66,2,47.5,7.72,14,4,False,오후(12-17),혼잡,1.09
2017-04-14 14:05:00,170,116,53,1,48.3,7.17,14,4,False,오후(12-17),혼잡,0.59
2017-04-14 14:10:00,158,109,49,0,43.2,7.21,14,4,False,오후(12-17),혼잡,0.0
2017-04-14 14:15:00,172,128,42,2,44.9,7.77,14,4,False,오후(12-17),혼잡,1.16
2017-04-14 14:20:00,146,116,30,0,45.7,6.31,14,4,False,오후(12-17),혼잡,0.0
2017-04-14 14:25:00,150,108,42,0,49.0,11.14,14,4,False,오후(12-17),혼잡,0.0
2017-04-14 14:30:00,155,113,42,0,47.5,9.95,14,4,False,오후(12-17),혼잡,0.0
2017-04-14 14:35:00,148,101,44,3,48.0,6.05,14,4,False,오후(12-17),혼잡,2.03
2017-04-14 14:40:00,170,118,52,0,46.7,7.19,14,4,False,오후(12-17),혼잡,0.0
2017-04-14 14:45:00,156,109,44,3,47.9,6.43,14,4,False,오후(12-17),혼잡,1.92
2017-04-14 14:50:00,142,98,41,3,47.9,5.93,14,4,False,오후(12-17),혼잡,2.11
2017-04-14 14:55:00,164,122,42,0,46.0,7.51,14,4,False,오후(12-17),혼잡,0.0
2017-04-14 15:00:00,118,90,28,0,49.9,4.84,15,4,False,오후(12-17),원활,0.0
2017-04-14 15:05:00,150,113,37,0,48.2,6.23,15,4,False,오후(12-17),혼잡,0.0
2017-04-14 15:10:00,170,114,53,3,50.4,6.87,15,4,False,오후(12-17),혼잡,1.76
2017-04-14 15:15:00,203,148,53,2,44.3,8.93,15,4,False,오후(12-17),혼잡,0.99
2017-04-14 15:20:00,178,135,43,0,41.9,9.59,15,4,False,오후(12-17),혼잡,0.0
2017-04-14 15:25:00,180,141,38,1,45.2,7.64,15,4,False,오후(12-17),혼잡,0.56
2017-04-14 15:30:00,138,109,29,0,47.3,5.88,15,4,False,오후(12-17),혼잡,0.0
2017-04-14 15:35:00,151,115,36,0,46.8,6.51,15,4,False,오후(12-17),혼잡,0.0
2017-04-14 15:40:00,131,98,33,0,47.9,5.39,15,4,False,오후(12-17),원활,0.0
2017-04-14 15:45:00,139,95,40,4,49.3,6.23,15,4,False,오후(12-17),혼잡,2.88
2017-04-14 15:50:00,175,133,41,1,46.2,8.28,15,4,False,오후(12-17),혼잡,0.57
2017-04-14 15:55:00,181,126,53,2,46.4,7.67,15,4,False,오후(12-17),혼잡,1.1
2017-04-14 16:00:00,147,94,51,2,50.6,6.02,16,4,False,오후(12-17),혼잡,1.36
2017-04-14 16:05:00,174,110,62,2,47.3,7.53,16,4,False,오후(12-17),혼잡,1.15
2017-04-14 16:10:00,160,111,49,0,44.2,7.08,16,4,False,오후(12-17),혼잡,0.0
2017-04-14 16:15:00,154,95,57,2,43.3,7.57,16,4,False,오후(12-17),혼잡,1.3
2017-04-14 16:20:00,173,124,44,5,43.6,11.37,16,4,False,오후(12-17),혼잡,2.89
2017-04-14 16:25:00,129,94,34,1,50.6,8.97,16,4,False,오후(12-17),혼잡,0.78
2017-04-14 16:30:00,155,117,36,2,48.7,6.36,16,4,False,오후(12-17),혼잡,1.29
2017-04-14 16:35:00,178,128,48,2,49.4,7.87,16,4,False,오후(12-17),혼잡,1.12
2017-04-14 16:40:00,171,135,34,2,46.8,7.07,16,4,False,오후(12-17),혼잡,1.17
2017-04-14 16:45:00,156,120,33,3,47.8,6.58,16,4,False,오후(12-17),혼잡,1.92
2017-04-14 16:50:00,147,101,45,1,50.5,5.67,16,4,False,오후(12-17),혼잡,0.68
2017-04-14 16:55:00,148,110,38,0,45.5,6.62,16,4,False,오후(12-17),혼잡,0.0
2017-04-14 17:00:00,133,102,31,0,48.8,5.87,17,4,False,오후(12-17),혼잡,0.0
2017-04-14 17:05:00,189,146,39,4,38.0,26.12,17,4,False,오후(12-17),혼잡,2.12
2017-04-14 17:10:00,147,110,37,0,47.3,5.55,17,4,False,오후(12-17),원활,0.0
2017-04-14 17:15:00,181,127,52,2,41.1,8.59,17,4,False,오후(12-17),혼잡,1.1
2017-04-14 17:20:00,194,148,45,1,46.0,8.09,17,4,False,오후(12-17),혼잡,0.52
2017-04-14 17:25:00,174,118,51,5,47.0,7.39,17,4,False,오후(12-17),혼잡,2.87
2017-04-14 17:30:00,160,111,48,1,41.9,7.43,17,4,False,오후(12-17),혼잡,0.62
2017-04-14 17:35:00,160,114,43,3,38.5,8.28,17,4,False,오후(12-17),혼잡,1.88
2017-04-14 17:40:00,184,130,53,1,46.9,7.73,17,4,False,오후(12-17),혼잡,0.54
2017-04-14 17:45:00,191,137,51,3,47.1,8.2,17,4,False,오후(12-17),혼잡,1.57
2017-04-14 17:50:00,169,134,33,2,42.8,8.09,17,4,False,오후(12-17),혼잡,1.18
2017-04-14 17:55:00,170,131,37,2,42.3,7.25,17,4,False,오후(12-17),혼잡,1.18
2017-04-14 18:00:00,176,128,42,6,47.7,6.93,18,4,False,저녁(18-23),혼잡,3.41
2017-04-14 18:05:00,222,151,68,3,39.0,15.15,18,4,False,저녁(18-23),혼잡,1.35
2017-04-14 18:10:00,214,148,65,1,36.4,19.18,18,4,False,저녁(18-23),혼잡,0.47
2017-04-14 18:15:00,183,136,44,3,31.1,20.65,18,4,False,저녁(18-23),혼잡,1.64
2017-04-14 18:20:00,200,160,33,7,31.1,22.32,18,4,False,저녁(18-23),혼잡,3.5
2017-04-14 18:25:00,236,177,53,6,32.8,16.19,18,4,False,저녁(18-23),혼잡,2.54
2017-04-14 18:30:00,228,161,65,2,38.5,16.56,18,4,False,저녁(18-23),혼잡,0.88
2017-04-14 18:35:00,166,124,41,1,37.1,9.14,18,4,False,저녁(18-23),혼잡,0.6
2017-04-14 18:40:00,148,116,31,1,41.5,6.58,18,4,False,저녁(18-23),혼잡,0.68
2017-04-14 18:45:00,193,134,58,1,40.5,9.11,18,4,False,저녁(18-23),혼잡,0.52
2017-04-14 18:50:00,181,126,52,3,44.6,7.94,18,4,False,저녁(18-23),혼잡,1.66
2017-04-14 18:55:00,169,115,50,4,43.5,7.37,18,4,False,저녁(18-23),혼잡,2.37
2017-04-14 19:00:00,139,99,38,2,41.0,6.19,19,4,False,저녁(18-23),혼잡,1.44
2017-04-14 19:05:00,151,108,43,0,45.9,6.77,19,4,False,저녁(18-23),혼잡,0.0
2017-04-14 19:10:00,187,145,38,4,40.7,9.7,19,4,False,저녁(18-23),혼잡,2.14
2017-04-14 19:15:00,140,120,17,3,46.3,6.74,19,4,False,저녁(18-23),혼잡,2.14
2017-04-14 19:20:00,135,107,28,0,41.9,6.96,19,4,False,저녁(18-23),혼잡,0.0
2017-04-14 19:25:00,147,110,35,2,43.1,7.54,19,4,False,저녁(18-23),혼잡,1.36
2017-04-14 19:30:00,159,119,40,0,44.1,8.61,19,4,False,저녁(18-23),혼잡,0.0
2017-04-14 19:35:00,149,118,29,2,46.1,7.47,19,4,False,저녁(18-23),혼잡,1.34
2017-04-14 19:40:00,125,93,32,0,42.4,6.42,19,4,False,저녁(18-23),혼잡,0.0
2017-04-14 19:45:00,113,89,24,0,45.1,5.94,19,4,False,저녁(18-23),혼잡,0.0
2017-04-14 19:50:00,136,115,19,2,47.3,7.65,19,4,False,저녁(18-23),혼잡,1.47
2017-04-14 19:55:00,138,107,29,2,46.7,6.52,19,4,False,저녁(18-23),혼잡,1.45
2017-04-14 20:00:00,117,93,24,0,42.9,6.17,20,4,False,저녁(18-23),혼잡,0.0
2017-04-14 20:05:00,113,87,26,0,43.7,6.01,20,4,False,저녁(18-23),혼잡,0.0
2017-04-14 20:10:00,158,124,32,2,41.7,8.42,20,4,False,저녁(18-23),혼잡,1.27
2017-04-14 20:15:00,137,108,28,1,45.9,6.76,20,4,False,저녁(18-23),혼잡,0.73
2017-04-14 20:20:00,91,74,17,0,43.3,4.79,20,4,False,저녁(18-23),원활,0.0
2017-04-14 20:25:00,115,99,16,0,45.6,5.39,20,4,False,저녁(18-23),원활,0.0
2017-04-14 20:30:00,102,86,16,0,47.9,5.49,20,4,False,저녁(18-23),원활,0.0
2017-04-14 20:35:00,126,102,23,1,44.8,6.68,20,4,False,저녁(18-23),혼잡,0.79
2017-04-14 20:40:00,134,107,27,0,45.0,6.31,20,4,False,저녁(18-23),혼잡,0.0
2017-04-14 20:45:00,116,93,23,0,44.2,5.97,20,4,False,저녁(18-23),혼잡,0.0
2017-04-14 20:50:00,120,97,21,2,47.2,6.09,20,4,False,저녁(18-23),혼잡,1.67
2017-04-14 20:55:00,124,105,18,1,44.3,6.62,20,4,False,저녁(18-23),혼잡,0.81
2017-04-14 21:00:00,104,83,20,1,46.0,4.49,21,4,False,저녁(18-23),원활,0.96
2017-04-14 21:05:00,111,91,20,0,46.7,5.11,21,4,False,저녁(18-23),원활,0.0
2017-04-14 21:10:00,94,78,16,0,44.1,4.57,21,4,False,저녁(18-23),원활,0.0
2017-04-14 21:15:00,98,85,13,0,50.0,5.14,21,4,False,저녁(18-23),원활,0.0
2017-04-14 21:20:00,132,110,21,1,43.7,6.82,21,4,False,저녁(18-23),혼잡,0.76
2017-04-14 21:25:00,111,80,29,2,44.9,5.54,21,4,False,저녁(18-23),원활,1.8
2017-04-14 21:30:00,106,85,19,2,46.6,5.37,21,4,False,저녁(18-23),원활,1.89
2017-04-14 21:35:00,100,80,19,1,47.2,5.31,21,4,False,저녁(18-23),원활,1.0
2017-04-14 21:40:00,101,88,13,0,43.6,5.55,21,4,False,저녁(18-23),원활,0.0
2017-04-14 21:45:00,112,93,19,0,42.9,5.31,21,4,False,저녁(18-23),원활,0.0
2017-04-14 21:50:00,93,76,15,2,44.0,4.33,21,4,False,저녁(18-23),원활,2.15
2017-04-14 21:55:00,98,80,18,0,47.7,7.92,21,4,False,저녁(18-23),혼잡,0.0
2017-04-14 22:00:00,122,94,28,0,46.6,6.02,22,4,False,저녁(18-23),혼잡,0.0
2017-04-14 22:05:00,89,72,17,0,51.2,4.02,22,4,False,저녁(18-23),원활,0.0
2017-04-14 22:10:00,114,97,16,1,44.5,5.24,22,4,False,저녁(18-23),원활,0.88
2017-04-14 22:15:00,115,84,31,0,48.3,6.24,22,4,False,저녁(18-23),혼잡,0.0
2017-04-14 22:20:00,76,58,18,0,46.5,3.64,22,4,False,저녁(18-23),원활,0.0
2017-04-14 22:25:00,78,65,13,0,48.1,3.5,22,4,False,저녁(18-23),원활,0.0
2017-04-14 22:30:00,75,54,20,1,50.2,3.63,22,4,False,저녁(18-23),원활,1.33
2017-04-14 22:35:00,75,64,11,0,51.3,3.26,22,4,False,저녁(18-23),원활,0.0
2017-04-14 22:40:00,94,78,16,0,46.1,6.14,22,4,False,저녁(18-23),혼잡,0.0
2017-04-14 22:45:00,82,64,18,0,50.5,3.61,22,4,False,저녁(18-23),원활,0.0
2017-04-14 22:50:00,87,68,18,1,53.2,3.98,22,4,False,저녁(18-23),원활,1.15
2017-04-14 22:55:00,76,53,22,1,44.8,4.05,22,4,False,저녁(18-23),원활,1.32
2017-04-14 23:00:00,72,57,14,1,49.7,3.22,23,4,False,저녁(18-23),원활,1.39
2017-04-14 23:05:00,86,65,19,2,51.3,3.76,23,4,False,저녁(18-23),원활,2.33
2017-04-14 23:10:00,73,60,12,1,51.2,3.12,23,4,False,저녁(18-23),원활,1.37
2017-04-14 23:15:00,74,62,12,0,50.9,3.37,23,4,False,저녁(18-23),원활,0.0
2017-04-14 23:20:00,75,56,19,0,51.0,3.08,23,4,False,저녁(18-23),원활,0.0
2017-04-14 23:25:00,65,47,17,1,52.6,2.98,23,4,False,저녁(18-23),원활,1.54
2017-04-14 23:30:00,56,37,17,2,53.8,2.46,23,4,False,저녁(18-23),원활,3.57
2017-04-14 23:35:00,61,45,16,0,52.3,2.61,23,4,False,저녁(18-23),원활,0.0
2017-04-14 23:40:00,49,40,9,0,52.0,2.04,23,4,False,저녁(18-23),원활,0.0
2017-04-14 23:45:00,51,42,9,0,59.7,2.03,23,4,False,저녁(18-23),원활,0.0
2017-04-14 23:50:00,50,37,13,0,50.3,2.12,23,4,False,저녁(18-23),원활,0.0
2017-04-14 23:55:00,43,35,8,0,57.9,1.82,23,4,False,저녁(18-23),원활,0.0
2017-04-15 00:00:00,55,40,15,0,56.2,2.24,0,5,True,새벽(0-5),원활,0.0
2017-04-15 00:05:00,66,50,15,1,56.4,2.44,0,5,True,새벽(0-5),원활,1.52
2017-04-15 00:10:00,54,42,12,0,55.9,2.13,0,5,True,새벽(0-5),원활,0.0
2017-04-15 00:15:00,51,40,11,0,54.0,2.11,0,5,True,새벽(0-5),원활,0.0
2017-04-15 00:20:00,36,27,8,1,53.2,1.52,0,5,True,새벽(0-5),원활,2.78
2017-04-15 00:25:00,37,24,13,0,54.6,1.46,0,5,True,새벽(0-5),원활,0.0
2017-04-15 00:30:00,52,35,17,0,54.1,2.11,0,5,True,새벽(0-5),원활,0.0
2017-04-15 00:35:00,55,36,18,1,54.9,2.3,0,5,True,새벽(0-5),원활,1.82
2017-04-15 00:40:00,54,43,11,0,55.5,2.16,0,5,True,새벽(0-5),원활,0.0
2017-04-15 00:45:00,43,30,12,1,57.7,1.8,0,5,True,새벽(0-5),원활,2.33
2017-04-15 00:50:00,32,23,9,0,61.3,1.26,0,5,True,새벽(0-5),원활,0.0
2017-04-15 00:55:00,37,31,6,0,55.5,1.51,0,5,True,새벽(0-5),원활,0.0
2017-04-15 01:00:00,27,16,10,1,63.9,0.99,1,5,True,새벽(0-5),원활,3.7
2017-04-15 01:05:00,38,26,11,1,54.8,1.69,1,5,True,새벽(0-5),원활,2.63
2017-04-15 01:10:00,38,25,13,0,61.6,1.41,1,5,True,새벽(0-5),원활,0.0
2017-04-15 01:15:00,49,29,20,0,64.6,1.72,1,5,True,새벽(0-5),원활,0.0
2017-04-15 01:20:00,27,18,9,0,61.5,1.1,1,5,True,새벽(0-5),원활,0.0
2017-04-15 01:25:00,29,20,9,0,64.3,1.05,1,5,True,새벽(0-5),원활,0.0
2017-04-15 01:30:00,30,16,14,0,54.7,1.31,1,5,True,새벽(0-5),원활,0.0
2017-04-15 01:35:00,28,19,9,0,62.4,1.07,1,5,True,새벽(0-5),원활,0.0
2017-04-15 01:40:00,22,15,7,0,63.4,1.27,1,5,True,새벽(0-5),원활,0.0
2017-04-15 01:45:00,26,16,10,0,60.7,0.96,1,5,True,새벽(0-5),원활,0.0
2017-04-15 01:50:00,31,21,10,0,59.9,1.27,1,5,True,새벽(0-5),원활,0.0
2017-04-15 01:55:00,27,17,10,0,63.3,1.03,1,5,True,새벽(0-5),원활,0.0
2017-04-15 02:00:00,23,16,7,0,58.3,0.92,2,5,True,새벽(0-5),원활,0.0
2017-04-15 02:05:00,21,12,9,0,61.0,0.89,2,5,True,새벽(0-5),원활,0.0
2017-04-15 02:10:00,20,13,7,0,61.1,0.82,2,5,True,새벽(0-5),원활,0.0
2017-04-15 02:15:00,24,17,7,0,56.3,0.94,2,5,True,새벽(0-5),원활,0.0
2017-04-15 02:20:00,17,11,6,0,63.1,0.66,2,5,True,새벽(0-5),원활,0.0
2017-04-15 02:25:00,24,14,10,0,61.8,0.95,2,5,True,새벽(0-5),원활,0.0
2017-04-15 02:30:00,27,15,12,0,66.4,0.98,2,5,True,새벽(0-5),원활,0.0
2017-04-15 02:35:00,20,13,7,0,58.1,0.72,2,5,True,새벽(0-5),원활,0.0
2017-04-15 02:40:00,23,12,11,0,61.2,0.91,2,5,True,새벽(0-5),원활,0.0
2017-04-15 02:45:00,17,12,5,0,53.3,0.63,2,5,True,새벽(0-5),원활,0.0
2017-04-15 02:50:00,24,21,3,0,56.1,0.99,2,5,True,새벽(0-5),원활,0.0
2017-04-15 02:55:00,12,8,4,0,65.5,0.48,2,5,True,새벽(0-5),원활,0.0
2017-04-15 03:00:00,13,10,3,0,54.8,0.54,3,5,True,새벽(0-5),원활,0.0
2017-04-15 03:05:00,24,14,10,0,64.9,0.95,3,5,True,새벽(0-5),원활,0.0
2017-04-15 03:10:00,16,6,9,1,56.2,0.75,3,5,True,새벽(0-5),원활,6.25
2017-04-15 03:15:00,20,10,10,0,73.8,0.72,3,5,True,새벽(0-5),원활,0.0
2017-04-15 03:20:00,26,15,11,0,58.6,0.96,3,5,True,새벽(0-5),원활,0.0
2017-04-15 03:25:00,16,10,6,0,57.1,0.76,3,5,True,새벽(0-5),원활,0.0
2017-04-15 03:30:00,25,17,8,0,64.1,0.94,3,5,True,새벽(0-5),원활,0.0
2017-04-15 03:35:00,20,10,10,0,67.8,0.86,3,5,True,새벽(0-5),원활,0.0
2017-04-15 03:40:00,21,14,7,0,61.4,0.91,3,5,True,새벽(0-5),원활,0.0
2017-04-15 03:45:00,23,13,10,0,54.5,0.99,3,5,True,새벽(0-5),원활,0.0
2017-04-15 03:50:00,20,11,9,0,59.5,0.9,3,5,True,새벽(0-5),원활,0.0
2017-04-15 03:55:00,16,11,5,0,55.3,0.63,3,5,True,새벽(0-5),원활,0.0
2017-04-15 04:00:00,14,9,5,0,58.7,0.62,4,5,True,새벽(0-5),원활,0.0
2017-04-15 04:05:00,16,13,3,0,57.8,0.65,4,5,True,새벽(0-5),원활,0.0
2017-04-15 04:10:00,22,9,13,0,67.2,0.78,4,5,True,새벽(0-5),원활,0.0
2017-04-15 04:15:00,16,10,6,0,62.3,0.71,4,5,True,새벽(0-5),원활,0.0
2017-04-15 04:20:00,30,20,10,0,62.9,1.28,4,5,True,새벽(0-5),원활,0.0
2017-04-15 04:25:00,23,19,4,0,48.6,1.13,4,5,True,새벽(0-5),원활,0.0
2017-04-15 04:30:00,41,32,9,0,60.3,1.77,4,5,True,새벽(0-5),원활,0.0
2017-04-15 04:35:00,30,22,8,0,58.3,1.78,4,5,True,새벽(0-5),원활,0.0
2017-04-15 04:40:00,39,23,16,0,63.7,1.51,4,5,True,새벽(0-5),원활,0.0
2017-04-15 04:45:00,34,26,8,0,54.7,1.42,4,5,True,새벽(0-5),원활,0.0
2017-04-15 04:50:00,36,25,11,0,55.3,1.38,4,5,True,새벽(0-5),원활,0.0
2017-04-15 04:55:00,41,25,16,0,53.5,2.1,4,5,True,새벽(0-5),원활,0.0
2017-04-15 05:00:00,14,11,3,0,49.0,0.74,5,5,True,새벽(0-5),원활,0.0
2017-04-15 05:05:00,35,31,4,0,50.8,1.92,5,5,True,새벽(0-5),원활,0.0
2017-04-15 05:10:00,46,30,16,0,58.7,1.88,5,5,True,새벽(0-5),원활,0.0
2017-04-15 05:15:00,62,44,18,0,55.5,2.77,5,5,True,새벽(0-5),원활,0.0
2017-04-15 05:20:00,67,53,14,0,53.6,3.12,5,5,True,새벽(0-5),원활,0.0
2017-04-15 05:25:00,65,44,21,0,49.8,3.45,5,5,True,새벽(0-5),원활,0.0
2017-04-15 05:30:00,51,29,22,0,58.3,2.07,5,5,True,새벽(0-5),원활,0.0
2017-04-15 05:35:00,52,40,12,0,56.3,2.3,5,5,True,새벽(0-5),원활,0.0
2017-04-15 05:40:00,29,19,10,0,51.4,1.27,5,5,True,새벽(0-5),원활,0.0
2017-04-15 05:45:00,47,26,20,1,53.5,2.02,5,5,True,새벽(0-5),원활,2.13
2017-04-15 05:50:00,46,33,13,0,61.3,1.58,5,5,True,새벽(0-5),원활,0.0
2017-04-15 05:55:00,58,36,22,0,56.1,2.21,5,5,True,새벽(0-5),원활,0.0
2017-04-15 06:00:00,55,31,24,0,63.9,1.93,6,5,True,오전(6-11),원활,0.0
2017-04-15 06:05:00,70,48,20,2,58.4,2.79,6,5,True,오전(6-11),원활,2.86
2017-04-15 06:10:00,64,42,22,0,61.4,2.35,6,5,True,오전(6-11),원활,0.0
2017-04-15 06:15:00,59,36,23,0,56.5,2.27,6,5,True,오전(6-11),원활,0.0
2017-04-15 06:20:00,64,40,20,4,60.5,2.17,6,5,True,오전(6-11),원활,6.25
2017-04-15 06:25:00,83,55,28,0,61.2,2.86,6,5,True,오전(6-11),원활,0.0
2017-04-15 06:30:00,102,66,36,0,57.1,3.73,6,5,True,오전(6-11),원활,0.0
2017-04-15 06:35:00,99,56,40,3,52.4,4.06,6,5,True,오전(6-11),원활,3.03
2017-04-15 06:40:00,100,71,27,2,54.5,3.71,6,5,True,오전(6-11),원활,2.0
2017-04-15 06:45:00,78,42,35,1,57.3,3.09,6,5,True,오전(6-11),원활,1.28
2017-04-15 06:50:00,100,71,28,1,53.3,3.56,6,5,True,오전(6-11),원활,1.0
2017-04-15 06:55:00,84,51,32,1,56.3,3.34,6,5,True,오전(6-11),원활,1.19
2017-04-15 07:00:00,50,32,14,4,60.7,2.29,7,5,True,오전(6-11),원활,8.0
2017-04-15 07:05:00,89,52,36,1,57.5,3.36,7,5,True,오전(6-11),원활,1.12
2017-04-15 07:10:00,94,63,28,3,60.5,3.39,7,5,True,오전(6-11),원활,3.19
2017-04-15 07:15:00,116,77,36,3,57.4,4.39,7,5,True,오전(6-11),원활,2.59
2017-04-15 07:20:00,91,62,26,3,50.3,4.06,7,5,True,오전(6-11),원활,3.3
2017-04-15 07:25:00,80,57,19,4,58.3,2.91,7,5,True,오전(6-11),원활,5.0
2017-04-15 07:30:00,115,85,29,1,56.4,3.97,7,5,True,오전(6-11),원활,0.87
2017-04-15 07:35:00,98,72,24,2,59.9,3.68,7,5,True,오전(6-11),원활,2.04
2017-04-15 07:40:00,103,70,32,1,56.0,3.78,7,5,True,오전(6-11),원활,0.97
2017-04-15 07:45:00,117,84,28,5,53.8,4.45,7,5,True,오전(6-11),원활,4.27
2017-04-15 07:50:00,109,75,33,1,58.2,3.94,7,5,True,오전(6-11),원활,0.92
2017-04-15 07:55:00,119,80,39,0,56.7,4.47,7,5,True,오전(6-11),원활,0.0
2017-04-15 08:00:00,122,90,32,0,53.4,4.63,8,5,True,오전(6-11),원활,0.0
2017-04-15 08:05:00,96,69,25,2,50.7,4.1,8,5,True,오전(6-11),원활,2.08
2017-04-15 08:10:00,94,65,28,1,56.6,3.42,8,5,True,오전(6-11),원활,1.06
2017-04-15 08:15:00,117,82,34,1,56.3,4.35,8,5,True,오전(6-11),원활,0.85
2017-04-15 08:20:00,120,85,31,4,52.0,4.77,8,5,True,오전(6-11),원활,3.33
2017-04-15 08:25:00,122,79,40,3,48.9,4.84,8,5,True,오전(6-11),원활,2.46
2017-04-15 08:30:00,138,105,33,0,51.2,5.42,8,5,True,오전(6-11),원활,0.0
2017-04-15 08:35:00,191,148,39,4,51.8,7.72,8,5,True,오전(6-11),혼잡,2.09
2017-04-15 08:40:00,173,129,43,1,52.3,6.75,8,5,True,오전(6-11),혼잡,0.58
2017-04-15 08:45:00,159,122,33,4,47.6,7.17,8,5,True,오전(6-11),혼잡,2.52
2017-04-15 08:50:00,133,102,31,0,52.5,5.15,8,5,True,오전(6-11),원활,0.0
2017-04-15 08:55:00,156,110,44,2,51.4,6.16,8,5,True,오전(6-11),혼잡,1.28
2017-04-15 09:00:00,149,111,38,0,51.7,5.78,9,5,True,오전(6-11),혼잡,0.0
2017-04-15 09:05:00,141,84,57,0,52.1,6.09,9,5,True,오전(6-11),혼잡,0.0
2017-04-15 09:10:00,105,71,33,1,48.5,5.6,9,5,True,오전(6-11),혼잡,0.95
2017-04-15 09:15:00,174,133,37,4,48.5,8.35,9,5,True,오전(6-11),혼잡,2.3
2017-04-15 09:20:00,199,147,51,1,49.1,8.42,9,5,True,오전(6-11),혼잡,0.5
2017-04-15 09:25:00,175,133,42,0,46.8,10.01,9,5,True,오전(6-11),혼잡,0.0
2017-04-15 09:30:00,123,92,29,2,51.6,5.76,9,5,True,오전(6-11),혼잡,1.63
2017-04-15 09:35:00,153,107,45,1,48.5,6.37,9,5,True,오전(6-11),혼잡,0.65
2017-04-15 09:40:00,151,102,48,1,49.3,7.77,9,5,True,오전(6-11),혼잡,0.66
2017-04-15 09:45:00,103,66,36,1,46.3,11.73,9,5,True,오전(6-11),혼잡,0.97
2017-04-15 09:50:00,144,94,47,3,43.9,12.57,9,5,True,오전(6-11),혼잡,2.08
2017-04-15 09:55:00,148,87,57,4,44.5,14.35,9,5,True,오전(6-11),혼잡,2.7
2017-04-15 10:00:00,140,87,53,0,47.1,12.73,10,5,True,오전(6-11),혼잡,0.0
2017-04-15 10:05:00,143,84,55,4,47.5,14.04,10,5,True,오전(6-11),혼잡,2.8
2017-04-15 10:10:00,133,92,39,2,48.4,12.97,10,5,True,오전(6-11),혼잡,1.5
2017-04-15 10:15:00,140,89,46,5,47.5,12.39,10,5,True,오전(6-11),혼잡,3.57
2017-04-15 10:20:00,129,93,35,1,44.2,18.76,10,5,True,오전(6-11),혼잡,0.78
2017-04-15 10:25:00,104,65,35,4,46.2,12.04,10,5,True,오전(6-11),혼잡,3.85
2017-04-15 10:30:00,174,113,59,2,45.2,16.01,10,5,True,오전(6-11),혼잡,1.15
2017-04-15 10:35:00,153,100,46,7,43.0,13.22,10,5,True,오전(6-11),혼잡,4.58
2017-04-15 10:40:00,195,138,53,4,44.1,13.84,10,5,True,오전(6-11),혼잡,2.05
2017-04-15 10:45:00,191,128,61,2,40.8,12.83,10,5,True,오전(6-11),혼잡,1.05
2017-04-15 10:50:00,189,122,65,2,40.3,12.61,10,5,True,오전(6-11),혼잡,1.06
2017-04-15 10:55:00,177,118,58,1,43.9,8.24,10,5,True,오전(6-11),혼잡,0.56
2017-04-15 11:00:00,158,123,34,1,46.0,8.98,11,5,True,오전(6-11),혼잡,0.63
2017-04-15 11:05:00,168,114,53,1,45.9,7.64,11,5,True,오전(6-11),혼잡,0.6
2017-04-15 11:10:00,169,122,44,3,41.3,12.23,11,5,True,오전(6-11),혼잡,1.78
2017-04-15 11:15:00,183,137,44,2,38.5,9.91,11,5,True,오전(6-11),혼잡,1.09
2017-04-15 11:20:00,195,131,62,2,38.9,17.79,11,5,True,오전(6-11),혼잡,1.03
2017-04-15 11:25:00,160,101,55,4,26.3,43.48,11,5,True,오전(6-11),혼잡,2.5
2017-04-15 11:30:00,117,65,45,7,19.2,59.63,11,5,True,오전(6-11),혼잡,5.98
2017-04-15 11:35:00,140,95,42,3,17.4,69.31,11,5,True,오전(6-11),혼잡,2.14
2017-04-15 11:40:00,184,128,50,6,16.6,73.65,11,5,True,오전(6-11),혼잡,3.26
2017-04-15 11:45:00,130,82,39,9,16.1,73.65,11,5,True,오전(6-11),혼잡,6.92
2017-04-15 11:50:00,97,61,34,2,13.3,81.1,11,5,True,오전(6-11),혼잡,2.06
2017-04-15 11:55:00,92,64,23,5,10.4,82.1,11,5,True,오전(6-11),혼잡,5.43
2017-04-15 12:00:00,99,65,23,11,12.4,74.4,12,5,True,오후(12-17),혼잡,11.11
2017-04-15 12:05:00,127,93,30,4,15.2,68.47,12,5,True,오후(12-17),혼잡,3.15
2017-04-15 12:10:00,85,56,22,7,9.1,75.19,12,5,True,오후(12-17),혼잡,8.24
2017-04-15 12:15:00,144,92,47,5,16.9,64.9,12,5,True,오후(12-17),혼잡,3.47
2017-04-15 12:20:00,165,116,40,9,18.2,74.67,12,5,True,오후(12-17),혼잡,5.45
2017-04-15 12:25:00,176,113,53,10,16.7,70.38,12,5,True,오후(12-17),혼잡,5.68
2017-04-15 12:30:00,132,81,42,9,14.3,81.8,12,5,True,오후(12-17),혼잡,6.82
2017-04-15 12:35:00,142,89,44,9,15.3,71.97,12,5,True,오후(12-17),혼잡,6.34
2017-04-15 12:40:00,187,116,65,6,16.1,72.64,12,5,True,오후(12-17),혼잡,3.21
2017-04-15 12:45:00,186,115,64,7,15.8,65.78,12,5,True,오후(12-17),혼잡,3.76
2017-04-15 12:50:00,217,136,72,9,17.2,61.21,12,5,True,오후(12-17),혼잡,4.15
2017-04-15 12:55:00,158,103,48,7,15.1,69.92,12,5,True,오후(12-17),혼잡,4.43
2017-04-15 13:00:00,154,97,51,6,15.4,65.43,13,5,True,오후(12-17),혼잡,3.9
2017-04-15 13:05:00,208,137,65,6,17.3,57.4,13,5,True,오후(12-17),혼잡,2.88
2017-04-15 13:10:00,124,73,43,8,12.7,73.51,13,5,True,오후(12-17),혼잡,6.45
2017-04-15 13:15:00,150,103,41,6,16.9,77.34,13,5,True,오후(12-17),혼잡,4.0
2017-04-15 13:20:00,163,113,43,7,17.4,73.22,13,5,True,오후(12-17),혼잡,4.29
2017-04-15 13:25:00,197,133,56,8,16.5,73.44,13,5,True,오후(12-17),혼잡,4.06
2017-04-15 13:30:00,246,178,62,6,25.2,46.04,13,5,True,오후(12-17),혼잡,2.44
2017-04-15 13:35:00,181,134,44,3,41.4,9.13,13,5,True,오후(12-17),혼잡,1.66
2017-04-15 13:40:00,153,107,45,1,42.1,6.83,13,5,True,오후(12-17),혼잡,0.65
2017-04-15 13:45:00,172,113,59,0,44.6,7.61,13,5,True,오후(12-17),혼잡,0.0
2017-04-15 13:50:00,181,134,46,1,40.7,9.83,13,5,True,오후(12-17),혼잡,0.55
2017-04-15 13:55:00,173,120,52,1,47.8,6.89,13,5,True,오후(12-17),혼잡,0.58
2017-04-15 14:00:00,165,114,50,1,40.8,7.83,14,5,True,오후(12-17),혼잡,0.61
2017-04-15 14:05:00,158,122,33,3,42.2,7.07,14,5,True,오후(12-17),혼잡,1.9
2017-04-15 14:10:00,208,153,54,1,43.7,9.02,14,5,True,오후(12-17),혼잡,0.48
2017-04-15 14:15:00,183,129,54,0,39.5,9.15,14,5,True,오후(12-17),혼잡,0.0
2017-04-15 14:20:00,177,122,54,1,40.2,8.94,14,5,True,오후(12-17),혼잡,0.56
2017-04-15 14:25:00,169,115,53,1,41.3,7.91,14,5,True,오후(12-17),혼잡,0.59
2017-04-15 14:30:00,187,127,60,0,41.4,9.3,14,5,True,오후(12-17),혼잡,0.0
2017-04-15 14:35:00,201,140,59,2,43.6,9.08,14,5,True,오후(12-17),혼잡,1.0
2017-04-15 14:40:00,196,128,67,1,41.0,8.77,14,5,True,오후(12-17),혼잡,0.51
2017-04-15 14:45:00,181,139,41,1,39.6,8.49,14,5,True,오후(12-17),혼잡,0.55
2017-04-15 14:50:00,199,150,49,0,44.7,8.24,14,5,True,오후(12-17),혼잡,0.0
2017-04-15 14:55:00,213,142,69,2,43.3,9.05,14,5,True,오후(12-17),혼잡,0.94
2017-04-15 15:00:00,186,146,39,1,42.5,7.92,15,5,True,오후(12-17),혼잡,0.54
2017-04-15 15:05:00,157,116,40,1,40.7,8.13,15,5,True,오후(12-17),혼잡,0.64
2017-04-15 15:10:00,211,149,60,2,38.8,10.72,15,5,True,오후(12-17),혼잡,0.95
2017-04-15 15:15:00,239,180,58,1,41.3,10.4,15,5,True,오후(12-17),혼잡,0.42
2017-04-15 15:20:00,220,174,45,1,39.9,11.06,15,5,True,오후(12-17),혼잡,0.45
2017-04-15 15:25:00,193,150,41,2,36.2,10.6,15,5,True,오후(12-17),혼잡,1.04
2017-04-15 15:30:00,202,162,39,1,34.3,12.98,15,5,True,오후(12-17),혼잡,0.5
2017-04-15 15:35:00,224,178,45,1,38.9,12.06,15,5,True,오후(12-17),혼잡,0.45
2017-04-15 15:40:00,203,168,34,1,39.5,9.48,15,5,True,오후(12-17),혼잡,0.49
2017-04-15 15:45:00,190,157,33,0,41.7,9.07,15,5,True,오후(12-17),혼잡,0.0
2017-04-15 15:50:00,165,135,28,2,39.2,8.95,15,5,True,오후(12-17),혼잡,1.21
2017-04-15 15:55:00,212,179,32,1,39.8,15.44,15,5,True,오후(12-17),혼잡,0.47
2017-04-15 16:00:00,219,172,42,5,39.1,11.12,16,5,True,오후(12-17),혼잡,2.28
2017-04-15 16:05:00,168,130,38,0,39.3,8.83,16,5,True,오후(12-17),혼잡,0.0
2017-04-15 16:10:00,146,112,31,3,37.9,8.01,16,5,True,오후(12-17),혼잡,2.05
2017-04-15 16:15:00,205,167,37,1,40.9,12.11,16,5,True,오후(12-17),혼잡,0.49
2017-04-15 16:20:00,222,172,45,5,38.9,11.36,16,5,True,오후(12-17),혼잡,2.25
2017-04-15 16:25:00,183,140,39,4,38.2,10.87,16,5,True,오후(12-17),혼잡,2.19
2017-04-15 16:30:00,150,117,32,1,41.7,15.19,16,5,True,오후(12-17),혼잡,0.67
2017-04-15 16:35:00,200,146,47,7,38.2,24.27,16,5,True,오후(12-17),혼잡,3.5
2017-04-15 16:40:00,245,178,55,12,32.1,16.94,16,5,True,오후(12-17),혼잡,4.9
2017-04-15 16:45:00,190,148,38,4,39.4,9.64,16,5,True,오후(12-17),혼잡,2.11
2017-04-15 16:50:00,160,119,37,4,39.8,8.93,16,5,True,오후(12-17),혼잡,2.5
2017-04-15 16:55:00,161,122,37,2,39.4,8.18,16,5,True,오후(12-17),혼잡,1.24
2017-04-15 17:00:00,191,145,45,1,44.7,8.23,17,5,True,오후(12-17),혼잡,0.52
2017-04-15 17:05:00,211,161,49,1,39.1,10.43,17,5,True,오후(12-17),혼잡,0.47
2017-04-15 17:10:00,163,131,31,1,39.0,8.04,17,5,True,오후(12-17),혼잡,0.61
2017-04-15 17:15:00,141,111,26,4,47.2,5.39,17,5,True,오후(12-17),원활,2.84
2017-04-15 17:20:00,192,144,46,2,45.7,8.38,17,5,True,오후(12-17),혼잡,1.04
2017-04-15 17:25:00,174,135,37,2,48.7,7.12,17,5,True,오후(12-17),혼잡,1.15
2017-04-15 17:30:00,151,110,40,1,43.8,6.39,17,5,True,오후(12-17),혼잡,0.66
2017-04-15 17:35:00,135,94,39,2,45.6,5.92,17,5,True,오후(12-17),혼잡,1.48
2017-04-15 17:40:00,179,148,30,1,46.5,7.55,17,5,True,오후(12-17),혼잡,0.56
2017-04-15 17:45:00,200,155,44,1,41.5,10.78,17,5,True,오후(12-17),혼잡,0.5
2017-04-15 17:50:00,131,88,40,3,45.9,5.32,17,5,True,오후(12-17),원활,2.29
2017-04-15 17:55:00,148,116,31,1,44.9,6.18,17,5,True,오후(12-17),혼잡,0.68
2017-04-15 18:00:00,163,121,41,1,41.8,7.38,18,5,True,저녁(18-23),혼잡,0.61
2017-04-15 18:05:00,202,145,55,2,42.8,9.49,18,5,True,저녁(18-23),혼잡,0.99
2017-04-15 18:10:00,172,136,35,1,43.3,7.71,18,5,True,저녁(18-23),혼잡,0.58
2017-04-15 18:15:00,132,93,37,2,44.4,6.02,18,5,True,저녁(18-23),혼잡,1.52
2017-04-15 18:20:00,155,116,38,1,40.5,7.44,18,5,True,저녁(18-23),혼잡,0.65
2017-04-15 18:25:00,205,151,51,3,41.6,9.05,18,5,True,저녁(18-23),혼잡,1.46
2017-04-15 18:30:00,177,134,43,0,42.7,8.72,18,5,True,저녁(18-23),혼잡,0.0
2017-04-15 18:35:00,141,111,28,2,45.5,5.91,18,5,True,저녁(18-23),혼잡,1.42
2017-04-15 18:40:00,135,101,34,0,44.5,6.74,18,5,True,저녁(18-23),혼잡,0.0
2017-04-15 18:45:00,198,139,58,1,39.8,11.02,18,5,True,저녁(18-23),혼잡,0.51
2017-04-15 18:50:00,192,143,48,1,37.9,10.65,18,5,True,저녁(18-23),혼잡,0.52
2017-04-15 18:55:00,165,126,37,2,36.1,9.08,18,5,True,저녁(18-23),혼잡,1.21
2017-04-15 19:00:00,130,96,30,4,31.3,20.81,19,5,True,저녁(18-23),혼잡,3.08
2017-04-15 19:05:00,173,132,39,2,36.2,16.94,19,5,True,저녁(18-23),혼잡,1.16
2017-04-15 19:10:00,167,126,40,1,35.2,24.19,19,5,True,저녁(18-23),혼잡,0.6
2017-04-15 19:15:00,159,127,29,3,36.3,13.98,19,5,True,저녁(18-23),혼잡,1.89
2017-04-15 19:20:00,127,108,17,2,44.4,5.74,19,5,True,저녁(18-23),혼잡,1.57
2017-04-15 19:25:00,133,114,18,1,44.6,6.63,19,5,True,저녁(18-23),혼잡,0.75
2017-04-15 19:30:00,152,117,32,3,42.9,9.28,19,5,True,저녁(18-23),혼잡,1.97
2017-04-15 19:35:00,130,111,18,1,41.8,15.44,19,5,True,저녁(18-23),혼잡,0.77
2017-04-15 19:40:00,119,87,32,0,44.0,6.13,19,5,True,저녁(18-23),혼잡,0.0
2017-04-15 19:45:00,116,93,22,1,42.9,6.59,19,5,True,저녁(18-23),혼잡,0.86
2017-04-15 19:50:00,153,128,25,0,41.7,8.01,19,5,True,저녁(18-23),혼잡,0.0
2017-04-15 19:55:00,135,101,34,0,49.7,7.56,19,5,True,저녁(18-23),혼잡,0.0
2017-04-15 20:00:00,122,100,22,0,42.8,6.78,20,5,True,저녁(18-23),혼잡,0.0
2017-04-15 20:05:00,103,86,17,0,45.6,5.44,20,5,True,저녁(18-23),원활,0.0
2017-04-15 20:10:00,132,104,28,0,47.3,6.37,20,5,True,저녁(18-23),혼잡,0.0
2017-04-15 20:15:00,130,96,33,1,47.3,6.08,20,5,True,저녁(18-23),혼잡,0.77
2017-04-15 20:20:00,109,85,24,0,46.2,5.32,20,5,True,저녁(18-23),원활,0.0
2017-04-15 20:25:00,109,81,27,1,48.4,5.49,20,5,True,저녁(18-23),원활,0.92
2017-04-15 20:30:00,117,92,25,0,44.5,6.05,20,5,True,저녁(18-23),혼잡,0.0
2017-04-15 20:35:00,118,100,18,0,50.0,8.53,20,5,True,저녁(18-23),혼잡,0.0
2017-04-15 20:40:00,119,90,29,0,45.5,8.44,20,5,True,저녁(18-23),혼잡,0.0
2017-04-15 20:45:00,112,88,23,1,44.9,5.52,20,5,True,저녁(18-23),원활,0.89
2017-04-15 20:50:00,129,106,22,1,46.8,6.32,20,5,True,저녁(18-23),혼잡,0.78
2017-04-15 20:55:00,108,82,26,0,48.4,10.64,20,5,True,저녁(18-23),혼잡,0.0
2017-04-15 21:00:00,98,83,15,0,47.1,5.0,21,5,True,저녁(18-23),원활,0.0
2017-04-15 21:05:00,106,80,25,1,44.3,5.13,21,5,True,저녁(18-23),원활,0.94
2017-04-15 21:10:00,74,57,17,0,47.1,3.56,21,5,True,저녁(18-23),원활,0.0
2017-04-15 21:15:00,110,86,22,2,48.9,8.61,21,5,True,저녁(18-23),혼잡,1.82
2017-04-15 21:20:00,144,114,27,3,40.7,7.13,21,5,True,저녁(18-23),혼잡,2.08
2017-04-15 21:25:00,127,107,20,0,45.0,8.64,21,5,True,저녁(18-23),혼잡,0.0
2017-04-15 21:30:00,104,84,20,0,43.6,5.03,21,5,True,저녁(18-23),원활,0.0
2017-04-15 21:35:00,84,67,17,0,43.2,4.1,21,5,True,저녁(18-23),원활,0.0
2017-04-15 21:40:00,107,89,18,0,42.9,5.81,21,5,True,저녁(18-23),혼잡,0.0
2017-04-15 21:45:00,76,57,19,0,45.3,3.53,21,5,True,저녁(18-23),원활,0.0
2017-04-15 21:50:00,79,61,18,0,42.7,4.26,21,5,True,저녁(18-23),원활,0.0
2017-04-15 21:55:00,99,84,15,0,49.5,4.4,21,5,True,저녁(18-23),원활,0.0
2017-04-15 22:00:00,78,63,15,0,45.6,4.56,22,5,True,저녁(18-23),원활,0.0
2017-04-15 22:05:00,119,93,26,0,47.4,5.47,22,5,True,저녁(18-23),원활,0.0
2017-04-15 22:10:00,85,69,15,1,46.0,3.85,22,5,True,저녁(18-23),원활,1.18
2017-04-15 22:15:00,92,73,18,1,47.6,4.26,22,5,True,저녁(18-23),원활,1.09
2017-04-15 22:20:00,72,62,9,1,45.0,3.25,22,5,True,저녁(18-23),원활,1.39
2017-04-15 22:25:00,65,48,17,0,50.1,3.39,22,5,True,저녁(18-23),원활,0.0
2017-04-15 22:30:00,67,50,17,0,49.5,3.0,22,5,True,저녁(18-23),원활,0.0
2017-04-15 22:35:00,66,47,18,1,51.7,2.72,22,5,True,저녁(18-23),원활,1.52
2017-04-15 22:40:00,76,59,17,0,48.8,3.65,22,5,True,저녁(18-23),원활,0.0
2017-04-15 22:45:00,89,71,18,0,47.8,4.1,22,5,True,저녁(18-23),원활,0.0
2017-04-15 22:50:00,65,52,13,0,51.3,2.87,22,5,True,저녁(18-23),원활,0.0
2017-04-15 22:55:00,69,52,17,0,51.8,3.64,22,5,True,저녁(18-23),원활,0.0
2017-04-15 23:00:00,48,35,13,0,51.2,2.17,23,5,True,저녁(18-23),원활,0.0
2017-04-15 23:05:00,55,37,18,0,54.4,2.85,23,5,True,저녁(18-23),원활,0.0
2017-04-15 23:10:00,65,53,12,0,51.4,2.79,23,5,True,저녁(18-23),원활,0.0
2017-04-15 23:15:00,54,35,19,0,53.7,2.21,23,5,True,저녁(18-23),원활,0.0
2017-04-15 23:20:00,56,39,17,0,54.9,2.48,23,5,True,저녁(18-23),원활,0.0
2017-04-15 23:25:00,60,44,16,0,51.7,2.97,23,5,True,저녁(18-23),원활,0.0
2017-04-15 23:30:00,57,45,11,1,50.4,2.44,23,5,True,저녁(18-23),원활,1.75
2017-04-15 23:35:00,56,40,16,0,58.0,2.25,23,5,True,저녁(18-23),원활,0.0
2017-04-15 23:40:00,52,45,7,0,55.7,2.19,23,5,True,저녁(18-23),원활,0.0
2017-04-15 23:45:00,48,36,11,1,55.4,1.87,23,5,True,저녁(18-23),원활,2.08
2017-04-15 23:50:00,24,14,10,0,67.6,0.95,23,5,True,저녁(18-23),원활,0.0
2017-04-15 23:55:00,47,33,14,0,54.9,1.95,23,5,True,저녁(18-23),원활,0.0
2017-04-16 00:00:00,40,23,15,2,57.3,1.48,0,6,True,새벽(0-5),원활,5.0
2017-04-16 00:05:00,52,34,18,0,53.0,2.54,0,6,True,새벽(0-5),원활,0.0
2017-04-16 00:10:00,49,39,10,0,50.9,1.97,0,6,True,새벽(0-5),원활,0.0
2017-04-16 00:15:00,44,33,11,0,54.4,1.86,0,6,True,새벽(0-5),원활,0.0
2017-04-16 00:20:00,33,18,15,0,56.7,1.33,0,6,True,새벽(0-5),원활,0.0
2017-04-16 00:25:00,51,41,10,0,52.9,2.09,0,6,True,새벽(0-5),원활,0.0
2017-04-16 00:30:00,51,34,17,0,55.4,2.34,0,6,True,새벽(0-5),원활,0.0
2017-04-16 00:35:00,31,18,13,0,53.7,1.34,0,6,True,새벽(0-5),원활,0.0
2017-04-16 00:40:00,41,23,18,0,59.0,1.7,0,6,True,새벽(0-5),원활,0.0
2017-04-16 00:45:00,36,28,8,0,58.5,1.4,0,6,True,새벽(0-5),원활,0.0
2017-04-16 00:50:00,24,13,11,0,56.8,1.05,0,6,True,새벽(0-5),원활,0.0
2017-04-16 00:55:00,32,23,9,0,57.3,1.32,0,6,True,새벽(0-5),원활,0.0
2017-04-16 01:00:00,26,21,4,1,53.7,0.86,1,6,True,새벽(0-5),원활,3.85
2017-04-16 01:05:00,31,24,7,0,50.7,1.23,1,6,True,새벽(0-5),원활,0.0
2017-04-16 01:10:00,33,21,12,0,58.1,1.37,1,6,True,새벽(0-5),원활,0.0
2017-04-16 01:15:00,38,28,10,0,57.5,1.42,1,6,True,새벽(0-5),원활,0.0
2017-04-16 01:20:00,28,22,6,0,57.9,1.2,1,6,True,새벽(0-5),원활,0.0
2017-04-16 01:25:00,30,20,10,0,61.0,1.29,1,6,True,새벽(0-5),원활,0.0
2017-04-16 01:30:00,30,21,9,0,55.7,1.12,1,6,True,새벽(0-5),원활,0.0
2017-04-16 01:35:00,24,18,6,0,55.9,0.98,1,6,True,새벽(0-5),원활,0.0
2017-04-16 01:40:00,21,15,6,0,56.5,0.83,1,6,True,새벽(0-5),원활,0.0
2017-04-16 01:45:00,25,19,6,0,58.3,0.89,1,6,True,새벽(0-5),원활,0.0
2017-04-16 01:50:00,18,12,6,0,57.7,0.87,1,6,True,새벽(0-5),원활,0.0
2017-04-16 01:55:00,25,14,11,0,68.8,0.98,1,6,True,새벽(0-5),원활,0.0
2017-04-16 02:00:00,29,23,6,0,59.8,1.17,2,6,True,새벽(0-5),원활,0.0
2017-04-16 02:05:00,32,19,13,0,62.9,1.26,2,6,True,새벽(0-5),원활,0.0
2017-04-16 02:10:00,31,22,9,0,60.3,1.24,2,6,True,새벽(0-5),원활,0.0
2017-04-16 02:15:00,15,12,3,0,60.8,0.55,2,6,True,새벽(0-5),원활,0.0
2017-04-16 02:20:00,18,12,6,0,63.6,0.65,2,6,True,새벽(0-5),원활,0.0
2017-04-16 02:25:00,25,16,9,0,63.5,0.91,2,6,True,새벽(0-5),원활,0.0
2017-04-16 02:30:00,35,25,10,0,61.6,1.33,2,6,True,새벽(0-5),원활,0.0
2017-04-16 02:35:00,18,10,8,0,57.5,0.69,2,6,True,새벽(0-5),원활,0.0
2017-04-16 02:40:00,20,14,6,0,67.2,0.72,2,6,True,새벽(0-5),원활,0.0
2017-04-16 02:45:00,19,13,6,0,72.0,0.77,2,6,True,새벽(0-5),원활,0.0
2017-04-16 02:50:00,21,13,8,0,58.8,0.84,2,6,True,새벽(0-5),원활,0.0
2017-04-16 02:55:00,19,11,8,0,58.0,0.8,2,6,True,새벽(0-5),원활,0.0
2017-04-16 03:00:00,18,12,6,0,65.1,0.7,3,6,True,새벽(0-5),원활,0.0
2017-04-16 03:05:00,22,18,4,0,61.5,0.87,3,6,True,새벽(0-5),원활,0.0
2017-04-16 03:10:00,15,9,6,0,59.6,1.04,3,6,True,새벽(0-5),원활,0.0
2017-04-16 03:15:00,22,12,10,0,68.6,0.88,3,6,True,새벽(0-5),원활,0.0
2017-04-16 03:20:00,27,17,10,0,61.3,1.08,3,6,True,새벽(0-5),원활,0.0
2017-04-16 03:25:00,24,14,10,0,68.1,1.05,3,6,True,새벽(0-5),원활,0.0
2017-04-16 03:30:00,18,11,7,0,60.9,0.78,3,6,True,새벽(0-5),원활,0.0
2017-04-16 03:35:00,11,7,4,0,74.6,0.5,3,6,True,새벽(0-5),원활,0.0
2017-04-16 03:40:00,20,11,9,0,59.4,0.83,3,6,True,새벽(0-5),원활,0.0
2017-04-16 03:45:00,25,17,8,0,60.7,1.08,3,6,True,새벽(0-5),원활,0.0
2017-04-16 03:50:00,31,20,11,0,59.9,1.27,3,6,True,새벽(0-5),원활,0.0
2017-04-16 03:55:00,20,11,9,0,60.8,0.93,3,6,True,새벽(0-5),원활,0.0
2017-04-16 04:00:00,11,8,3,0,70.7,0.51,4,6,True,새벽(0-5),원활,0.0
2017-04-16 04:05:00,22,12,10,0,64.3,0.92,4,6,True,새벽(0-5),원활,0.0
2017-04-16 04:10:00,12,10,2,0,74.2,0.41,4,6,True,새벽(0-5),원활,0.0
2017-04-16 04:15:00,15,10,5,0,58.3,0.59,4,6,True,새벽(0-5),원활,0.0
2017-04-16 04:20:00,12,8,4,0,50.9,0.53,4,6,True,새벽(0-5),원활,0.0
2017-04-16 04:25:00,20,15,5,0,76.1,0.62,4,6,True,새벽(0-5),원활,0.0
2017-04-16 04:30:00,21,14,7,0,62.7,0.91,4,6,True,새벽(0-5),원활,0.0
2017-04-16 04:35:00,33,18,14,1,73.2,1.3,4,6,True,새벽(0-5),원활,3.03
2017-04-16 04:40:00,39,30,9,0,64.4,1.41,4,6,True,새벽(0-5),원활,0.0
2017-04-16 04:45:00,33,21,12,0,59.1,1.4,4,6,True,새벽(0-5),원활,0.0
2017-04-16 04:50:00,27,20,7,0,62.0,1.03,4,6,True,새벽(0-5),원활,0.0
2017-04-16 04:55:00,12,8,4,0,54.2,0.53,4,6,True,새벽(0-5),원활,0.0
2017-04-16 05:00:00,25,16,9,0,61.9,1.05,5,6,True,새벽(0-5),원활,0.0
2017-04-16 05:05:00,15,10,5,0,55.6,0.67,5,6,True,새벽(0-5),원활,0.0
2017-04-16 05:10:00,32,28,4,0,60.4,1.28,5,6,True,새벽(0-5),원활,0.0
2017-04-16 05:15:00,31,23,8,0,59.7,1.28,5,6,True,새벽(0-5),원활,0.0
2017-04-16 05:20:00,31,21,10,0,56.4,1.26,5,6,True,새벽(0-5),원활,0.0
2017-04-16 05:25:00,35,19,16,0,56.0,1.58,5,6,True,새벽(0-5),원활,0.0
2017-04-16 05:30:00,25,18,7,0,59.8,1.05,5,6,True,새벽(0-5),원활,0.0
2017-04-16 05:35:00,18,13,5,0,54.9,0.76,5,6,True,새벽(0-5),원활,0.0
2017-04-16 05:40:00,29,22,7,0,58.0,0.99,5,6,True,새벽(0-5),원활,0.0
2017-04-16 05:45:00,31,16,15,0,58.5,1.29,5,6,True,새벽(0-5),원활,0.0
2017-04-16 05:50:00,38,24,14,0,66.5,1.31,5,6,True,새벽(0-5),원활,0.0
2017-04-16 05:55:00,47,26,18,3,56.8,1.81,5,6,True,새벽(0-5),원활,6.38
2017-04-16 06:00:00,41,22,19,0,56.3,1.61,6,6,True,오전(6-11),원활,0.0
2017-04-16 06:05:00,46,32,14,0,62.2,1.61,6,6,True,오전(6-11),원활,0.0
2017-04-16 06:10:00,51,39,12,0,61.5,1.84,6,6,True,오전(6-11),원활,0.0
2017-04-16 06:15:00,42,26,15,1,56.4,1.59,6,6,True,오전(6-11),원활,2.38
2017-04-16 06:20:00,33,17,15,1,60.6,1.09,6,6,True,오전(6-11),원활,3.03
2017-04-16 06:25:00,61,40,20,1,59.8,2.24,6,6,True,오전(6-11),원활,1.64
2017-04-16 06:30:00,61,38,21,2,59.9,2.16,6,6,True,오전(6-11),원활,3.28
2017-04-16 06:35:00,57,40,17,0,58.2,2.09,6,6,True,오전(6-11),원활,0.0
2017-04-16 06:40:00,65,42,21,2,61.6,2.38,6,6,True,오전(6-11),원활,3.08
2017-04-16 06:45:00,62,38,24,0,60.3,2.38,6,6,True,오전(6-11),원활,0.0
2017-04-16 06:50:00,48,30,18,0,55.5,1.83,6,6,True,오전(6-11),원활,0.0
2017-04-16 06:55:00,58,38,19,1,54.8,2.34,6,6,True,오전(6-11),원활,1.72
2017-04-16 07:00:00,55,39,16,0,60.6,1.95,7,6,True,오전(6-11),원활,0.0
2017-04-16 07:05:00,59,39,19,1,56.6,2.56,7,6,True,오전(6-11),원활,1.69
2017-04-16 07:10:00,71,50,20,1,56.0,2.66,7,6,True,오전(6-11),원활,1.41
2017-04-16 07:15:00,81,50,30,1,55.8,3.17,7,6,True,오전(6-11),원활,1.23
2017-04-16 07:20:00,103,64,37,2,52.9,4.12,7,6,True,오전(6-11),원활,1.94
2017-04-16 07:25:00,83,63,18,2,56.5,3.62,7,6,True,오전(6-11),원활,2.41
2017-04-16 07:30:00,87,67,19,1,55.1,3.25,7,6,True,오전(6-11),원활,1.15
2017-04-16 07:35:00,84,55,25,4,55.3,3.49,7,6,True,오전(6-11),원활,4.76
2017-04-16 07:40:00,67,43,23,1,60.0,2.61,7,6,True,오전(6-11),원활,1.49
2017-04-16 07:45:00,64,42,20,2,51.4,2.99,7,6,True,오전(6-11),원활,3.12
2017-04-16 07:50:00,79,58,20,1,52.4,3.21,7,6,True,오전(6-11),원활,1.27
2017-04-16 07:55:00,84,58,25,1,55.8,3.28,7,6,True,오전(6-11),원활,1.19
2017-04-16 08:00:00,78,57,21,0,57.3,2.73,8,6,True,오전(6-11),원활,0.0
2017-04-16 08:05:00,74,45,25,4,56.2,2.85,8,6,True,오전(6-11),원활,5.41
2017-04-16 08:10:00,73,57,15,1,52.6,2.81,8,6,True,오전(6-11),원활,1.37
2017-04-16 08:15:00,73,52,21,0,55.0,2.61,8,6,True,오전(6-11),원활,0.0
2017-04-16 08:20:00,69,51,18,0,54.4,2.67,8,6,True,오전(6-11),원활,0.0
2017-04-16 08:25:00,80,60,19,1,52.7,3.31,8,6,True,오전(6-11),원활,1.25
2017-04-16 08:30:00,127,86,41,0,45.4,6.39,8,6,True,오전(6-11),혼잡,0.0
2017-04-16 08:35:00,114,88,25,1,52.1,4.42,8,6,True,오전(6-11),원활,0.88
2017-04-16 08:40:00,127,93,33,1,49.7,5.37,8,6,True,오전(6-11),원활,0.79
2017-04-16 08:45:00,161,102,54,5,41.6,10.32,8,6,True,오전(6-11),혼잡,3.11
2017-04-16 08:50:00,143,109,33,1,38.5,11.97,8,6,True,오전(6-11),혼잡,0.7
2017-04-16 08:55:00,157,113,39,5,33.1,22.28,8,6,True,오전(6-11),혼잡,3.18
2017-04-16 09:00:00,132,105,25,2,36.9,17.45,9,6,True,오전(6-11),혼잡,1.52
2017-04-16 09:05:00,117,82,35,0,50.6,4.74,9,6,True,오전(6-11),원활,0.0
2017-04-16 09:10:00,105,84,20,1,48.8,4.99,9,6,True,오전(6-11),원활,0.95
2017-04-16 09:15:00,111,91,18,2,48.3,4.98,9,6,True,오전(6-11),원활,1.8
2017-04-16 09:20:00,124,99,24,1,49.6,4.99,9,6,True,오전(6-11),원활,0.81
2017-04-16 09:25:00,104,72,28,4,50.3,4.8,9,6,True,오전(6-11),원활,3.85
2017-04-16 09:30:00,102,67,34,1,50.6,4.23,9,6,True,오전(6-11),원활,0.98
2017-04-16 09:35:00,108,76,31,1,50.6,4.55,9,6,True,오전(6-11),원활,0.93
2017-04-16 09:40:00,101,73,28,0,51.2,3.98,9,6,True,오전(6-11),원활,0.0
2017-04-16 09:45:00,93,69,23,1,51.4,4.26,9,6,True,오전(6-11),원활,1.08
2017-04-16 09:50:00,129,94,34,1,49.7,5.43,9,6,True,오전(6-11),원활,0.78
2017-04-16 09:55:00,128,94,34,0,49.4,5.65,9,6,True,오전(6-11),혼잡,0.0
2017-04-16 10:00:00,121,85,35,1,48.0,4.99,10,6,True,오전(6-11),원활,0.83
2017-04-16 10:05:00,134,77,55,2,48.5,6.05,10,6,True,오전(6-11),혼잡,1.49
2017-04-16 10:10:00,108,64,44,0,46.9,4.8,10,6,True,오전(6-11),원활,0.0
2017-04-16 10:15:00,112,79,31,2,40.4,7.66,10,6,True,오전(6-11),혼잡,1.79
2017-04-16 10:20:00,110,73,36,1,46.1,4.99,10,6,True,오전(6-11),원활,0.91
2017-04-16 10:25:00,127,89,37,1,45.0,6.02,10,6,True,오전(6-11),혼잡,0.79
2017-04-16 10:30:00,142,97,45,0,42.5,7.25,10,6,True,오전(6-11),혼잡,0.0
2017-04-16 10:35:00,183,141,41,1,40.6,10.14,10,6,True,오전(6-11),혼잡,0.55
2017-04-16 10:40:00,161,116,42,3,40.5,9.83,10,6,True,오전(6-11),혼잡,1.86
2017-04-16 10:45:00,182,120,60,2,35.7,12.45,10,6,True,오전(6-11),혼잡,1.1
2017-04-16 10:50:00,156,114,41,1,30.9,20.94,10,6,True,오전(6-11),혼잡,0.64
2017-04-16 10:55:00,152,109,40,3,35.0,16.47,10,6,True,오전(6-11),혼잡,1.97
2017-04-16 11:00:00,135,91,42,2,35.1,22.56,11,6,True,오전(6-11),혼잡,1.48
2017-04-16 11:05:00,140,83,56,1,25.6,41.08,11,6,True,오전(6-11),혼잡,0.71
2017-04-16 11:10:00,145,100,43,2,22.1,43.36,11,6,True,오전(6-11),혼잡,1.38
2017-04-16 11:15:00,156,113,35,8,25.7,33.45,11,6,True,오전(6-11),혼잡,5.13
2017-04-16 11:20:00,109,74,29,6,26.8,51.97,11,6,True,오전(6-11),혼잡,5.5
2017-04-16 11:25:00,144,102,36,6,27.7,31.25,11,6,True,오전(6-11),혼잡,4.17
2017-04-16 11:30:00,105,70,32,3,22.5,38.97,11,6,True,오전(6-11),혼잡,2.86
2017-04-16 11:35:00,124,90,29,5,17.9,61.71,11,6,True,오전(6-11),혼잡,4.03
2017-04-16 11:40:00,124,84,37,3,16.6,60.05,11,6,True,오전(6-11),혼잡,2.42
2017-04-16 11:45:00,135,93,38,4,21.8,40.85,11,6,True,오전(6-11),혼잡,2.96
2017-04-16 11:50:00,147,111,34,2,29.6,29.93,11,6,True,오전(6-11),혼잡,1.36
2017-04-16 11:55:00,152,104,45,3,39.1,10.3,11,6,True,오전(6-11),혼잡,1.97
2017-04-16 12:00:00,169,112,57,0,36.7,18.56,12,6,True,오후(12-17),혼잡,0.0
2017-04-16 12:05:00,143,97,44,2,39.0,13.05,12,6,True,오후(12-17),혼잡,1.4
2017-04-16 12:10:00,135,93,41,1,42.5,7.1,12,6,True,오후(12-17),혼잡,0.74
2017-04-16 12:15:00,157,99,55,3,37.3,14.19,12,6,True,오후(12-17),혼잡,1.91
2017-04-16 12:20:00,141,103,36,2,31.0,18.87,12,6,True,오후(12-17),혼잡,1.42
2017-04-16 12:25:00,146,105,38,3,38.1,10.02,12,6,True,오후(12-17),혼잡,2.05
2017-04-16 12:30:00,139,101,37,1,42.1,8.25,12,6,True,오후(12-17),혼잡,0.72
2017-04-16 12:35:00,168,113,53,2,40.2,9.12,12,6,True,오후(12-17),혼잡,1.19
2017-04-16 12:40:00,183,128,54,1,36.3,12.26,12,6,True,오후(12-17),혼잡,0.55
2017-04-16 12:45:00,167,123,40,4,30.3,27.55,12,6,True,오후(12-17),혼잡,2.4
2017-04-16 12:50:00,152,107,43,2,28.2,30.16,12,6,True,오후(12-17),혼잡,1.32
2017-04-16 12:55:00,137,93,44,0,34.1,23.13,12,6,True,오후(12-17),혼잡,0.0
2017-04-16 13:00:00,168,125,39,4,28.1,22.15,13,6,True,오후(12-17),혼잡,2.38
2017-04-16 13:05:00,167,131,33,3,41.0,8.46,13,6,True,오후(12-17),혼잡,1.8
2017-04-16 13:10:00,190,141,49,0,39.9,9.2,13,6,True,오후(12-17),혼잡,0.0
2017-04-16 13:15:00,192,146,43,3,40.4,10.36,13,6,True,오후(12-17),혼잡,1.56
2017-04-16 13:20:00,181,132,48,1,41.9,9.8,13,6,True,오후(12-17),혼잡,0.55
2017-04-16 13:25:00,152,107,43,2,43.4,7.57,13,6,True,오후(12-17),혼잡,1.32
2017-04-16 13:30:00,156,119,35,2,41.9,7.57,13,6,True,오후(12-17),혼잡,1.28
2017-04-16 13:35:00,167,109,57,1,43.7,8.11,13,6,True,오후(12-17),혼잡,0.6
2017-04-16 13:40:00,120,84,36,0,46.5,5.15,13,6,True,오후(12-17),원활,0.0
2017-04-16 13:45:00,163,120,42,1,43.0,8.48,13,6,True,오후(12-17),혼잡,0.61
2017-04-16 13:50:00,172,118,53,1,44.0,7.74,13,6,True,오후(12-17),혼잡,0.58
2017-04-16 13:55:00,162,125,36,1,44.2,6.99,13,6,True,오후(12-17),혼잡,0.62
2017-04-16 14:00:00,192,141,50,1,44.6,8.15,14,6,True,오후(12-17),혼잡,0.52
2017-04-16 14:05:00,189,131,56,2,40.6,10.43,14,6,True,오후(12-17),혼잡,1.06
2017-04-16 14:10:00,147,105,42,0,47.1,6.28,14,6,True,오후(12-17),혼잡,0.0
2017-04-16 14:15:00,151,106,43,2,44.9,6.81,14,6,True,오후(12-17),혼잡,1.32
2017-04-16 14:20:00,155,119,35,1,45.4,6.93,14,6,True,오후(12-17),혼잡,0.65
2017-04-16 14:25:00,136,105,31,0,42.4,5.94,14,6,True,오후(12-17),혼잡,0.0
2017-04-16 14:30:00,152,108,43,1,48.3,7.04,14,6,True,오후(12-17),혼잡,0.66
2017-04-16 14:35:00,162,120,41,1,45.3,7.24,14,6,True,오후(12-17),혼잡,0.62
2017-04-16 14:40:00,147,115,32,0,44.0,6.2,14,6,True,오후(12-17),혼잡,0.0
2017-04-16 14:45:00,166,122,44,0,45.1,7.26,14,6,True,오후(12-17),혼잡,0.0
2017-04-16 14:50:00,142,105,35,2,44.2,6.08,14,6,True,오후(12-17),혼잡,1.41
2017-04-16 14:55:00,152,114,37,1,44.0,7.29,14,6,True,오후(12-17),혼잡,0.66
2017-04-16 15:00:00,134,102,31,1,48.2,5.42,15,6,True,오후(12-17),원활,0.75
2017-04-16 15:05:00,155,122,33,0,46.4,7.3,15,6,True,오후(12-17),혼잡,0.0
2017-04-16 15:10:00,139,101,38,0,45.6,6.23,15,6,True,오후(12-17),혼잡,0.0
2017-04-16 15:15:00,152,112,39,1,47.4,6.33,15,6,True,오후(12-17),혼잡,0.66
2017-04-16 15:20:00,142,109,33,0,45.6,6.4,15,6,True,오후(12-17),혼잡,0.0
2017-04-16 15:25:00,142,103,39,0,49.9,5.62,15,6,True,오후(12-17),혼잡,0.0
2017-04-16 15:30:00,135,96,39,0,46.6,5.49,15,6,True,오후(12-17),원활,0.0
2017-04-16 15:35:00,134,111,21,2,46.2,5.68,15,6,True,오후(12-17),혼잡,1.49
2017-04-16 15:40:00,113,81,30,2,46.3,4.69,15,6,True,오후(12-17),원활,1.77
2017-04-16 15:45:00,145,115,28,2,48.4,6.17,15,6,True,오후(12-17),혼잡,1.38
2017-04-16 15:50:00,163,126,36,1,43.3,7.47,15,6,True,오후(12-17),혼잡,0.61
2017-04-16 15:55:00,145,106,39,0,46.3,5.91,15,6,True,오후(12-17),혼잡,0.0
2017-04-16 16:00:00,148,112,36,0,49.4,6.22,16,6,True,오후(12-17),혼잡,0.0
2017-04-16 16:05:00,143,102,38,3,48.6,6.09,16,6,True,오후(12-17),혼잡,2.1
2017-04-16 16:10:00,129,101,27,1,46.2,5.32,16,6,True,오후(12-17),원활,0.78
2017-04-16 16:15:00,135,95,38,2,46.7,6.07,16,6,True,오후(12-17),혼잡,1.48
2017-04-16 16:20:00,124,97,27,0,49.0,4.64,16,6,True,오후(12-17),원활,0.0
2017-04-16 16:25:00,130,105,23,2,48.5,5.6,16,6,True,오후(12-17),혼잡,1.54
2017-04-16 16:30:00,143,112,29,2,49.4,5.44,16,6,True,오후(12-17),원활,1.4
2017-04-16 16:35:00,150,119,30,1,47.8,5.94,16,6,True,오후(12-17),혼잡,0.67
2017-04-16 16:40:00,148,111,37,0,46.2,6.07,16,6,True,오후(12-17),혼잡,0.0
2017-04-16 16:45:00,145,102,40,3,48.8,5.77,16,6,True,오후(12-17),혼잡,2.07
2017-04-16 16:50:00,136,101,31,4,47.1,5.33,16,6,True,오후(12-17),원활,2.94
2017-04-16 16:55:00,134,103,31,0,47.2,5.67,16,6,True,오후(12-17),혼잡,0.0
2017-04-16 17:00:00,136,104,29,3,47.2,5.41,17,6,True,오후(12-17),원활,2.21
2017-04-16 17:05:00,124,95,26,3,45.3,5.25,17,6,True,오후(12-17),원활,2.42
2017-04-16 17:10:00,132,105,26,1,44.9,6.27,17,6,True,오후(12-17),혼잡,0.76
2017-04-16 17:15:00,136,102,32,2,49.3,5.44,17,6,True,오후(12-17),원활,1.47
2017-04-16 17:20:00,138,107,30,1,46.1,6.17,17,6,True,오후(12-17),혼잡,0.72
2017-04-16 17:25:00,116,93,23,0,47.5,4.63,17,6,True,오후(12-17),원활,0.0
2017-04-16 17:30:00,133,103,30,0,44.5,6.09,17,6,True,오후(12-17),혼잡,0.0
2017-04-16 17:35:00,128,104,24,0,47.0,5.25,17,6,True,오후(12-17),원활,0.0
2017-04-16 17:40:00,109,73,31,5,50.2,4.23,17,6,True,오후(12-17),원활,4.59
2017-04-16 17:45:00,111,77,32,2,52.7,4.21,17,6,True,오후(12-17),원활,1.8
2017-04-16 17:50:00,136,102,33,1,49.8,5.37,17,6,True,오후(12-17),원활,0.74
2017-04-16 17:55:00,125,88,33,4,49.8,5.13,17,6,True,오후(12-17),원활,3.2
2017-04-16 18:00:00,137,100,32,5,48.3,5.14,18,6,True,저녁(18-23),원활,3.65
2017-04-16 18:05:00,138,105,29,4,45.6,6.26,18,6,True,저녁(18-23),혼잡,2.9
2017-04-16 18:10:00,110,77,29,4,51.2,4.25,18,6,True,저녁(18-23),원활,3.64
2017-04-16 18:15:00,146,115,29,2,45.4,6.45,18,6,True,저녁(18-23),혼잡,1.37
2017-04-16 18:20:00,120,92,27,1,46.2,4.83,18,6,True,저녁(18-23),원활,0.83
2017-04-16 18:25:00,134,95,39,0,48.2,5.31,18,6,True,저녁(18-23),원활,0.0
2017-04-16 18:30:00,134,104,30,0,48.0,5.55,18,6,True,저녁(18-23),원활,0.0
2017-04-16 18:35:00,145,101,41,3,47.8,6.49,18,6,True,저녁(18-23),혼잡,2.07
2017-04-16 18:40:00,111,76,35,0,49.7,4.4,18,6,True,저녁(18-23),원활,0.0
2017-04-16 18:45:00,119,82,36,1,48.0,4.84,18,6,True,저녁(18-23),원활,0.84
2017-04-16 18:50:00,119,91,24,4,47.3,5.51,18,6,True,저녁(18-23),원활,3.36
2017-04-16 18:55:00,130,87,41,2,47.1,5.46,18,6,True,저녁(18-23),원활,1.54
2017-04-16 19:00:00,122,96,24,2,49.3,5.0,19,6,True,저녁(18-23),원활,1.64
2017-04-16 19:05:00,108,84,23,1,45.2,4.87,19,6,True,저녁(18-23),원활,0.93
2017-04-16 19:10:00,140,100,37,3,44.5,6.43,19,6,True,저녁(18-23),혼잡,2.14
2017-04-16 19:15:00,145,123,21,1,45.1,6.86,19,6,True,저녁(18-23),혼잡,0.69
2017-04-16 19:20:00,164,140,22,2,43.3,11.04,19,6,True,저녁(18-23),혼잡,1.22
2017-04-16 19:25:00,118,103,14,1,45.1,5.24,19,6,True,저녁(18-23),원활,0.85
2017-04-16 19:30:00,132,110,21,1,43.6,6.69,19,6,True,저녁(18-23),혼잡,0.76
2017-04-16 19:35:00,61,51,10,0,43.1,3.59,19,6,True,저녁(18-23),원활,0.0
2017-04-16 19:40:00,108,98,10,0,45.2,6.16,19,6,True,저녁(18-23),혼잡,0.0
2017-04-16 19:45:00,99,74,25,0,44.3,5.26,19,6,True,저녁(18-23),원활,0.0
2017-04-16 19:50:00,94,69,25,0,46.2,4.88,19,6,True,저녁(18-23),원활,0.0
2017-04-16 19:55:00,112,93,19,0,46.3,5.22,19,6,True,저녁(18-23),원활,0.0
2017-04-16 20:00:00,147,115,32,0,45.2,8.21,20,6,True,저녁(18-23),혼잡,0.0
2017-04-16 20:05:00,112,92,20,0,47.3,5.57,20,6,True,저녁(18-23),혼잡,0.0
2017-04-16 20:10:00,105,82,23,0,44.2,5.28,20,6,True,저녁(18-23),원활,0.0
2017-04-16 20:15:00,125,98,27,0,45.1,6.32,20,6,True,저녁(18-23),혼잡,0.0
2017-04-16 20:20:00,83,70,12,1,47.4,3.9,20,6,True,저녁(18-23),원활,1.2
2017-04-16 20:25:00,120,96,24,0,43.5,6.38,20,6,True,저녁(18-23),혼잡,0.0
2017-04-16 20:30:00,137,112,24,1,45.3,7.04,20,6,True,저녁(18-23),혼잡,0.73
2017-04-16 20:35:00,129,101,28,0,44.0,11.0,20,6,True,저녁(18-23),혼잡,0.0
2017-04-16 20:40:00,141,118,23,0,47.0,6.17,20,6,True,저녁(18-23),혼잡,0.0
2017-04-16 20:45:00,129,106,23,0,44.3,7.24,20,6,True,저녁(18-23),혼잡,0.0
2017-04-16 20:50:00,109,78,30,1,45.8,5.35,20,6,True,저녁(18-23),원활,0.92
2017-04-16 20:55:00,95,83,11,1,48.0,4.76,20,6,True,저녁(18-23),원활,1.05
2017-04-16 21:00:00,82,61,20,1,47.5,4.03,21,6,True,저녁(18-23),원활,1.22
2017-04-16 21:05:00,90,66,24,0,42.2,5.03,21,6,True,저녁(18-23),원활,0.0
2017-04-16 21:10:00,94,76,18,0,45.6,4.44,21,6,True,저녁(18-23),원활,0.0
2017-04-16 21:15:00,124,96,27,1,43.9,6.8,21,6,True,저녁(18-23),혼잡,0.81
2017-04-16 21:20:00,113,88,25,0,46.3,5.12,21,6,True,저녁(18-23),원활,0.0
2017-04-16 21:25:00,83,64,19,0,49.9,3.74,21,6,True,저녁(18-23),원활,0.0
2017-04-16 21:30:00,94,73,21,0,44.7,4.58,21,6,True,저녁(18-23),원활,0.0
2017-04-16 21:35:00,92,76,15,1,47.8,4.44,21,6,True,저녁(18-23),원활,1.09
2017-04-16 21:40:00,80,61,19,0,43.3,3.84,21,6,True,저녁(18-23),원활,0.0
2017-04-16 21:45:00,68,51,17,0,49.3,3.29,21,6,True,저녁(18-23),원활,0.0
2017-04-16 21:50:00,68,49,19,0,44.1,3.63,21,6,True,저녁(18-23),원활,0.0
2017-04-16 21:55:00,77,56,21,0,52.7,3.34,21,6,True,저녁(18-23),원활,0.0
2017-04-16 22:00:00,79,65,14,0,48.5,3.64,22,6,True,저녁(18-23),원활,0.0
2017-04-16 22:05:00,78,56,22,0,47.3,4.1,22,6,True,저녁(18-23),원활,0.0
2017-04-16 22:10:00,75,63,12,0,47.1,3.87,22,6,True,저녁(18-23),원활,0.0
2017-04-16 22:15:00,66,50,16,0,48.7,3.12,22,6,True,저녁(18-23),원활,0.0
2017-04-16 22:20:00,55,42,12,1,48.9,3.19,22,6,True,저녁(18-23),원활,1.82
2017-04-16 22:25:00,53,46,6,1,46.7,2.37,22,6,True,저녁(18-23),원활,1.89
2017-04-16 22:30:00,37,26,11,0,48.9,1.58,22,6,True,저녁(18-23),원활,0.0
2017-04-16 22:35:00,57,38,19,0,51.2,2.72,22,6,True,저녁(18-23),원활,0.0
2017-04-16 22:40:00,53,37,16,0,49.7,5.28,22,6,True,저녁(18-23),원활,0.0
2017-04-16 22:45:00,66,49,17,0,53.8,3.1,22,6,True,저녁(18-23),원활,0.0
2017-04-16 22:50:00,71,54,17,0,51.1,3.07,22,6,True,저녁(18-23),원활,0.0
2017-04-16 22:55:00,51,36,15,0,55.6,2.87,22,6,True,저녁(18-23),원활,0.0
2017-04-16 23:00:00,59,45,14,0,51.4,2.57,23,6,True,저녁(18-23),원활,0.0
2017-04-16 23:05:00,50,39,11,0,50.8,2.34,23,6,True,저녁(18-23),원활,0.0
2017-04-16 23:10:00,47,36,11,0,53.6,1.99,23,6,True,저녁(18-23),원활,0.0
2017-04-16 23:15:00,38,26,12,0,54.6,1.53,23,6,True,저녁(18-23),원활,0.0
2017-04-16 23:20:00,50,38,12,0,56.1,2.4,23,6,True,저녁(18-23),원활,0.0
2017-04-16 23:25:00,48,35,13,0,55.9,4.52,23,6,True,저녁(18-23),원활,0.0
2017-04-16 23:30:00,32,21,11,0,56.2,2.1,23,6,True,저녁(18-23),원활,0.0
2017-04-16 23:35:00,38,30,8,0,51.6,1.61,23,6,True,저녁(18-23),원활,0.0
2017-04-16 23:40:00,32,30,1,1,53.3,1.28,23,6,True,저녁(18-23),원활,3.12
2017-04-16 23:45:00,34,20,14,0,54.0,1.52,23,6,True,저녁(18-23),원활,0.0
2017-04-16 23:50:00,27,23,4,0,54.3,0.95,23,6,True,저녁(18-23),원활,0.0
2017-04-16 23:55:00,35,24,11,0,54.6,1.42,23,6,True,저녁(18-23),원활,0.0
2017-04-17 00:00:00,43,27,16,0,51.9,1.98,0,0,False,새벽(0-5),원활,0.0
2017-04-17 00:05:00,33,20,13,0,57.0,1.4,0,0,False,새벽(0-5),원활,0.0
2017-04-17 00:10:00,38,28,10,0,53.6,1.55,0,0,False,새벽(0-5),원활,0.0
2017-04-17 00:15:00,20,13,6,1,53.4,0.79,0,0,False,새벽(0-5),원활,5.0
2017-04-17 00:20:00,23,17,6,0,49.2,0.97,0,0,False,새벽(0-5),원활,0.0
2017-04-17 00:25:00,28,21,7,0,63.1,1.33,0,0,False,새벽(0-5),원활,0.0
2017-04-17 00:30:00,24,14,10,0,56.6,1.0,0,0,False,새벽(0-5),원활,0.0
2017-04-17 00:35:00,19,15,4,0,57.9,0.72,0,0,False,새벽(0-5),원활,0.0
2017-04-17 00:40:00,19,12,7,0,59.9,0.76,0,0,False,새벽(0-5),원활,0.0
2017-04-17 00:45:00,24,16,8,0,57.3,0.99,0,0,False,새벽(0-5),원활,0.0
2017-04-17 00:50:00,12,10,2,0,55.0,0.49,0,0,False,새벽(0-5),원활,0.0
2017-04-17 00:55:00,17,11,6,0,57.2,0.67,0,0,False,새벽(0-5),원활,0.0
2017-04-17 01:00:00,14,9,5,0,59.4,0.48,1,0,False,새벽(0-5),원활,0.0
2017-04-17 01:05:00,19,15,4,0,61.2,0.67,1,0,False,새벽(0-5),원활,0.0
2017-04-17 01:10:00,19,13,6,0,60.6,0.7,1,0,False,새벽(0-5),원활,0.0
2017-04-17 01:15:00,16,9,7,0,57.5,0.63,1,0,False,새벽(0-5),원활,0.0
2017-04-17 01:20:00,14,8,5,1,59.8,0.53,1,0,False,새벽(0-5),원활,7.14
2017-04-17 01:25:00,13,10,3,0,56.0,0.58,1,0,False,새벽(0-5),원활,0.0
2017-04-17 01:30:00,20,10,10,0,63.1,0.75,1,0,False,새벽(0-5),원활,0.0
2017-04-17 01:35:00,18,11,7,0,59.9,0.64,1,0,False,새벽(0-5),원활,0.0
2017-04-17 01:40:00,8,4,4,0,64.3,0.34,1,0,False,새벽(0-5),원활,0.0
2017-04-17 01:45:00,9,7,2,0,64.8,0.31,1,0,False,새벽(0-5),원활,0.0
2017-04-17 01:50:00,10,8,2,0,56.4,0.38,1,0,False,새벽(0-5),원활,0.0
2017-04-17 01:55:00,13,3,10,0,51.4,0.59,1,0,False,새벽(0-5),원활,0.0
2017-04-17 02:00:00,12,9,3,0,53.1,0.53,2,0,False,새벽(0-5),원활,0.0
2017-04-17 02:05:00,12,9,3,0,68.0,0.47,2,0,False,새벽(0-5),원활,0.0
2017-04-17 02:10:00,12,6,6,0,61.5,5.47,2,0,False,새벽(0-5),원활,0.0
2017-04-17 02:15:00,12,7,5,0,65.2,0.57,2,0,False,새벽(0-5),원활,0.0
2017-04-17 02:20:00,9,7,2,0,69.3,0.38,2,0,False,새벽(0-5),원활,0.0
2017-04-17 02:25:00,10,8,2,0,55.3,0.39,2,0,False,새벽(0-5),원활,0.0
2017-04-17 02:30:00,13,8,5,0,58.5,0.54,2,0,False,새벽(0-5),원활,0.0
2017-04-17 02:35:00,18,14,4,0,59.3,0.67,2,0,False,새벽(0-5),원활,0.0
2017-04-17 02:40:00,10,8,2,0,58.1,0.38,2,0,False,새벽(0-5),원활,0.0
2017-04-17 02:45:00,20,7,10,3,87.5,3.61,2,0,False,새벽(0-5),원활,15.0
2017-04-17 02:50:00,13,11,2,0,57.6,0.53,2,0,False,새벽(0-5),원활,0.0
2017-04-17 02:55:00,15,12,3,0,60.4,0.64,2,0,False,새벽(0-5),원활,0.0
2017-04-17 03:00:00,11,8,3,0,49.1,0.53,3,0,False,새벽(0-5),원활,0.0
2017-04-17 03:05:00,11,7,4,0,63.0,0.32,3,0,False,새벽(0-5),원활,0.0
2017-04-17 03:10:00,9,3,6,0,59.1,0.46,3,0,False,새벽(0-5),원활,0.0
2017-04-17 03:15:00,11,8,3,0,61.6,0.42,3,0,False,새벽(0-5),원활,0.0
2017-04-17 03:20:00,18,10,7,1,59.8,0.87,3,0,False,새벽(0-5),원활,5.56
2017-04-17 03:25:00,14,11,2,1,59.6,0.53,3,0,False,새벽(0-5),원활,7.14
2017-04-17 03:30:00,15,9,6,0,55.7,0.69,3,0,False,새벽(0-5),원활,0.0
2017-04-17 03:35:00,23,20,2,1,57.1,0.87,3,0,False,새벽(0-5),원활,4.35
2017-04-17 03:40:00,9,6,3,0,54.0,0.33,3,0,False,새벽(0-5),원활,0.0
2017-04-17 03:45:00,17,7,10,0,48.2,0.96,3,0,False,새벽(0-5),원활,0.0
2017-04-17 03:50:00,12,7,5,0,51.7,0.58,3,0,False,새벽(0-5),원활,0.0
2017-04-17 03:55:00,12,7,5,0,55.5,0.51,3,0,False,새벽(0-5),원활,0.0
2017-04-17 04:00:00,18,10,8,0,52.0,0.75,4,0,False,새벽(0-5),원활,0.0
2017-04-17 04:05:00,20,14,6,0,55.8,0.74,4,0,False,새벽(0-5),원활,0.0
2017-04-17 04:10:00,12,7,5,0,58.4,0.49,4,0,False,새벽(0-5),원활,0.0
2017-04-17 04:15:00,19,12,7,0,59.2,0.83,4,0,False,새벽(0-5),원활,0.0
2017-04-17 04:20:00,11,8,3,0,55.3,0.55,4,0,False,새벽(0-5),원활,0.0
2017-04-17 04:25:00,14,8,6,0,57.3,0.69,4,0,False,새벽(0-5),원활,0.0
2017-04-17 04:30:00,18,10,8,0,69.6,0.77,4,0,False,새벽(0-5),원활,0.0
2017-04-17 04:35:00,32,21,11,0,52.3,1.39,4,0,False,새벽(0-5),원활,0.0
2017-04-17 04:40:00,35,23,12,0,63.0,1.37,4,0,False,새벽(0-5),원활,0.0
2017-04-17 04:45:00,17,13,4,0,61.3,0.7,4,0,False,새벽(0-5),원활,0.0
2017-04-17 04:50:00,26,17,9,0,56.2,3.7,4,0,False,새벽(0-5),원활,0.0
2017-04-17 04:55:00,21,16,5,0,54.0,0.98,4,0,False,새벽(0-5),원활,0.0
2017-04-17 05:00:00,25,14,11,0,55.7,1.14,5,0,False,새벽(0-5),원활,0.0
2017-04-17 05:05:00,23,12,11,0,58.5,0.9,5,0,False,새벽(0-5),원활,0.0
2017-04-17 05:10:00,33,25,8,0,60.4,1.27,5,0,False,새벽(0-5),원활,0.0
2017-04-17 05:15:00,50,30,20,0,60.8,2.07,5,0,False,새벽(0-5),원활,0.0
2017-04-17 05:20:00,56,39,17,0,56.5,2.37,5,0,False,새벽(0-5),원활,0.0
2017-04-17 05:25:00,58,37,21,0,60.5,2.18,5,0,False,새벽(0-5),원활,0.0
2017-04-17 05:30:00,41,29,12,0,58.4,1.58,5,0,False,새벽(0-5),원활,0.0
2017-04-17 05:35:00,54,35,19,0,54.7,2.58,5,0,False,새벽(0-5),원활,0.0
2017-04-17 05:40:00,61,27,29,5,48.8,3.48,5,0,False,새벽(0-5),원활,8.2
2017-04-17 05:45:00,47,28,18,1,54.6,2.05,5,0,False,새벽(0-5),원활,2.13
2017-04-17 05:50:00,55,28,26,1,56.4,2.21,5,0,False,새벽(0-5),원활,1.82
2017-04-17 05:55:00,72,45,23,4,56.1,3.22,5,0,False,새벽(0-5),원활,5.56
2017-04-17 06:00:00,79,52,27,0,53.2,3.11,6,0,False,오전(6-11),원활,0.0
2017-04-17 06:05:00,109,70,38,1,61.3,3.72,6,0,False,오전(6-11),원활,0.92
2017-04-17 06:10:00,82,48,33,1,55.8,3.98,6,0,False,오전(6-11),원활,1.22
2017-04-17 06:15:00,85,52,32,1,55.5,3.24,6,0,False,오전(6-11),원활,1.18
2017-04-17 06:20:00,90,60,30,0,60.9,3.07,6,0,False,오전(6-11),원활,0.0
2017-04-17 06:25:00,108,67,40,1,54.8,3.92,6,0,False,오전(6-11),원활,0.93
2017-04-17 06:30:00,139,79,57,3,53.1,5.26,6,0,False,오전(6-11),원활,2.16
2017-04-17 06:35:00,152,93,58,1,55.3,5.91,6,0,False,오전(6-11),혼잡,0.66
2017-04-17 06:40:00,140,93,45,2,56.5,5.17,6,0,False,오전(6-11),원활,1.43
2017-04-17 06:45:00,139,80,56,3,52.6,5.56,6,0,False,오전(6-11),혼잡,2.16
2017-04-17 06:50:00,133,84,49,0,49.9,5.61,6,0,False,오전(6-11),혼잡,0.0
2017-04-17 06:55:00,130,71,58,1,48.3,6.07,6,0,False,오전(6-11),혼잡,0.77
2017-04-17 07:00:00,144,90,48,6,52.2,5.7,7,0,False,오전(6-11),혼잡,4.17
2017-04-17 07:05:00,181,115,64,2,51.2,7.33,7,0,False,오전(6-11),혼잡,1.1
2017-04-17 07:10:00,206,124,80,2,45.3,10.75,7,0,False,오전(6-11),혼잡,0.97
2017-04-17 07:15:00,212,135,74,3,45.3,10.44,7,0,False,오전(6-11),혼잡,1.42
2017-04-17 07:20:00,207,125,78,4,38.5,11.35,7,0,False,오전(6-11),혼잡,1.93
2017-04-17 07:25:00,221,133,85,3,39.5,12.31,7,0,False,오전(6-11),혼잡,1.36
2017-04-17 07:30:00,258,171,83,4,38.2,14.76,7,0,False,오전(6-11),혼잡,1.55
2017-04-17 07:35:00,292,187,102,3,38.7,16.64,7,0,False,오전(6-11),혼잡,1.03
2017-04-17 07:40:00,247,170,76,1,38.9,13.18,7,0,False,오전(6-11),혼잡,0.4
2017-04-17 07:45:00,244,186,57,1,43.7,11.22,7,0,False,오전(6-11),혼잡,0.41
2017-04-17 07:50:00,263,184,79,0,44.8,11.59,7,0,False,오전(6-11),혼잡,0.0
2017-04-17 07:55:00,287,190,96,1,42.9,12.59,7,0,False,오전(6-11),혼잡,0.35
2017-04-17 08:00:00,253,174,77,2,41.7,12.2,8,0,False,오전(6-11),혼잡,0.79
2017-04-17 08:05:00,234,160,73,1,39.7,11.78,8,0,False,오전(6-11),혼잡,0.43
2017-04-17 08:10:00,253,179,68,6,40.2,12.6,8,0,False,오전(6-11),혼잡,2.37
2017-04-17 08:15:00,292,212,78,2,40.4,14.29,8,0,False,오전(6-11),혼잡,0.68
2017-04-17 08:20:00,224,163,59,2,37.4,12.33,8,0,False,오전(6-11),혼잡,0.89
2017-04-17 08:25:00,179,130,46,3,30.2,28.54,8,0,False,오전(6-11),혼잡,1.68
2017-04-17 08:30:00,178,123,52,3,24.7,49.74,8,0,False,오전(6-11),혼잡,1.69
2017-04-17 08:35:00,224,154,65,5,33.2,47.14,8,0,False,오전(6-11),혼잡,2.23
2017-04-17 08:40:00,232,165,65,2,31.2,22.69,8,0,False,오전(6-11),혼잡,0.86
2017-04-17 08:45:00,202,150,52,0,32.5,13.61,8,0,False,오전(6-11),혼잡,0.0
2017-04-17 08:50:00,165,117,47,1,42.3,7.97,8,0,False,오전(6-11),혼잡,0.61
2017-04-17 08:55:00,201,143,53,5,41.0,11.73,8,0,False,오전(6-11),혼잡,2.49
2017-04-17 09:00:00,196,144,51,1,44.3,8.94,9,0,False,오전(6-11),혼잡,0.51
2017-04-17 09:05:00,153,102,49,2,46.2,7.11,9,0,False,오전(6-11),혼잡,1.31
2017-04-17 09:10:00,141,92,48,1,47.3,5.89,9,0,False,오전(6-11),혼잡,0.71
2017-04-17 09:15:00,164,107,53,4,50.7,6.66,9,0,False,오전(6-11),혼잡,2.44
2017-04-17 09:20:00,179,130,47,2,49.3,7.79,9,0,False,오전(6-11),혼잡,1.12
2017-04-17 09:25:00,189,125,61,3,47.2,7.66,9,0,False,오전(6-11),혼잡,1.59
2017-04-17 09:30:00,147,100,47,0,44.8,7.1,9,0,False,오전(6-11),혼잡,0.0
2017-04-17 09:35:00,161,122,38,1,48.7,6.89,9,0,False,오전(6-11),혼잡,0.62
2017-04-17 09:40:00,136,93,43,0,45.1,5.95,9,0,False,오전(6-11),혼잡,0.0
2017-04-17 09:45:00,163,109,53,1,41.4,8.49,9,0,False,오전(6-11),혼잡,0.61
2017-04-17 09:50:00,171,113,57,1,43.9,8.43,9,0,False,오전(6-11),혼잡,0.58
2017-04-17 09:55:00,187,122,61,4,41.3,10.55,9,0,False,오전(6-11),혼잡,2.14
2017-04-17 10:00:00,132,64,67,1,48.5,6.36,10,0,False,오전(6-11),혼잡,0.76
2017-04-17 10:05:00,134,79,54,1,45.3,6.12,10,0,False,오전(6-11),혼잡,0.75
2017-04-17 10:10:00,113,60,53,0,45.1,4.97,10,0,False,오전(6-11),원활,0.0
2017-04-17 10:15:00,127,58,66,3,45.3,6.38,10,0,False,오전(6-11),혼잡,2.36
2017-04-17 10:20:00,105,65,38,2,50.4,4.31,10,0,False,오전(6-11),원활,1.9
2017-04-17 10:25:00,129,79,50,0,45.7,5.95,10,0,False,오전(6-11),혼잡,0.0
2017-04-17 10:30:00,129,69,59,1,45.2,6.01,10,0,False,오전(6-11),혼잡,0.78
2017-04-17 10:35:00,125,68,56,1,48.1,5.26,10,0,False,오전(6-11),원활,0.8
2017-04-17 10:40:00,124,75,49,0,48.1,5.75,10,0,False,오전(6-11),혼잡,0.0
2017-04-17 10:45:00,144,82,61,1,44.3,7.53,10,0,False,오전(6-11),혼잡,0.69
2017-04-17 10:50:00,146,94,51,1,41.8,7.14,10,0,False,오전(6-11),혼잡,0.68
2017-04-17 10:55:00,135,84,51,0,44.9,6.03,10,0,False,오전(6-11),혼잡,0.0
2017-04-17 11:00:00,106,75,30,1,49.8,4.66,11,0,False,오전(6-11),원활,0.94
2017-04-17 11:05:00,109,63,45,1,43.8,5.09,11,0,False,오전(6-11),원활,0.92
2017-04-17 11:10:00,131,85,45,1,46.5,5.96,11,0,False,오전(6-11),혼잡,0.76
2017-04-17 11:15:00,150,102,46,2,45.9,6.4,11,0,False,오전(6-11),혼잡,1.33
2017-04-17 11:20:00,142,91,51,0,46.4,6.11,11,0,False,오전(6-11),혼잡,0.0
2017-04-17 11:25:00,160,111,47,2,46.8,7.27,11,0,False,오전(6-11),혼잡,1.25
2017-04-17 11:30:00,141,98,41,2,42.0,6.87,11,0,False,오전(6-11),혼잡,1.42
2017-04-17 11:35:00,144,95,49,0,41.4,6.96,11,0,False,오전(6-11),혼잡,0.0
2017-04-17 11:40:00,137,105,32,0,44.7,5.9,11,0,False,오전(6-11),혼잡,0.0
2017-04-17 11:45:00,159,110,46,3,44.7,7.73,11,0,False,오전(6-11),혼잡,1.89
2017-04-17 11:50:00,160,110,50,0,40.0,9.3,11,0,False,오전(6-11),혼잡,0.0
2017-04-17 11:55:00,165,121,40,4,36.1,17.96,11,0,False,오전(6-11),혼잡,2.42
2017-04-17 12:00:00,143,93,48,2,43.3,6.67,12,0,False,오후(12-17),혼잡,1.4
2017-04-17 12:05:00,147,110,33,4,39.1,9.49,12,0,False,오후(12-17),혼잡,2.72
2017-04-17 12:10:00,139,110,29,0,45.1,6.08,12,0,False,오후(12-17),혼잡,0.0
2017-04-17 12:15:00,114,76,37,1,47.1,5.21,12,0,False,오후(12-17),원활,0.88
2017-04-17 12:20:00,112,92,19,1,44.8,5.12,12,0,False,오후(12-17),원활,0.89
2017-04-17 12:25:00,137,99,37,1,45.3,5.99,12,0,False,오후(12-17),혼잡,0.73
2017-04-17 12:30:00,138,108,29,1,44.6,6.23,12,0,False,오후(12-17),혼잡,0.72
2017-04-17 12:35:00,141,88,50,3,45.6,6.54,12,0,False,오후(12-17),혼잡,2.13
2017-04-17 12:40:00,153,119,34,0,46.0,7.25,12,0,False,오후(12-17),혼잡,0.0
2017-04-17 12:45:00,74,52,20,2,41.5,5.18,12,0,False,오후(12-17),원활,2.7
2017-04-17 12:50:00,136,111,25,0,45.3,6.32,12,0,False,오후(12-17),혼잡,0.0
2017-04-17 12:55:00,127,103,21,3,46.5,5.87,12,0,False,오후(12-17),혼잡,2.36
2017-04-17 13:00:00,116,84,30,2,48.0,5.26,13,0,False,오후(12-17),원활,1.72
2017-04-17 13:05:00,113,95,18,0,46.1,4.91,13,0,False,오후(12-17),원활,0.0
2017-04-17 13:10:00,104,75,29,0,47.6,4.41,13,0,False,오후(12-17),원활,0.0
2017-04-17 13:15:00,145,118,25,2,47.3,6.95,13,0,False,오후(12-17),혼잡,1.38
2017-04-17 13:20:00,139,116,22,1,46.8,6.27,13,0,False,오후(12-17),혼잡,0.72
2017-04-17 13:25:00,152,122,29,1,42.3,7.64,13,0,False,오후(12-17),혼잡,0.66
2017-04-17 13:30:00,126,103,23,0,45.0,5.52,13,0,False,오후(12-17),원활,0.0
2017-04-17 13:35:00,132,105,27,0,48.0,5.95,13,0,False,오후(12-17),혼잡,0.0
2017-04-17 13:40:00,111,90,21,0,45.6,5.14,13,0,False,오후(12-17),원활,0.0
2017-04-17 13:45:00,149,105,40,4,44.6,6.63,13,0,False,오후(12-17),혼잡,2.68
2017-04-17 13:50:00,153,116,37,0,40.1,7.86,13,0,False,오후(12-17),혼잡,0.0
2017-04-17 13:55:00,162,122,39,1,42.1,8.32,13,0,False,오후(12-17),혼잡,0.62
2017-04-17 14:00:00,135,103,26,6,46.9,5.83,14,0,False,오후(12-17),혼잡,4.44
2017-04-17 14:05:00,134,113,20,1,47.6,5.99,14,0,False,오후(12-17),혼잡,0.75
2017-04-17 14:10:00,125,105,19,1,44.0,5.64,14,0,False,오후(12-17),혼잡,0.8
2017-04-17 14:15:00,123,97,26,0,47.4,6.0,14,0,False,오후(12-17),혼잡,0.0
2017-04-17 14:20:00,107,89,18,0,45.3,4.88,14,0,False,오후(12-17),원활,0.0
2017-04-17 14:25:00,134,103,31,0,43.5,6.43,14,0,False,오후(12-17),혼잡,0.0
2017-04-17 14:30:00,129,97,28,4,44.4,6.25,14,0,False,오후(12-17),혼잡,3.1
2017-04-17 14:35:00,137,103,32,2,46.8,6.6,14,0,False,오후(12-17),혼잡,1.46
2017-04-17 14:40:00,139,113,25,1,45.8,6.04,14,0,False,오후(12-17),혼잡,0.72
2017-04-17 14:45:00,131,91,38,2,47.5,6.11,14,0,False,오후(12-17),혼잡,1.53
2017-04-17 14:50:00,119,98,18,3,45.4,5.24,14,0,False,오후(12-17),원활,2.52
2017-04-17 14:55:00,126,99,26,1,47.8,5.99,14,0,False,오후(12-17),혼잡,0.79
2017-04-17 15:00:00,99,77,21,1,49.0,4.33,15,0,False,오후(12-17),원활,1.01
2017-04-17 15:05:00,114,91,21,2,44.5,5.45,15,0,False,오후(12-17),원활,1.75
2017-04-17 15:10:00,129,106,23,0,47.6,5.71,15,0,False,오후(12-17),혼잡,0.0
2017-04-17 15:15:00,151,123,27,1,43.0,7.74,15,0,False,오후(12-17),혼잡,0.66
2017-04-17 15:20:00,156,119,35,2,43.6,7.79,15,0,False,오후(12-17),혼잡,1.28
2017-04-17 15:25:00,136,116,18,2,47.6,5.69,15,0,False,오후(12-17),혼잡,1.47
2017-04-17 15:30:00,115,86,29,0,47.5,5.18,15,0,False,오후(12-17),원활,0.0
2017-04-17 15:35:00,137,102,33,2,46.1,6.59,15,0,False,오후(12-17),혼잡,1.46
2017-04-17 15:40:00,116,91,25,0,46.8,5.23,15,0,False,오후(12-17),원활,0.0
2017-04-17 15:45:00,109,90,19,0,46.6,4.93,15,0,False,오후(12-17),원활,0.0
2017-04-17 15:50:00,110,91,19,0,50.9,4.52,15,0,False,오후(12-17),원활,0.0
2017-04-17 15:55:00,130,97,31,2,48.5,5.62,15,0,False,오후(12-17),혼잡,1.54
2017-04-17 16:00:00,128,101,24,3,52.5,5.15,16,0,False,오후(12-17),원활,2.34
2017-04-17 16:05:00,148,115,29,4,46.5,6.67,16,0,False,오후(12-17),혼잡,2.7
2017-04-17 16:10:00,130,101,29,0,47.0,5.72,16,0,False,오후(12-17),혼잡,0.0
2017-04-17 16:15:00,131,97,32,2,50.5,5.72,16,0,False,오후(12-17),혼잡,1.53
2017-04-17 16:20:00,121,104,15,2,45.8,5.41,16,0,False,오후(12-17),원활,1.65
2017-04-17 16:25:00,122,101,21,0,47.2,5.74,16,0,False,오후(12-17),혼잡,0.0
2017-04-17 16:30:00,152,128,23,1,47.3,6.55,16,0,False,오후(12-17),혼잡,0.66
2017-04-17 16:35:00,130,96,30,4,49.8,5.73,16,0,False,오후(12-17),혼잡,3.08
2017-04-17 16:40:00,147,121,23,3,50.3,6.08,16,0,False,오후(12-17),혼잡,2.04
2017-04-17 16:45:00,155,127,27,1,48.4,6.82,16,0,False,오후(12-17),혼잡,0.65
2017-04-17 16:50:00,123,100,22,1,50.4,5.22,16,0,False,오후(12-17),원활,0.81
2017-04-17 16:55:00,145,122,23,0,48.1,5.94,16,0,False,오후(12-17),혼잡,0.0
2017-04-17 17:00:00,121,103,17,1,50.9,5.08,17,0,False,오후(12-17),원활,0.83
2017-04-17 17:05:00,156,134,22,0,49.4,6.66,17,0,False,오후(12-17),혼잡,0.0
2017-04-17 17:10:00,150,116,32,2,43.1,6.94,17,0,False,오후(12-17),혼잡,1.33
2017-04-17 17:15:00,137,112,24,1,48.7,5.85,17,0,False,오후(12-17),혼잡,0.73
2017-04-17 17:20:00,164,131,28,5,51.9,6.41,17,0,False,오후(12-17),혼잡,3.05
2017-04-17 17:25:00,138,113,23,2,49.6,5.69,17,0,False,오후(12-17),혼잡,1.45
2017-04-17 17:30:00,138,110,24,4,51.0,5.4,17,0,False,오후(12-17),원활,2.9
2017-04-17 17:35:00,138,104,33,1,46.5,6.22,17,0,False,오후(12-17),혼잡,0.72
2017-04-17 17:40:00,164,134,28,2,45.5,7.25,17,0,False,오후(12-17),혼잡,1.22
2017-04-17 17:45:00,186,148,35,3,46.0,7.76,17,0,False,오후(12-17),혼잡,1.61
2017-04-17 17:50:00,131,98,32,1,46.9,5.8,17,0,False,오후(12-17),혼잡,0.76
2017-04-17 17:55:00,144,109,33,2,45.5,6.82,17,0,False,오후(12-17),혼잡,1.39
2017-04-17 18:00:00,137,106,26,5,50.1,5.31,18,0,False,저녁(18-23),원활,3.65
2017-04-17 18:05:00,162,125,37,0,47.1,6.72,18,0,False,저녁(18-23),혼잡,0.0
2017-04-17 18:10:00,208,162,46,0,41.6,9.32,18,0,False,저녁(18-23),혼잡,0.0
2017-04-17 18:15:00,168,127,40,1,44.4,7.19,18,0,False,저녁(18-23),혼잡,0.6
2017-04-17 18:20:00,198,156,40,2,36.9,9.87,18,0,False,저녁(18-23),혼잡,1.01
2017-04-17 18:25:00,212,153,56,3,45.1,9.4,18,0,False,저녁(18-23),혼잡,1.42
2017-04-17 18:30:00,180,149,29,2,40.8,10.27,18,0,False,저녁(18-23),혼잡,1.11
2017-04-17 18:35:00,165,119,44,2,38.6,8.27,18,0,False,저녁(18-23),혼잡,1.21
2017-04-17 18:40:00,157,123,33,1,39.8,7.41,18,0,False,저녁(18-23),혼잡,0.64
2017-04-17 18:45:00,185,132,51,2,43.4,8.41,18,0,False,저녁(18-23),혼잡,1.08
2017-04-17 18:50:00,175,129,40,6,44.8,7.76,18,0,False,저녁(18-23),혼잡,3.43
2017-04-17 18:55:00,142,116,23,3,42.3,6.47,18,0,False,저녁(18-23),혼잡,2.11
2017-04-17 19:00:00,136,104,30,2,43.0,6.21,19,0,False,저녁(18-23),혼잡,1.47
2017-04-17 19:05:00,166,135,27,4,46.3,7.08,19,0,False,저녁(18-23),혼잡,2.41
2017-04-17 19:10:00,128,96,31,1,45.1,5.78,19,0,False,저녁(18-23),혼잡,0.78
2017-04-17 19:15:00,165,142,23,0,44.6,8.14,19,0,False,저녁(18-23),혼잡,0.0
2017-04-17 19:20:00,90,66,21,3,47.6,4.25,19,0,False,저녁(18-23),원활,3.33
2017-04-17 19:25:00,146,120,26,0,43.5,6.47,19,0,False,저녁(18-23),혼잡,0.0
2017-04-17 19:30:00,160,136,24,0,43.3,8.75,19,0,False,저녁(18-23),혼잡,0.0
2017-04-17 19:35:00,125,100,25,0,43.9,6.4,19,0,False,저녁(18-23),혼잡,0.0
2017-04-17 19:40:00,119,101,18,0,44.5,6.95,19,0,False,저녁(18-23),혼잡,0.0
2017-04-17 19:45:00,89,69,19,1,52.4,7.82,19,0,False,저녁(18-23),혼잡,1.12
2017-04-17 19:50:00,130,109,21,0,44.1,6.47,19,0,False,저녁(18-23),혼잡,0.0
2017-04-17 19:55:00,121,104,15,2,47.9,5.06,19,0,False,저녁(18-23),원활,1.65
2017-04-17 20:00:00,93,79,13,1,46.7,4.45,20,0,False,저녁(18-23),원활,1.08
2017-04-17 20:05:00,94,71,23,0,52.3,4.1,20,0,False,저녁(18-23),원활,0.0
2017-04-17 20:10:00,131,109,21,1,46.2,5.96,20,0,False,저녁(18-23),혼잡,0.76
2017-04-17 20:15:00,128,103,23,2,49.5,5.56,20,0,False,저녁(18-23),혼잡,1.56
2017-04-17 20:20:00,90,72,18,0,47.2,4.51,20,0,False,저녁(18-23),원활,0.0
2017-04-17 20:25:00,93,77,15,1,48.8,4.31,20,0,False,저녁(18-23),원활,1.08
2017-04-17 20:30:00,94,75,18,1,54.0,4.11,20,0,False,저녁(18-23),원활,1.06
2017-04-17 20:35:00,103,83,19,1,48.4,5.86,20,0,False,저녁(18-23),혼잡,0.97
2017-04-17 20:40:00,102,81,21,0,48.6,5.27,20,0,False,저녁(18-23),원활,0.0
2017-04-17 20:45:00,85,68,17,0,46.9,6.33,20,0,False,저녁(18-23),혼잡,0.0
2017-04-17 20:50:00,95,76,19,0,47.8,4.69,20,0,False,저녁(18-23),원활,0.0
2017-04-17 20:55:00,114,93,21,0,48.1,5.07,20,0,False,저녁(18-23),원활,0.0
2017-04-17 21:00:00,111,90,21,0,47.4,5.25,21,0,False,저녁(18-23),원활,0.0
2017-04-17 21:05:00,87,69,18,0,46.4,4.38,21,0,False,저녁(18-23),원활,0.0
2017-04-17 21:10:00,63,50,13,0,48.8,2.94,21,0,False,저녁(18-23),원활,0.0
2017-04-17 21:15:00,113,103,10,0,44.3,5.44,21,0,False,저녁(18-23),원활,0.0
2017-04-17 21:20:00,96,77,18,1,44.1,4.61,21,0,False,저녁(18-23),원활,1.04
2017-04-17 21:25:00,119,100,19,0,48.0,6.51,21,0,False,저녁(18-23),혼잡,0.0
2017-04-17 21:30:00,87,71,16,0,48.9,3.66,21,0,False,저녁(18-23),원활,0.0
2017-04-17 21:35:00,90,77,11,2,52.5,4.43,21,0,False,저녁(18-23),원활,2.22
2017-04-17 21:40:00,95,71,23,1,47.8,5.03,21,0,False,저녁(18-23),원활,1.05
2017-04-17 21:45:00,76,64,12,0,47.6,4.19,21,0,False,저녁(18-23),원활,0.0
2017-04-17 21:50:00,84,65,19,0,47.8,3.94,21,0,False,저녁(18-23),원활,0.0
2017-04-17 21:55:00,89,76,12,1,46.6,4.52,21,0,False,저녁(18-23),원활,1.12
2017-04-17 22:00:00,102,86,16,0,46.8,4.65,22,0,False,저녁(18-23),원활,0.0
2017-04-17 22:05:00,92,73,18,1,48.7,4.28,22,0,False,저녁(18-23),원활,1.09
2017-04-17 22:10:00,99,85,14,0,47.4,4.35,22,0,False,저녁(18-23),원활,0.0
2017-04-17 22:15:00,101,74,25,2,46.3,4.92,22,0,False,저녁(18-23),원활,1.98
2017-04-17 22:20:00,87,73,14,0,46.0,4.89,22,0,False,저녁(18-23),원활,0.0
2017-04-17 22:25:00,73,60,13,0,47.3,3.5,22,0,False,저녁(18-23),원활,0.0
2017-04-17 22:30:00,63,45,17,1,48.2,2.85,22,0,False,저녁(18-23),원활,1.59
2017-04-17 22:35:00,75,60,15,0,50.3,3.62,22,0,False,저녁(18-23),원활,0.0
2017-04-17 22:40:00,88,67,19,2,49.2,3.97,22,0,False,저녁(18-23),원활,2.27
2017-04-17 22:45:00,79,61,17,1,51.7,3.6,22,0,False,저녁(18-23),원활,1.27
2017-04-17 22:50:00,59,45,13,1,47.6,2.77,22,0,False,저녁(18-23),원활,1.69
2017-04-17 22:55:00,83,72,11,0,52.0,3.49,22,0,False,저녁(18-23),원활,0.0
2017-04-17 23:00:00,54,45,9,0,52.4,2.51,23,0,False,저녁(18-23),원활,0.0
2017-04-17 23:05:00,55,44,11,0,52.6,2.51,23,0,False,저녁(18-23),원활,0.0
2017-04-17 23:10:00,51,39,11,1,53.4,2.18,23,0,False,저녁(18-23),원활,1.96
2017-04-17 23:15:00,62,51,11,0,50.1,2.7,23,0,False,저녁(18-23),원활,0.0
2017-04-17 23:20:00,71,55,16,0,51.3,3.06,23,0,False,저녁(18-23),원활,0.0
2017-04-17 23:25:00,60,48,12,0,51.9,2.63,23,0,False,저녁(18-23),원활,0.0
2017-04-17 23:30:00,42,30,12,0,58.7,1.83,23,0,False,저녁(18-23),원활,0.0
2017-04-17 23:35:00,39,30,9,0,56.0,1.72,23,0,False,저녁(18-23),원활,0.0
2017-04-17 23:40:00,41,34,7,0,55.9,1.94,23,0,False,저녁(18-23),원활,0.0
2017-04-17 23:45:00,40,28,12,0,54.6,1.55,23,0,False,저녁(18-23),원활,0.0
2017-04-17 23:50:00,36,26,10,0,50.9,1.38,23,0,False,저녁(18-23),원활,0.0
2017-04-17 23:55:00,26,21,5,0,58.6,0.97,23,0,False,저녁(18-23),원활,0.0
2017-04-18 00:00:00,51,42,9,0,54.4,1.97,0,1,False,새벽(0-5),원활,0.0
2017-04-18 00:05:00,39,21,18,0,56.2,1.56,0,1,False,새벽(0-5),원활,0.0
2017-04-18 00:10:00,41,32,9,0,55.4,1.85,0,1,False,새벽(0-5),원활,0.0
2017-04-18 00:15:00,29,21,8,0,54.6,1.06,0,1,False,새벽(0-5),원활,0.0
2017-04-18 00:20:00,26,18,8,0,58.3,0.91,0,1,False,새벽(0-5),원활,0.0
2017-04-18 00:25:00,31,25,6,0,55.4,1.25,0,1,False,새벽(0-5),원활,0.0
2017-04-18 00:30:00,33,24,9,0,60.5,1.24,0,1,False,새벽(0-5),원활,0.0
2017-04-18 00:35:00,28,20,8,0,58.5,1.11,0,1,False,새벽(0-5),원활,0.0
2017-04-18 00:40:00,29,20,9,0,55.5,1.15,0,1,False,새벽(0-5),원활,0.0
2017-04-18 00:45:00,27,21,6,0,55.7,1.07,0,1,False,새벽(0-5),원활,0.0
2017-04-18 00:50:00,21,15,6,0,60.5,1.02,0,1,False,새벽(0-5),원활,0.0
2017-04-18 00:55:00,25,18,7,0,61.9,0.94,0,1,False,새벽(0-5),원활,0.0
2017-04-18 01:00:00,21,15,6,0,50.2,0.86,1,1,False,새벽(0-5),원활,0.0
2017-04-18 01:05:00,20,11,8,1,68.3,0.74,1,1,False,새벽(0-5),원활,5.0
2017-04-18 01:10:00,31,21,9,1,64.1,1.22,1,1,False,새벽(0-5),원활,3.23
2017-04-18 01:15:00,15,13,2,0,57.0,0.62,1,1,False,새벽(0-5),원활,0.0
2017-04-18 01:20:00,23,17,6,0,60.1,0.92,1,1,False,새벽(0-5),원활,0.0
2017-04-18 01:25:00,17,13,4,0,55.9,0.68,1,1,False,새벽(0-5),원활,0.0
2017-04-18 01:30:00,15,13,2,0,60.7,0.6,1,1,False,새벽(0-5),원활,0.0
2017-04-18 01:35:00,13,8,5,0,53.1,0.64,1,1,False,새벽(0-5),원활,0.0
2017-04-18 01:40:00,17,10,7,0,62.9,1.05,1,1,False,새벽(0-5),원활,0.0
2017-04-18 01:45:00,17,13,4,0,57.8,0.76,1,1,False,새벽(0-5),원활,0.0
2017-04-18 01:50:00,20,13,7,0,56.4,0.72,1,1,False,새벽(0-5),원활,0.0
2017-04-18 01:55:00,16,15,1,0,58.3,0.62,1,1,False,새벽(0-5),원활,0.0
2017-04-18 02:00:00,20,12,8,0,66.3,0.73,2,1,False,새벽(0-5),원활,0.0
2017-04-18 02:05:00,24,15,9,0,56.6,0.88,2,1,False,새벽(0-5),원활,0.0
2017-04-18 02:10:00,15,13,2,0,52.1,0.5,2,1,False,새벽(0-5),원활,0.0
2017-04-18 02:15:00,12,12,0,0,67.3,0.5,2,1,False,새벽(0-5),원활,0.0
2017-04-18 02:20:00,17,9,7,1,68.8,0.72,2,1,False,새벽(0-5),원활,5.88
2017-04-18 02:25:00,20,16,4,0,54.8,0.86,2,1,False,새벽(0-5),원활,0.0
2017-04-18 02:30:00,10,7,1,2,62.5,0.38,2,1,False,새벽(0-5),원활,20.0
2017-04-18 02:35:00,14,8,6,0,59.1,0.57,2,1,False,새벽(0-5),원활,0.0
2017-04-18 02:40:00,12,8,3,1,51.3,0.53,2,1,False,새벽(0-5),원활,8.33
2017-04-18 02:45:00,9,4,5,0,60.9,0.32,2,1,False,새벽(0-5),원활,0.0
2017-04-18 02:50:00,9,8,1,0,60.3,0.42,2,1,False,새벽(0-5),원활,0.0
2017-04-18 02:55:00,16,9,5,2,61.2,1.42,2,1,False,새벽(0-5),원활,12.5
2017-04-18 03:00:00,10,3,7,0,56.6,0.5,3,1,False,새벽(0-5),원활,0.0
2017-04-18 03:05:00,15,11,4,0,64.0,1.11,3,1,False,새벽(0-5),원활,0.0
2017-04-18 03:10:00,11,8,3,0,65.4,0.51,3,1,False,새벽(0-5),원활,0.0
2017-04-18 03:15:00,161,154,4,3,47.7,6.88,3,1,False,새벽(0-5),혼잡,1.86
2017-04-18 03:20:00,9,5,4,0,55.5,0.4,3,1,False,새벽(0-5),원활,0.0
2017-04-18 03:25:00,15,10,5,0,56.9,0.61,3,1,False,새벽(0-5),원활,0.0
2017-04-18 03:30:00,18,15,3,0,55.0,0.83,3,1,False,새벽(0-5),원활,0.0
2017-04-18 03:35:00,15,9,6,0,58.8,0.61,3,1,False,새벽(0-5),원활,0.0
2017-04-18 03:40:00,10,8,2,0,53.9,0.48,3,1,False,새벽(0-5),원활,0.0
2017-04-18 03:45:00,16,12,3,1,57.4,0.67,3,1,False,새벽(0-5),원활,6.25
2017-04-18 03:50:00,13,9,4,0,51.8,0.58,3,1,False,새벽(0-5),원활,0.0
2017-04-18 03:55:00,16,13,3,0,57.6,0.8,3,1,False,새벽(0-5),원활,0.0
2017-04-18 04:00:00,11,6,5,0,66.3,0.43,4,1,False,새벽(0-5),원활,0.0
2017-04-18 04:05:00,10,8,2,0,59.6,0.44,4,1,False,새벽(0-5),원활,0.0
2017-04-18 04:10:00,12,6,6,0,59.9,0.57,4,1,False,새벽(0-5),원활,0.0
2017-04-18 04:15:00,11,6,5,0,49.0,0.69,4,1,False,새벽(0-5),원활,0.0
2017-04-18 04:20:00,14,7,7,0,59.0,0.64,4,1,False,새벽(0-5),원활,0.0
2017-04-18 04:25:00,16,10,6,0,65.8,0.78,4,1,False,새벽(0-5),원활,0.0
2017-04-18 04:30:00,12,5,7,0,63.6,0.56,4,1,False,새벽(0-5),원활,0.0
2017-04-18 04:35:00,18,12,6,0,60.3,0.81,4,1,False,새벽(0-5),원활,0.0
2017-04-18 04:40:00,20,16,4,0,57.3,0.8,4,1,False,새벽(0-5),원활,0.0
2017-04-18 04:45:00,24,17,7,0,56.9,1.01,4,1,False,새벽(0-5),원활,0.0
2017-04-18 04:50:00,17,13,4,0,59.9,0.79,4,1,False,새벽(0-5),원활,0.0
2017-04-18 04:55:00,25,18,6,1,62.8,1.01,4,1,False,새벽(0-5),원활,4.0
2017-04-18 05:00:00,21,16,5,0,57.9,0.85,5,1,False,새벽(0-5),원활,0.0
2017-04-18 05:05:00,24,19,5,0,67.0,0.98,5,1,False,새벽(0-5),원활,0.0
2017-04-18 05:10:00,28,22,6,0,59.2,1.25,5,1,False,새벽(0-5),원활,0.0
2017-04-18 05:15:00,41,31,10,0,55.2,2.09,5,1,False,새벽(0-5),원활,0.0
2017-04-18 05:20:00,52,39,13,0,57.6,2.6,5,1,False,새벽(0-5),원활,0.0
2017-04-18 05:25:00,50,35,13,2,56.9,2.05,5,1,False,새벽(0-5),원활,4.0
2017-04-18 05:30:00,38,26,11,1,54.8,1.7,5,1,False,새벽(0-5),원활,2.63
2017-04-18 05:35:00,50,40,10,0,52.8,2.12,5,1,False,새벽(0-5),원활,0.0
2017-04-18 05:40:00,51,36,13,2,51.6,2.16,5,1,False,새벽(0-5),원활,3.92
2017-04-18 05:45:00,47,37,10,0,61.7,1.68,5,1,False,새벽(0-5),원활,0.0
2017-04-18 05:50:00,61,49,12,0,64.2,2.22,5,1,False,새벽(0-5),원활,0.0
2017-04-18 05:55:00,76,62,13,1,57.1,2.93,5,1,False,새벽(0-5),원활,1.32
2017-04-18 06:00:00,77,55,22,0,57.0,2.97,6,1,False,오전(6-11),원활,0.0
2017-04-18 06:05:00,85,56,27,2,64.2,2.86,6,1,False,오전(6-11),원활,2.35
2017-04-18 06:10:00,83,55,28,0,56.2,3.04,6,1,False,오전(6-11),원활,0.0
2017-04-18 06:15:00,82,53,28,1,59.5,3.26,6,1,False,오전(6-11),원활,1.22
2017-04-18 06:20:00,83,60,22,1,58.1,2.79,6,1,False,오전(6-11),원활,1.2
2017-04-18 06:25:00,104,81,23,0,53.8,3.93,6,1,False,오전(6-11),원활,0.0
2017-04-18 06:30:00,111,98,12,1,57.6,3.88,6,1,False,오전(6-11),원활,0.9
2017-04-18 06:35:00,110,73,36,1,58.9,4.44,6,1,False,오전(6-11),원활,0.91
2017-04-18 06:40:00,108,77,31,0,59.7,3.89,6,1,False,오전(6-11),원활,0.0
2017-04-18 06:45:00,130,94,34,2,55.5,4.95,6,1,False,오전(6-11),원활,1.54
2017-04-18 06:50:00,112,87,25,0,53.1,4.43,6,1,False,오전(6-11),원활,0.0
2017-04-18 06:55:00,105,79,25,1,55.9,4.19,6,1,False,오전(6-11),원활,0.95
2017-04-18 07:00:00,128,94,32,2,48.5,5.34,7,1,False,오전(6-11),원활,1.56
2017-04-18 07:05:00,150,110,39,1,49.8,7.47,7,1,False,오전(6-11),혼잡,0.67
2017-04-18 07:10:00,188,144,42,2,52.1,7.45,7,1,False,오전(6-11),혼잡,1.06
2017-04-18 07:15:00,218,152,64,2,49.1,10.17,7,1,False,오전(6-11),혼잡,0.92
2017-04-18 07:20:00,207,156,50,1,39.2,11.21,7,1,False,오전(6-11),혼잡,0.48
2017-04-18 07:25:00,197,162,34,1,42.0,9.66,7,1,False,오전(6-11),혼잡,0.51
2017-04-18 07:30:00,250,203,46,1,41.3,12.73,7,1,False,오전(6-11),혼잡,0.4
2017-04-18 07:35:00,289,240,45,4,46.9,12.06,7,1,False,오전(6-11),혼잡,1.38
2017-04-18 07:40:00,230,191,39,0,42.9,9.95,7,1,False,오전(6-11),혼잡,0.0
2017-04-18 07:45:00,231,185,44,2,43.6,10.46,7,1,False,오전(6-11),혼잡,0.87
2017-04-18 07:50:00,256,217,39,0,47.5,10.77,7,1,False,오전(6-11),혼잡,0.0
2017-04-18 07:55:00,295,240,55,0,42.9,13.98,7,1,False,오전(6-11),혼잡,0.0
2017-04-18 08:00:00,252,197,55,0,44.2,11.07,8,1,False,오전(6-11),혼잡,0.0
2017-04-18 08:05:00,233,183,48,2,43.5,10.69,8,1,False,오전(6-11),혼잡,0.86
2017-04-18 08:10:00,254,207,46,1,43.2,11.32,8,1,False,오전(6-11),혼잡,0.39
2017-04-18 08:15:00,287,235,44,8,39.4,16.89,8,1,False,오전(6-11),혼잡,2.79
2017-04-18 08:20:00,252,191,57,4,39.2,12.72,8,1,False,오전(6-11),혼잡,1.59
2017-04-18 08:25:00,226,186,38,2,41.3,10.47,8,1,False,오전(6-11),혼잡,0.88
2017-04-18 08:30:00,200,166,30,4,40.0,25.17,8,1,False,오전(6-11),혼잡,2.0
2017-04-18 08:35:00,237,182,49,6,35.8,35.55,8,1,False,오전(6-11),혼잡,2.53
2017-04-18 08:40:00,246,197,44,5,37.4,14.68,8,1,False,오전(6-11),혼잡,2.03
2017-04-18 08:45:00,188,158,28,2,39.9,9.02,8,1,False,오전(6-11),혼잡,1.06
2017-04-18 08:50:00,170,140,30,0,45.0,7.73,8,1,False,오전(6-11),혼잡,0.0
2017-04-18 08:55:00,207,162,43,2,43.0,10.21,8,1,False,오전(6-11),혼잡,0.97
2017-04-18 09:00:00,196,147,46,3,47.9,8.15,9,1,False,오전(6-11),혼잡,1.53
2017-04-18 09:05:00,179,136,43,0,45.5,8.0,9,1,False,오전(6-11),혼잡,0.0
2017-04-18 09:10:00,148,101,45,2,48.2,6.36,9,1,False,오전(6-11),혼잡,1.35
2017-04-18 09:15:00,189,150,38,1,49.2,7.73,9,1,False,오전(6-11),혼잡,0.53
2017-04-18 09:20:00,204,141,59,4,51.1,8.45,9,1,False,오전(6-11),혼잡,1.96
2017-04-18 09:25:00,182,130,49,3,47.0,8.1,9,1,False,오전(6-11),혼잡,1.65
2017-04-18 09:30:00,171,121,49,1,48.8,7.68,9,1,False,오전(6-11),혼잡,0.58
2017-04-18 09:35:00,150,102,45,3,46.7,6.55,9,1,False,오전(6-11),혼잡,2.0
2017-04-18 09:40:00,129,90,36,3,49.6,5.11,9,1,False,오전(6-11),원활,2.33
2017-04-18 09:45:00,185,128,56,1,42.9,9.95,9,1,False,오전(6-11),혼잡,0.54
2017-04-18 09:50:00,158,102,54,2,47.2,7.26,9,1,False,오전(6-11),혼잡,1.27
2017-04-18 09:55:00,175,129,44,2,47.5,7.29,9,1,False,오전(6-11),혼잡,1.14
2017-04-18 10:00:00,151,118,32,1,51.1,5.98,10,1,False,오전(6-11),혼잡,0.66
2017-04-18 10:05:00,166,108,50,8,50.0,7.01,10,1,False,오전(6-11),혼잡,4.82
2017-04-18 10:10:00,155,106,49,0,45.8,6.84,10,1,False,오전(6-11),혼잡,0.0
2017-04-18 10:15:00,138,87,50,1,49.9,6.41,10,1,False,오전(6-11),혼잡,0.72
2017-04-18 10:20:00,124,84,39,1,52.2,4.93,10,1,False,오전(6-11),원활,0.81
2017-04-18 10:25:00,133,88,44,1,47.2,5.71,10,1,False,오전(6-11),혼잡,0.75
2017-04-18 10:30:00,153,97,55,1,49.4,6.82,10,1,False,오전(6-11),혼잡,0.65
2017-04-18 10:35:00,123,78,45,0,54.1,5.54,10,1,False,오전(6-11),원활,0.0
2017-04-18 10:40:00,132,96,35,1,53.3,5.22,10,1,False,오전(6-11),원활,0.76
2017-04-18 10:45:00,161,104,56,1,44.3,7.89,10,1,False,오전(6-11),혼잡,0.62
2017-04-18 10:50:00,161,109,52,0,47.3,7.33,10,1,False,오전(6-11),혼잡,0.0
2017-04-18 10:55:00,141,101,38,2,50.8,5.73,10,1,False,오전(6-11),혼잡,1.42
2017-04-18 11:00:00,114,76,36,2,53.0,4.44,11,1,False,오전(6-11),원활,1.75
2017-04-18 11:05:00,125,81,44,0,47.9,5.23,11,1,False,오전(6-11),원활,0.0
2017-04-18 11:10:00,121,90,31,0,51.4,4.84,11,1,False,오전(6-11),원활,0.0
2017-04-18 11:15:00,161,116,43,2,49.5,6.89,11,1,False,오전(6-11),혼잡,1.24
2017-04-18 11:20:00,131,93,36,2,51.0,5.24,11,1,False,오전(6-11),원활,1.53
2017-04-18 11:25:00,152,98,51,3,45.8,6.87,11,1,False,오전(6-11),혼잡,1.97
2017-04-18 11:30:00,165,111,53,1,45.8,7.62,11,1,False,오전(6-11),혼잡,0.61
2017-04-18 11:35:00,147,104,43,0,51.6,6.14,11,1,False,오전(6-11),혼잡,0.0
2017-04-18 11:40:00,135,91,44,0,49.3,5.45,11,1,False,오전(6-11),원활,0.0
2017-04-18 11:45:00,161,108,51,2,47.3,6.67,11,1,False,오전(6-11),혼잡,1.24
2017-04-18 11:50:00,169,114,54,1,46.6,8.58,11,1,False,오전(6-11),혼잡,0.59
2017-04-18 11:55:00,170,123,44,3,42.4,10.65,11,1,False,오전(6-11),혼잡,1.76
2017-04-18 12:00:00,144,102,42,0,48.4,6.25,12,1,False,오후(12-17),혼잡,0.0
2017-04-18 12:05:00,154,101,51,2,44.2,8.8,12,1,False,오후(12-17),혼잡,1.3
2017-04-18 12:10:00,110,71,39,0,49.3,4.42,12,1,False,오후(12-17),원활,0.0
2017-04-18 12:15:00,145,97,47,1,47.1,6.28,12,1,False,오후(12-17),혼잡,0.69
2017-04-18 12:20:00,107,62,40,5,48.0,4.52,12,1,False,오후(12-17),원활,4.67
2017-04-18 12:25:00,128,81,47,0,48.6,5.27,12,1,False,오후(12-17),원활,0.0
2017-04-18 12:30:00,101,76,21,4,51.4,3.83,12,1,False,오후(12-17),원활,3.96
2017-04-18 12:35:00,134,82,52,0,48.5,5.98,12,1,False,오후(12-17),혼잡,0.0
2017-04-18 12:40:00,152,102,49,1,49.3,6.28,12,1,False,오후(12-17),혼잡,0.66
2017-04-18 12:45:00,174,129,43,2,46.3,7.92,12,1,False,오후(12-17),혼잡,1.15
2017-04-18 12:50:00,131,86,41,4,47.2,5.36,12,1,False,오후(12-17),원활,3.05
2017-04-18 12:55:00,155,101,53,1,48.5,7.19,12,1,False,오후(12-17),혼잡,0.65
2017-04-18 13:00:00,119,83,35,1,51.0,4.83,13,1,False,오후(12-17),원활,0.84
2017-04-18 13:05:00,166,123,41,2,45.7,6.97,13,1,False,오후(12-17),혼잡,1.2
2017-04-18 13:10:00,160,111,49,0,46.2,8.62,13,1,False,오후(12-17),혼잡,0.0
2017-04-18 13:15:00,186,127,56,3,46.4,8.15,13,1,False,오후(12-17),혼잡,1.61
2017-04-18 13:20:00,167,129,37,1,50.5,6.51,13,1,False,오후(12-17),혼잡,0.6
2017-04-18 13:25:00,172,115,54,3,45.4,8.01,13,1,False,오후(12-17),혼잡,1.74
2017-04-18 13:30:00,159,110,49,0,43.6,7.13,13,1,False,오후(12-17),혼잡,0.0
2017-04-18 13:35:00,153,112,41,0,44.8,6.73,13,1,False,오후(12-17),혼잡,0.0
2017-04-18 13:40:00,114,97,17,0,46.7,5.07,13,1,False,오후(12-17),원활,0.0
2017-04-18 13:45:00,140,98,42,0,46.8,6.2,13,1,False,오후(12-17),혼잡,0.0
2017-04-18 13:50:00,136,100,34,2,51.9,5.1,13,1,False,오후(12-17),원활,1.47
2017-04-18 13:55:00,137,101,35,1,52.6,5.45,13,1,False,오후(12-17),원활,0.73
2017-04-18 14:00:00,144,102,42,0,47.8,6.03,14,1,False,오후(12-17),혼잡,0.0
2017-04-18 14:05:00,142,94,46,2,52.2,5.61,14,1,False,오후(12-17),혼잡,1.41
2017-04-18 14:10:00,128,96,32,0,48.4,5.32,14,1,False,오후(12-17),원활,0.0
2017-04-18 14:15:00,141,96,44,1,51.0,5.76,14,1,False,오후(12-17),혼잡,0.71
2017-04-18 14:20:00,111,81,30,0,48.6,4.49,14,1,False,오후(12-17),원활,0.0
2017-04-18 14:25:00,107,81,25,1,46.9,5.0,14,1,False,오후(12-17),원활,0.93
2017-04-18 14:30:00,144,101,43,0,48.5,6.43,14,1,False,오후(12-17),혼잡,0.0
2017-04-18 14:35:00,162,114,46,2,45.0,7.5,14,1,False,오후(12-17),혼잡,1.23
2017-04-18 14:40:00,159,117,41,1,47.6,6.73,14,1,False,오후(12-17),혼잡,0.63
2017-04-18 14:45:00,142,98,43,1,45.6,7.15,14,1,False,오후(12-17),혼잡,0.7
2017-04-18 14:50:00,139,94,43,2,44.2,6.78,14,1,False,오후(12-17),혼잡,1.44
2017-04-18 14:55:00,152,103,48,1,45.2,7.21,14,1,False,오후(12-17),혼잡,0.66
2017-04-18 15:00:00,136,93,42,1,50.3,5.79,15,1,False,오후(12-17),혼잡,0.74
2017-04-18 15:05:00,118,83,33,2,51.0,4.96,15,1,False,오후(12-17),원활,1.69
2017-04-18 15:10:00,142,107,35,0,44.8,6.31,15,1,False,오후(12-17),혼잡,0.0
2017-04-18 15:15:00,154,110,43,1,50.1,6.45,15,1,False,오후(12-17),혼잡,0.65
2017-04-18 15:20:00,138,109,28,1,47.0,5.83,15,1,False,오후(12-17),혼잡,0.72
2017-04-18 15:25:00,139,100,39,0,50.8,8.17,15,1,False,오후(12-17),혼잡,0.0
2017-04-18 15:30:00,130,105,24,1,45.5,6.84,15,1,False,오후(12-17),혼잡,0.77
2017-04-18 15:35:00,131,92,38,1,48.3,5.95,15,1,False,오후(12-17),혼잡,0.76
2017-04-18 15:40:00,145,109,34,2,45.5,6.58,15,1,False,오후(12-17),혼잡,1.38
2017-04-18 15:45:00,137,103,33,1,49.9,5.7,15,1,False,오후(12-17),혼잡,0.73
2017-04-18 15:50:00,104,82,22,0,50.6,4.35,15,1,False,오후(12-17),원활,0.0
2017-04-18 15:55:00,138,103,35,0,47.4,6.27,15,1,False,오후(12-17),혼잡,0.0
2017-04-18 16:00:00,141,114,23,4,44.1,6.66,16,1,False,오후(12-17),혼잡,2.84
2017-04-18 16:05:00,152,108,41,3,45.7,7.08,16,1,False,오후(12-17),혼잡,1.97
2017-04-18 16:10:00,149,117,32,0,42.7,7.02,16,1,False,오후(12-17),혼잡,0.0
2017-04-18 16:15:00,145,99,43,3,43.3,7.09,16,1,False,오후(12-17),혼잡,2.07
2017-04-18 16:20:00,151,121,28,2,41.4,7.96,16,1,False,오후(12-17),혼잡,1.32
2017-04-18 16:25:00,142,107,35,0,43.4,6.52,16,1,False,오후(12-17),혼잡,0.0
2017-04-18 16:30:00,130,96,33,1,42.4,6.01,16,1,False,오후(12-17),혼잡,0.77
2017-04-18 16:35:00,168,126,40,2,45.8,7.5,16,1,False,오후(12-17),혼잡,1.19
2017-04-18 16:40:00,127,86,41,0,45.2,6.13,16,1,False,오후(12-17),혼잡,0.0
2017-04-18 16:45:00,163,112,47,4,46.1,7.07,16,1,False,오후(12-17),혼잡,2.45
2017-04-18 16:50:00,132,87,45,0,46.3,5.82,16,1,False,오후(12-17),혼잡,0.0
2017-04-18 16:55:00,135,98,35,2,48.6,5.72,16,1,False,오후(12-17),혼잡,1.48
2017-04-18 17:00:00,141,110,28,3,47.1,6.14,17,1,False,오후(12-17),혼잡,2.13
2017-04-18 17:05:00,178,128,45,5,47.2,7.67,17,1,False,오후(12-17),혼잡,2.81
2017-04-18 17:10:00,154,111,42,1,43.1,6.71,17,1,False,오후(12-17),혼잡,0.65
2017-04-18 17:15:00,140,103,36,1,45.4,6.31,17,1,False,오후(12-17),혼잡,0.71
2017-04-18 17:20:00,152,119,31,2,47.0,5.97,17,1,False,오후(12-17),혼잡,1.32
2017-04-18 17:25:00,159,124,35,0,46.7,6.79,17,1,False,오후(12-17),혼잡,0.0
2017-04-18 17:30:00,120,85,33,2,46.7,5.06,17,1,False,오후(12-17),원활,1.67
2017-04-18 17:35:00,114,73,38,3,48.8,4.95,17,1,False,오후(12-17),원활,2.63
2017-04-18 17:40:00,146,110,36,0,49.8,5.83,17,1,False,오후(12-17),혼잡,0.0
2017-04-18 17:45:00,156,118,36,2,48.4,6.05,17,1,False,오후(12-17),혼잡,1.28
2017-04-18 17:50:00,137,106,28,3,47.2,5.47,17,1,False,오후(12-17),원활,2.19
2017-04-18 17:55:00,134,91,42,1,45.2,5.7,17,1,False,오후(12-17),혼잡,0.75
2017-04-18 18:00:00,166,129,33,4,47.4,6.87,18,1,False,저녁(18-23),혼잡,2.41
2017-04-18 18:05:00,200,157,40,3,46.0,8.46,18,1,False,저녁(18-23),혼잡,1.5
2017-04-18 18:10:00,195,142,49,4,36.9,12.64,18,1,False,저녁(18-23),혼잡,2.05
2017-04-18 18:15:00,189,148,36,5,37.3,19.69,18,1,False,저녁(18-23),혼잡,2.65
2017-04-18 18:20:00,195,141,49,5,38.2,9.68,18,1,False,저녁(18-23),혼잡,2.56
2017-04-18 18:25:00,232,176,55,1,40.4,10.83,18,1,False,저녁(18-23),혼잡,0.43
2017-04-18 18:30:00,209,156,50,3,39.8,9.75,18,1,False,저녁(18-23),혼잡,1.44
2017-04-18 18:35:00,126,85,39,2,44.9,6.14,18,1,False,저녁(18-23),혼잡,1.59
2017-04-18 18:40:00,158,119,37,2,43.3,6.73,18,1,False,저녁(18-23),혼잡,1.27
2017-04-18 18:45:00,170,125,42,3,45.0,6.97,18,1,False,저녁(18-23),혼잡,1.76
2017-04-18 18:50:00,157,123,33,1,45.7,6.6,18,1,False,저녁(18-23),혼잡,0.64
2017-04-18 18:55:00,132,87,44,1,44.5,5.79,18,1,False,저녁(18-23),혼잡,0.76
2017-04-18 19:00:00,130,100,28,2,42.0,5.94,19,1,False,저녁(18-23),혼잡,1.54
2017-04-18 19:05:00,126,90,35,1,45.2,5.41,19,1,False,저녁(18-23),원활,0.79
2017-04-18 19:10:00,144,99,44,1,46.4,6.27,19,1,False,저녁(18-23),혼잡,0.69
2017-04-18 19:15:00,141,115,25,1,44.0,9.29,19,1,False,저녁(18-23),혼잡,0.71
2017-04-18 19:20:00,109,88,21,0,45.2,5.11,19,1,False,저녁(18-23),원활,0.0
2017-04-18 19:25:00,143,112,30,1,46.4,6.81,19,1,False,저녁(18-23),혼잡,0.7
2017-04-18 19:30:00,149,124,25,0,44.7,6.93,19,1,False,저녁(18-23),혼잡,0.0
2017-04-18 19:35:00,133,109,23,1,42.5,8.13,19,1,False,저녁(18-23),혼잡,0.75
2017-04-18 19:40:00,116,86,30,0,46.0,5.5,19,1,False,저녁(18-23),원활,0.0
2017-04-18 19:45:00,111,85,26,0,43.6,6.23,19,1,False,저녁(18-23),혼잡,0.0
2017-04-18 19:50:00,125,103,22,0,47.0,6.06,19,1,False,저녁(18-23),혼잡,0.0
2017-04-18 19:55:00,135,110,24,1,43.6,6.9,19,1,False,저녁(18-23),혼잡,0.74
2017-04-18 20:00:00,105,86,18,1,42.5,4.93,20,1,False,저녁(18-23),원활,0.95
2017-04-18 20:05:00,101,80,21,0,46.4,5.26,20,1,False,저녁(18-23),원활,0.0
2017-04-18 20:10:00,111,90,21,0,47.4,5.16,20,1,False,저녁(18-23),원활,0.0
2017-04-18 20:15:00,126,99,27,0,46.7,5.78,20,1,False,저녁(18-23),혼잡,0.0
2017-04-18 20:20:00,92,71,19,2,46.2,4.29,20,1,False,저녁(18-23),원활,2.17
2017-04-18 20:25:00,108,89,19,0,45.4,5.06,20,1,False,저녁(18-23),원활,0.0
2017-04-18 20:30:00,113,86,26,1,48.5,5.25,20,1,False,저녁(18-23),원활,0.88
2017-04-18 20:35:00,129,103,25,1,45.1,7.07,20,1,False,저녁(18-23),혼잡,0.78
2017-04-18 20:40:00,113,96,17,0,47.9,5.06,20,1,False,저녁(18-23),원활,0.0
2017-04-18 20:45:00,81,64,16,1,48.7,3.54,20,1,False,저녁(18-23),원활,1.23
2017-04-18 20:50:00,95,77,18,0,50.0,4.42,20,1,False,저녁(18-23),원활,0.0
2017-04-18 20:55:00,130,109,21,0,48.2,7.21,20,1,False,저녁(18-23),혼잡,0.0
2017-04-18 21:00:00,89,72,17,0,46.0,3.99,21,1,False,저녁(18-23),원활,0.0
2017-04-18 21:05:00,87,70,16,1,44.5,4.5,21,1,False,저녁(18-23),원활,1.15
2017-04-18 21:10:00,108,90,18,0,45.4,8.29,21,1,False,저녁(18-23),혼잡,0.0
2017-04-18 21:15:00,121,98,22,1,44.7,9.37,21,1,False,저녁(18-23),혼잡,0.83
2017-04-18 21:20:00,102,89,13,0,46.4,4.84,21,1,False,저녁(18-23),원활,0.0
2017-04-18 21:25:00,147,124,23,0,41.1,13.22,21,1,False,저녁(18-23),혼잡,0.0
2017-04-18 21:30:00,93,78,15,0,43.5,5.96,21,1,False,저녁(18-23),혼잡,0.0
2017-04-18 21:35:00,103,82,21,0,46.4,4.8,21,1,False,저녁(18-23),원활,0.0
2017-04-18 21:40:00,104,88,14,2,45.2,5.31,21,1,False,저녁(18-23),원활,1.92
2017-04-18 21:45:00,97,84,13,0,44.3,5.17,21,1,False,저녁(18-23),원활,0.0
2017-04-18 21:50:00,90,69,21,0,46.8,4.56,21,1,False,저녁(18-23),원활,0.0
2017-04-18 21:55:00,88,70,18,0,48.5,10.61,21,1,False,저녁(18-23),혼잡,0.0
2017-04-18 22:00:00,97,76,21,0,49.6,4.48,22,1,False,저녁(18-23),원활,0.0
2017-04-18 22:05:00,114,88,26,0,45.5,5.83,22,1,False,저녁(18-23),혼잡,0.0
2017-04-18 22:10:00,116,98,18,0,48.3,5.76,22,1,False,저녁(18-23),혼잡,0.0
2017-04-18 22:15:00,104,85,19,0,47.1,5.02,22,1,False,저녁(18-23),원활,0.0
2017-04-18 22:20:00,91,66,25,0,47.0,4.35,22,1,False,저녁(18-23),원활,0.0
2017-04-18 22:25:00,79,64,15,0,49.1,4.11,22,1,False,저녁(18-23),원활,0.0
2017-04-18 22:30:00,57,45,12,0,52.7,2.61,22,1,False,저녁(18-23),원활,0.0
2017-04-18 22:35:00,88,60,28,0,49.3,4.44,22,1,False,저녁(18-23),원활,0.0
2017-04-18 22:40:00,79,59,20,0,47.0,3.73,22,1,False,저녁(18-23),원활,0.0
2017-04-18 22:45:00,81,68,13,0,50.7,3.9,22,1,False,저녁(18-23),원활,0.0
2017-04-18 22:50:00,76,57,19,0,46.2,3.99,22,1,False,저녁(18-23),원활,0.0
2017-04-18 22:55:00,63,44,19,0,53.5,2.74,22,1,False,저녁(18-23),원활,0.0
2017-04-18 23:00:00,50,45,5,0,47.9,2.43,23,1,False,저녁(18-23),원활,0.0
2017-04-18 23:05:00,88,66,18,4,48.6,4.18,23,1,False,저녁(18-23),원활,4.55
2017-04-18 23:10:00,54,40,14,0,51.5,2.66,23,1,False,저녁(18-23),원활,0.0
2017-04-18 23:15:00,54,49,5,0,53.2,2.36,23,1,False,저녁(18-23),원활,0.0
2017-04-18 23:20:00,50,34,14,2,57.0,2.14,23,1,False,저녁(18-23),원활,4.0
2017-04-18 23:25:00,49,40,9,0,53.5,2.09,23,1,False,저녁(18-23),원활,0.0
2017-04-18 23:30:00,49,31,17,1,51.0,2.38,23,1,False,저녁(18-23),원활,2.04
2017-04-18 23:35:00,45,35,10,0,53.7,1.95,23,1,False,저녁(18-23),원활,0.0
2017-04-18 23:40:00,48,34,13,1,55.3,1.89,23,1,False,저녁(18-23),원활,2.08
2017-04-18 23:45:00,42,35,7,0,55.9,1.73,23,1,False,저녁(18-23),원활,0.0
2017-04-18 23:50:00,33,20,13,0,53.1,1.52,23,1,False,저녁(18-23),원활,0.0
2017-04-18 23:55:00,38,26,12,0,57.3,1.62,23,1,False,저녁(18-23),원활,0.0
2017-04-19 00:00:00,36,25,11,0,56.4,1.59,0,2,False,새벽(0-5),원활,0.0
2017-04-19 00:05:00,45,33,12,0,56.7,1.78,0,2,False,새벽(0-5),원활,0.0
2017-04-19 00:10:00,40,27,13,0,55.8,1.76,0,2,False,새벽(0-5),원활,0.0
2017-04-19 00:15:00,47,36,11,0,53.7,1.87,0,2,False,새벽(0-5),원활,0.0
2017-04-19 00:20:00,31,24,7,0,59.1,1.35,0,2,False,새벽(0-5),원활,0.0
2017-04-19 00:25:00,34,22,12,0,57.6,1.39,0,2,False,새벽(0-5),원활,0.0
2017-04-19 00:30:00,28,13,14,1,63.2,1.05,0,2,False,새벽(0-5),원활,3.57
2017-04-19 00:35:00,28,18,10,0,61.3,1.06,0,2,False,새벽(0-5),원활,0.0
2017-04-19 00:40:00,32,25,7,0,56.5,1.4,0,2,False,새벽(0-5),원활,0.0
2017-04-19 00:45:00,30,16,14,0,61.6,1.18,0,2,False,새벽(0-5),원활,0.0
2017-04-19 00:50:00,25,18,7,0,62.0,1.02,0,2,False,새벽(0-5),원활,0.0
2017-04-19 00:55:00,26,19,7,0,59.3,1.1,0,2,False,새벽(0-5),원활,0.0
2017-04-19 01:00:00,22,17,5,0,58.8,0.82,1,2,False,새벽(0-5),원활,0.0
2017-04-19 01:05:00,18,14,4,0,52.7,0.71,1,2,False,새벽(0-5),원활,0.0
2017-04-19 01:10:00,18,16,2,0,51.1,0.79,1,2,False,새벽(0-5),원활,0.0
2017-04-19 01:15:00,27,13,13,1,59.0,1.1,1,2,False,새벽(0-5),원활,3.7
2017-04-19 01:20:00,21,17,4,0,51.0,1.0,1,2,False,새벽(0-5),원활,0.0
2017-04-19 01:25:00,24,20,4,0,55.3,0.89,1,2,False,새벽(0-5),원활,0.0
2017-04-19 01:30:00,20,11,9,0,61.9,0.78,1,2,False,새벽(0-5),원활,0.0
2017-04-19 01:35:00,14,13,1,0,55.0,0.62,1,2,False,새벽(0-5),원활,0.0
2017-04-19 01:40:00,16,8,8,0,60.6,0.66,1,2,False,새벽(0-5),원활,0.0
2017-04-19 01:45:00,21,14,7,0,61.2,0.97,1,2,False,새벽(0-5),원활,0.0
2017-04-19 01:50:00,23,21,2,0,59.5,0.87,1,2,False,새벽(0-5),원활,0.0
2017-04-19 01:55:00,14,8,6,0,57.3,0.55,1,2,False,새벽(0-5),원활,0.0
2017-04-19 02:00:00,19,17,2,0,71.0,0.78,2,2,False,새벽(0-5),원활,0.0
2017-04-19 02:05:00,11,8,3,0,53.0,0.46,2,2,False,새벽(0-5),원활,0.0
2017-04-19 02:10:00,20,14,6,0,57.7,0.85,2,2,False,새벽(0-5),원활,0.0
2017-04-19 02:15:00,11,5,6,0,66.1,0.47,2,2,False,새벽(0-5),원활,0.0
2017-04-19 02:20:00,10,8,2,0,73.5,0.33,2,2,False,새벽(0-5),원활,0.0
2017-04-19 02:25:00,10,8,2,0,49.8,0.44,2,2,False,새벽(0-5),원활,0.0
2017-04-19 02:30:00,10,9,1,0,46.8,0.46,2,2,False,새벽(0-5),원활,0.0
2017-04-19 02:35:00,14,7,7,0,59.6,0.7,2,2,False,새벽(0-5),원활,0.0
2017-04-19 02:40:00,7,3,4,0,55.2,0.31,2,2,False,새벽(0-5),원활,0.0
2017-04-19 02:45:00,11,9,2,0,46.5,0.5,2,2,False,새벽(0-5),원활,0.0
2017-04-19 02:50:00,15,9,6,0,56.0,0.64,2,2,False,새벽(0-5),원활,0.0
2017-04-19 02:55:00,16,7,9,0,67.1,0.65,2,2,False,새벽(0-5),원활,0.0
2017-04-19 03:00:00,10,8,2,0,49.7,0.44,3,2,False,새벽(0-5),원활,0.0
2017-04-19 03:05:00,17,12,4,1,59.6,0.7,3,2,False,새벽(0-5),원활,5.88
2017-04-19 03:10:00,10,4,5,1,52.2,0.45,3,2,False,새벽(0-5),원활,10.0
2017-04-19 03:15:00,13,10,3,0,54.8,0.55,3,2,False,새벽(0-5),원활,0.0
2017-04-19 03:20:00,14,9,5,0,51.8,0.59,3,2,False,새벽(0-5),원활,0.0
2017-04-19 03:25:00,11,7,3,1,42.3,0.5,3,2,False,새벽(0-5),원활,9.09
2017-04-19 03:30:00,8,5,3,0,66.0,0.35,3,2,False,새벽(0-5),원활,0.0
2017-04-19 03:35:00,12,9,3,0,54.4,0.61,3,2,False,새벽(0-5),원활,0.0
2017-04-19 03:40:00,14,10,4,0,54.0,0.53,3,2,False,새벽(0-5),원활,0.0
2017-04-19 03:45:00,19,10,8,1,63.9,0.86,3,2,False,새벽(0-5),원활,5.26
2017-04-19 03:50:00,18,15,3,0,62.3,0.84,3,2,False,새벽(0-5),원활,0.0
2017-04-19 03:55:00,15,8,7,0,53.2,0.68,3,2,False,새벽(0-5),원활,0.0
2017-04-19 04:00:00,15,9,6,0,60.3,0.67,4,2,False,새벽(0-5),원활,0.0
2017-04-19 04:05:00,11,6,5,0,66.6,0.5,4,2,False,새벽(0-5),원활,0.0
2017-04-19 04:10:00,12,6,6,0,67.6,0.53,4,2,False,새벽(0-5),원활,0.0
2017-04-19 04:15:00,21,15,6,0,58.0,0.75,4,2,False,새벽(0-5),원활,0.0
2017-04-19 04:20:00,20,13,7,0,58.0,0.83,4,2,False,새벽(0-5),원활,0.0
2017-04-19 04:25:00,13,10,3,0,49.2,0.74,4,2,False,새벽(0-5),원활,0.0
2017-04-19 04:30:00,25,15,10,0,59.2,1.06,4,2,False,새벽(0-5),원활,0.0
2017-04-19 04:35:00,20,12,8,0,65.1,0.77,4,2,False,새벽(0-5),원활,0.0
2017-04-19 04:40:00,19,17,2,0,58.7,0.75,4,2,False,새벽(0-5),원활,0.0
2017-04-19 04:45:00,22,13,9,0,64.6,0.98,4,2,False,새벽(0-5),원활,0.0
2017-04-19 04:50:00,17,12,5,0,61.9,0.67,4,2,False,새벽(0-5),원활,0.0
2017-04-19 04:55:00,22,13,9,0,54.7,0.99,4,2,False,새벽(0-5),원활,0.0
2017-04-19 05:00:00,25,18,7,0,57.5,1.08,5,2,False,새벽(0-5),원활,0.0
2017-04-19 05:05:00,26,14,12,0,61.2,1.23,5,2,False,새벽(0-5),원활,0.0
2017-04-19 05:10:00,24,13,11,0,69.7,0.88,5,2,False,새벽(0-5),원활,0.0
2017-04-19 05:15:00,44,30,13,1,56.7,2.09,5,2,False,새벽(0-5),원활,2.27
2017-04-19 05:20:00,53,33,19,1,53.0,2.24,5,2,False,새벽(0-5),원활,1.89
2017-04-19 05:25:00,41,27,14,0,58.2,1.87,5,2,False,새벽(0-5),원활,0.0
2017-04-19 05:30:00,33,20,12,1,64.0,1.29,5,2,False,새벽(0-5),원활,3.03
2017-04-19 05:35:00,55,35,20,0,50.6,2.64,5,2,False,새벽(0-5),원활,0.0
2017-04-19 05:40:00,63,49,14,0,57.8,2.35,5,2,False,새벽(0-5),원활,0.0
2017-04-19 05:45:00,50,36,13,1,65.9,1.63,5,2,False,새벽(0-5),원활,2.0
2017-04-19 05:50:00,59,43,16,0,58.6,2.08,5,2,False,새벽(0-5),원활,0.0
2017-04-19 05:55:00,81,51,29,1,58.4,3.2,5,2,False,새벽(0-5),원활,1.23
2017-04-19 06:00:00,54,40,14,0,52.2,2.31,6,2,False,오전(6-11),원활,0.0
2017-04-19 06:05:00,103,69,33,1,57.2,3.7,6,2,False,오전(6-11),원활,0.97
2017-04-19 06:10:00,71,41,30,0,56.2,2.58,6,2,False,오전(6-11),원활,0.0
2017-04-19 06:15:00,86,57,27,2,55.8,3.4,6,2,False,오전(6-11),원활,2.33
2017-04-19 06:20:00,81,54,26,1,63.9,2.68,6,2,False,오전(6-11),원활,1.23
2017-04-19 06:25:00,87,59,27,1,54.9,3.04,6,2,False,오전(6-11),원활,1.15
2017-04-19 06:30:00,120,78,42,0,59.1,4.08,6,2,False,오전(6-11),원활,0.0
2017-04-19 06:35:00,130,75,52,3,54.3,5.08,6,2,False,오전(6-11),원활,2.31
2017-04-19 06:40:00,120,77,41,2,54.3,4.49,6,2,False,오전(6-11),원활,1.67
2017-04-19 06:45:00,129,85,41,3,54.8,4.95,6,2,False,오전(6-11),원활,2.33
2017-04-19 06:50:00,118,70,47,1,51.1,4.76,6,2,False,오전(6-11),원활,0.85
2017-04-19 06:55:00,140,103,36,1,54.4,5.28,6,2,False,오전(6-11),원활,0.71
2017-04-19 07:00:00,104,73,31,0,54.0,4.2,7,2,False,오전(6-11),원활,0.0
2017-04-19 07:05:00,187,112,70,5,47.2,8.99,7,2,False,오전(6-11),혼잡,2.67
2017-04-19 07:10:00,203,141,60,2,50.7,8.11,7,2,False,오전(6-11),혼잡,0.99
2017-04-19 07:15:00,211,148,60,3,49.0,8.67,7,2,False,오전(6-11),혼잡,1.42
2017-04-19 07:20:00,194,142,50,2,40.6,13.87,7,2,False,오전(6-11),혼잡,1.03
2017-04-19 07:25:00,220,146,72,2,41.5,11.34,7,2,False,오전(6-11),혼잡,0.91
2017-04-19 07:30:00,264,192,71,1,38.2,15.06,7,2,False,오전(6-11),혼잡,0.38
2017-04-19 07:35:00,272,184,84,4,36.5,17.87,7,2,False,오전(6-11),혼잡,1.47
2017-04-19 07:40:00,217,150,62,5,35.8,15.27,7,2,False,오전(6-11),혼잡,2.3
2017-04-19 07:45:00,236,176,58,2,40.7,10.58,7,2,False,오전(6-11),혼잡,0.85
2017-04-19 07:50:00,267,186,78,3,36.3,18.96,7,2,False,오전(6-11),혼잡,1.12
2017-04-19 07:55:00,224,170,51,3,39.7,12.05,7,2,False,오전(6-11),혼잡,1.34
2017-04-19 08:00:00,291,209,82,0,38.6,19.07,8,2,False,오전(6-11),혼잡,0.0
2017-04-19 08:05:00,237,186,50,1,32.2,20.52,8,2,False,오전(6-11),혼잡,0.42
2017-04-19 08:10:00,293,220,72,1,38.9,16.57,8,2,False,오전(6-11),혼잡,0.34
2017-04-19 08:15:00,236,171,59,6,40.2,12.15,8,2,False,오전(6-11),혼잡,2.54
2017-04-19 08:20:00,299,221,73,5,39.0,16.68,8,2,False,오전(6-11),혼잡,1.67
2017-04-19 08:25:00,215,165,49,1,37.3,26.84,8,2,False,오전(6-11),혼잡,0.47
2017-04-19 08:30:00,187,145,41,1,39.8,9.59,8,2,False,오전(6-11),혼잡,0.53
2017-04-19 08:35:00,255,199,53,3,32.9,17.05,8,2,False,오전(6-11),혼잡,1.18
2017-04-19 08:40:00,238,191,46,1,39.6,13.07,8,2,False,오전(6-11),혼잡,0.42
2017-04-19 08:45:00,191,159,31,1,42.1,8.51,8,2,False,오전(6-11),혼잡,0.52
2017-04-19 08:50:00,161,118,41,2,46.2,7.9,8,2,False,오전(6-11),혼잡,1.24
2017-04-19 08:55:00,195,141,52,2,41.4,10.82,8,2,False,오전(6-11),혼잡,1.03
2017-04-19 09:00:00,199,153,45,1,47.3,8.74,9,2,False,오전(6-11),혼잡,0.5
2017-04-19 09:05:00,175,124,48,3,45.1,11.88,9,2,False,오전(6-11),혼잡,1.71
2017-04-19 09:10:00,117,90,25,2,51.1,5.37,9,2,False,오전(6-11),원활,1.71
2017-04-19 09:15:00,172,128,41,3,51.4,7.05,9,2,False,오전(6-11),혼잡,1.74
2017-04-19 09:20:00,209,143,65,1,47.1,8.87,9,2,False,오전(6-11),혼잡,0.48
2017-04-19 09:25:00,191,138,50,3,48.6,9.14,9,2,False,오전(6-11),혼잡,1.57
2017-04-19 09:30:00,157,119,38,0,49.1,7.86,9,2,False,오전(6-11),혼잡,0.0
2017-04-19 09:35:00,158,98,57,3,45.7,8.91,9,2,False,오전(6-11),혼잡,1.9
2017-04-19 09:40:00,139,95,41,3,46.6,6.14,9,2,False,오전(6-11),혼잡,2.16
2017-04-19 09:45:00,155,103,51,1,48.4,6.68,9,2,False,오전(6-11),혼잡,0.65
2017-04-19 09:50:00,170,111,57,2,47.8,7.42,9,2,False,오전(6-11),혼잡,1.18
2017-04-19 09:55:00,144,92,52,0,52.3,6.35,9,2,False,오전(6-11),혼잡,0.0
2017-04-19 10:00:00,179,112,67,0,48.2,8.7,10,2,False,오전(6-11),혼잡,0.0
2017-04-19 10:05:00,130,89,38,3,51.0,8.12,10,2,False,오전(6-11),혼잡,2.31
2017-04-19 10:10:00,143,87,54,2,46.4,8.51,10,2,False,오전(6-11),혼잡,1.4
2017-04-19 10:15:00,132,87,42,3,50.5,7.89,10,2,False,오전(6-11),혼잡,2.27
2017-04-19 10:20:00,120,88,31,1,47.1,8.47,10,2,False,오전(6-11),혼잡,0.83
2017-04-19 10:25:00,149,98,48,3,45.5,9.42,10,2,False,오전(6-11),혼잡,2.01
2017-04-19 10:30:00,136,92,42,2,50.2,9.06,10,2,False,오전(6-11),혼잡,1.47
2017-04-19 10:35:00,156,96,58,2,50.1,9.4,10,2,False,오전(6-11),혼잡,1.28
2017-04-19 10:40:00,147,91,52,4,50.5,8.01,10,2,False,오전(6-11),혼잡,2.72
2017-04-19 10:45:00,137,86,47,4,48.4,7.97,10,2,False,오전(6-11),혼잡,2.92
2017-04-19 10:50:00,116,83,31,2,50.7,4.86,10,2,False,오전(6-11),원활,1.72
2017-04-19 10:55:00,145,93,47,5,46.0,8.16,10,2,False,오전(6-11),혼잡,3.45
2017-04-19 11:00:00,91,59,31,1,54.2,4.36,11,2,False,오전(6-11),원활,1.1
2017-04-19 11:05:00,121,87,33,1,49.0,6.13,11,2,False,오전(6-11),혼잡,0.83
2017-04-19 11:10:00,129,81,47,1,49.6,5.54,11,2,False,오전(6-11),원활,0.78
2017-04-19 11:15:00,158,110,45,3,47.3,7.79,11,2,False,오전(6-11),혼잡,1.9
2017-04-19 11:20:00,144,106,38,0,47.3,6.92,11,2,False,오전(6-11),혼잡,0.0
2017-04-19 11:25:00,174,113,60,1,48.0,8.05,11,2,False,오전(6-11),혼잡,0.57
2017-04-19 11:30:00,141,101,37,3,40.3,9.85,11,2,False,오전(6-11),혼잡,2.13
2017-04-19 11:35:00,155,106,47,2,45.5,7.99,11,2,False,오전(6-11),혼잡,1.29
2017-04-19 11:40:00,128,97,31,0,45.8,6.86,11,2,False,오전(6-11),혼잡,0.0
2017-04-19 11:45:00,167,113,50,4,40.7,11.69,11,2,False,오전(6-11),혼잡,2.4
2017-04-19 11:50:00,144,109,33,2,46.6,9.01,11,2,False,오전(6-11),혼잡,1.39
2017-04-19 11:55:00,142,94,44,4,49.5,8.88,11,2,False,오전(6-11),혼잡,2.82
2017-04-19 12:00:00,156,101,53,2,49.6,8.6,12,2,False,오후(12-17),혼잡,1.28
2017-04-19 12:05:00,159,107,47,5,46.8,10.65,12,2,False,오후(12-17),혼잡,3.14
2017-04-19 12:10:00,113,73,39,1,50.3,5.18,12,2,False,오후(12-17),원활,0.88
2017-04-19 12:15:00,123,89,34,0,48.1,5.36,12,2,False,오후(12-17),원활,0.0
2017-04-19 12:20:00,114,76,37,1,45.3,7.2,12,2,False,오후(12-17),혼잡,0.88
2017-04-19 12:25:00,136,95,40,1,47.6,6.62,12,2,False,오후(12-17),혼잡,0.74
2017-04-19 12:30:00,86,61,24,1,54.0,5.47,12,2,False,오후(12-17),원활,1.16
2017-04-19 12:35:00,149,99,48,2,45.7,6.98,12,2,False,오후(12-17),혼잡,1.34
2017-04-19 12:40:00,144,104,38,2,49.1,6.02,12,2,False,오후(12-17),혼잡,1.39
2017-04-19 12:45:00,131,92,38,1,46.8,5.78,12,2,False,오후(12-17),혼잡,0.76
2017-04-19 12:50:00,149,105,44,0,46.6,6.92,12,2,False,오후(12-17),혼잡,0.0
2017-04-19 12:55:00,130,90,40,0,50.9,5.32,12,2,False,오후(12-17),원활,0.0
2017-04-19 13:00:00,118,80,35,3,49.3,4.94,13,2,False,오후(12-17),원활,2.54
2017-04-19 13:05:00,153,106,44,3,49.8,6.03,13,2,False,오후(12-17),혼잡,1.96
2017-04-19 13:10:00,158,108,50,0,50.4,6.3,13,2,False,오후(12-17),혼잡,0.0
2017-04-19 13:15:00,187,135,51,1,46.6,8.05,13,2,False,오후(12-17),혼잡,0.53
2017-04-19 13:20:00,161,118,43,0,46.9,7.1,13,2,False,오후(12-17),혼잡,0.0
2017-04-19 13:25:00,161,107,54,0,48.1,6.78,13,2,False,오후(12-17),혼잡,0.0
2017-04-19 13:30:00,172,123,48,1,43.8,7.67,13,2,False,오후(12-17),혼잡,0.58
2017-04-19 13:35:00,146,110,34,2,47.0,6.41,13,2,False,오후(12-17),혼잡,1.37
2017-04-19 13:40:00,135,96,39,0,46.2,5.64,13,2,False,오후(12-17),혼잡,0.0
2017-04-19 13:45:00,152,112,39,1,50.0,6.35,13,2,False,오후(12-17),혼잡,0.66
2017-04-19 13:50:00,174,133,40,1,46.6,7.72,13,2,False,오후(12-17),혼잡,0.57
2017-04-19 13:55:00,136,87,49,0,46.6,5.95,13,2,False,오후(12-17),혼잡,0.0
2017-04-19 14:00:00,158,116,40,2,50.3,6.4,14,2,False,오후(12-17),혼잡,1.27
2017-04-19 14:05:00,158,111,47,0,45.6,7.36,14,2,False,오후(12-17),혼잡,0.0
2017-04-19 14:10:00,142,91,49,2,46.2,6.1,14,2,False,오후(12-17),혼잡,1.41
2017-04-19 14:15:00,147,110,37,0,49.0,5.97,14,2,False,오후(12-17),혼잡,0.0
2017-04-19 14:20:00,116,83,31,2,50.2,4.54,14,2,False,오후(12-17),원활,1.72
2017-04-19 14:25:00,147,104,42,1,49.0,6.26,14,2,False,오후(12-17),혼잡,0.68
2017-04-19 14:30:00,130,94,36,0,46.6,5.67,14,2,False,오후(12-17),혼잡,0.0
2017-04-19 14:35:00,184,123,59,2,39.9,9.61,14,2,False,오후(12-17),혼잡,1.09
2017-04-19 14:40:00,169,126,43,0,46.2,7.26,14,2,False,오후(12-17),혼잡,0.0
2017-04-19 14:45:00,135,96,39,0,48.2,5.57,14,2,False,오후(12-17),혼잡,0.0
2017-04-19 14:50:00,127,99,27,1,47.5,5.21,14,2,False,오후(12-17),원활,0.79
2017-04-19 14:55:00,141,99,42,0,52.4,5.56,14,2,False,오후(12-17),혼잡,0.0
2017-04-19 15:00:00,141,98,40,3,48.4,5.96,15,2,False,오후(12-17),혼잡,2.13
2017-04-19 15:05:00,158,111,47,0,45.3,6.76,15,2,False,오후(12-17),혼잡,0.0
2017-04-19 15:10:00,151,111,40,0,48.7,6.19,15,2,False,오후(12-17),혼잡,0.0
2017-04-19 15:15:00,150,107,42,1,47.8,6.01,15,2,False,오후(12-17),혼잡,0.67
2017-04-19 15:20:00,171,130,41,0,49.0,7.44,15,2,False,오후(12-17),혼잡,0.0
2017-04-19 15:25:00,144,117,27,0,50.6,5.79,15,2,False,오후(12-17),혼잡,0.0
2017-04-19 15:30:00,156,127,27,2,47.3,6.14,15,2,False,오후(12-17),혼잡,1.28
2017-04-19 15:35:00,150,118,30,2,49.0,6.04,15,2,False,오후(12-17),혼잡,1.33
2017-04-19 15:40:00,150,125,24,1,47.6,5.97,15,2,False,오후(12-17),혼잡,0.67
2017-04-19 15:45:00,177,149,28,0,45.5,6.98,15,2,False,오후(12-17),혼잡,0.0
2017-04-19 15:50:00,171,145,25,1,46.9,6.99,15,2,False,오후(12-17),혼잡,0.58
2017-04-19 15:55:00,118,97,20,1,46.5,5.37,15,2,False,오후(12-17),원활,0.85
2017-04-19 16:00:00,161,122,39,0,47.9,6.61,16,2,False,오후(12-17),혼잡,0.0
2017-04-19 16:05:00,174,136,35,3,49.1,7.11,16,2,False,오후(12-17),혼잡,1.72
2017-04-19 16:10:00,142,104,36,2,46.2,6.04,16,2,False,오후(12-17),혼잡,1.41
2017-04-19 16:15:00,162,118,42,2,48.0,7.11,16,2,False,오후(12-17),혼잡,1.23
2017-04-19 16:20:00,130,102,27,1,46.8,5.09,16,2,False,오후(12-17),원활,0.77
2017-04-19 16:25:00,176,131,44,1,43.4,7.34,16,2,False,오후(12-17),혼잡,0.57
2017-04-19 16:30:00,155,114,41,0,46.0,6.72,16,2,False,오후(12-17),혼잡,0.0
2017-04-19 16:35:00,148,112,35,1,35.0,22.99,16,2,False,오후(12-17),혼잡,0.68
2017-04-19 16:40:00,143,112,27,4,38.2,42.26,16,2,False,오후(12-17),혼잡,2.8
2017-04-19 16:45:00,175,127,42,6,44.1,12.19,16,2,False,오후(12-17),혼잡,3.43
2017-04-19 16:50:00,157,115,42,0,44.4,6.84,16,2,False,오후(12-17),혼잡,0.0
2017-04-19 16:55:00,146,100,45,1,49.7,5.96,16,2,False,오후(12-17),혼잡,0.68
2017-04-19 17:00:00,145,112,31,2,45.1,6.89,17,2,False,오후(12-17),혼잡,1.38
2017-04-19 17:05:00,157,118,39,0,47.5,6.91,17,2,False,오후(12-17),혼잡,0.0
2017-04-19 17:10:00,160,117,42,1,42.2,6.99,17,2,False,오후(12-17),혼잡,0.62
2017-04-19 17:15:00,144,109,33,2,43.2,6.4,17,2,False,오후(12-17),혼잡,1.39
2017-04-19 17:20:00,163,124,38,1,48.8,6.75,17,2,False,오후(12-17),혼잡,0.61
2017-04-19 17:25:00,170,122,45,3,48.7,6.83,17,2,False,오후(12-17),혼잡,1.76
2017-04-19 17:30:00,137,101,34,2,45.9,6.05,17,2,False,오후(12-17),혼잡,1.46
2017-04-19 17:35:00,116,79,33,4,49.6,4.77,17,2,False,오후(12-17),원활,3.45
2017-04-19 17:40:00,168,126,42,0,47.8,6.87,17,2,False,오후(12-17),혼잡,0.0
2017-04-19 17:45:00,186,126,60,0,45.0,8.04,17,2,False,오후(12-17),혼잡,0.0
2017-04-19 17:50:00,140,99,40,1,47.4,5.88,17,2,False,오후(12-17),혼잡,0.71
2017-04-19 17:55:00,126,87,36,3,47.9,4.91,17,2,False,오후(12-17),원활,2.38
2017-04-19 18:00:00,166,120,43,3,43.0,8.84,18,2,False,저녁(18-23),혼잡,1.81
2017-04-19 18:05:00,206,133,72,1,44.6,8.9,18,2,False,저녁(18-23),혼잡,0.49
2017-04-19 18:10:00,195,143,48,4,39.8,11.84,18,2,False,저녁(18-23),혼잡,2.05
2017-04-19 18:15:00,200,142,53,5,33.9,18.61,18,2,False,저녁(18-23),혼잡,2.5
2017-04-19 18:20:00,216,161,48,7,28.5,24.97,18,2,False,저녁(18-23),혼잡,3.24
2017-04-19 18:25:00,203,147,52,4,37.2,13.89,18,2,False,저녁(18-23),혼잡,1.97
2017-04-19 18:30:00,195,143,47,5,46.3,8.03,18,2,False,저녁(18-23),혼잡,2.56
2017-04-19 18:35:00,152,109,43,0,38.2,7.84,18,2,False,저녁(18-23),혼잡,0.0
2017-04-19 18:40:00,166,123,42,1,36.5,17.34,18,2,False,저녁(18-23),혼잡,0.6
2017-04-19 18:45:00,166,130,32,4,33.6,24.76,18,2,False,저녁(18-23),혼잡,2.41
2017-04-19 18:50:00,196,145,50,1,42.9,15.1,18,2,False,저녁(18-23),혼잡,0.51
2017-04-19 18:55:00,169,119,44,6,38.4,7.91,18,2,False,저녁(18-23),혼잡,3.55
2017-04-19 19:00:00,137,95,39,3,37.6,6.82,19,2,False,저녁(18-23),혼잡,2.19
2017-04-19 19:05:00,178,136,36,6,44.1,7.9,19,2,False,저녁(18-23),혼잡,3.37
2017-04-19 19:10:00,168,133,34,1,43.8,7.54,19,2,False,저녁(18-23),혼잡,0.6
2017-04-19 19:15:00,160,127,32,1,43.6,7.45,19,2,False,저녁(18-23),혼잡,0.62
2017-04-19 19:20:00,142,121,21,0,38.1,7.25,19,2,False,저녁(18-23),혼잡,0.0
2017-04-19 19:25:00,130,112,17,1,46.4,6.25,19,2,False,저녁(18-23),혼잡,0.77
2017-04-19 19:30:00,141,115,25,1,46.6,6.52,19,2,False,저녁(18-23),혼잡,0.71
2017-04-19 19:35:00,145,108,35,2,40.7,8.0,19,2,False,저녁(18-23),혼잡,1.38
2017-04-19 19:40:00,112,90,22,0,44.3,5.29,19,2,False,저녁(18-23),원활,0.0
2017-04-19 19:45:00,102,68,33,1,47.8,5.0,19,2,False,저녁(18-23),원활,0.98
2017-04-19 19:50:00,131,101,30,0,48.0,6.56,19,2,False,저녁(18-23),혼잡,0.0
2017-04-19 19:55:00,113,95,18,0,47.7,5.39,19,2,False,저녁(18-23),원활,0.0
2017-04-19 20:00:00,107,81,26,0,44.3,5.42,20,2,False,저녁(18-23),원활,0.0
2017-04-19 20:05:00,95,79,14,2,49.7,4.55,20,2,False,저녁(18-23),원활,2.11
2017-04-19 20:10:00,132,103,28,1,48.3,5.74,20,2,False,저녁(18-23),혼잡,0.76
2017-04-19 20:15:00,130,105,24,1,43.3,6.46,20,2,False,저녁(18-23),혼잡,0.77
2017-04-19 20:20:00,104,76,27,1,45.1,5.34,20,2,False,저녁(18-23),원활,0.96
2017-04-19 20:25:00,108,84,23,1,44.7,5.16,20,2,False,저녁(18-23),원활,0.93
2017-04-19 20:30:00,122,98,24,0,47.0,5.97,20,2,False,저녁(18-23),혼잡,0.0
2017-04-19 20:35:00,118,87,31,0,45.0,6.62,20,2,False,저녁(18-23),혼잡,0.0
2017-04-19 20:40:00,111,89,22,0,44.9,5.27,20,2,False,저녁(18-23),원활,0.0
2017-04-19 20:45:00,94,75,19,0,44.4,4.5,20,2,False,저녁(18-23),원활,0.0
2017-04-19 20:50:00,116,98,18,0,44.8,5.58,20,2,False,저녁(18-23),혼잡,0.0
2017-04-19 20:55:00,141,112,28,1,47.1,6.64,20,2,False,저녁(18-23),혼잡,0.71
2017-04-19 21:00:00,94,73,21,0,47.6,4.37,21,2,False,저녁(18-23),원활,0.0
2017-04-19 21:05:00,106,85,20,1,44.9,5.47,21,2,False,저녁(18-23),원활,0.94
2017-04-19 21:10:00,93,77,15,1,47.6,5.14,21,2,False,저녁(18-23),원활,1.08
2017-04-19 21:15:00,111,92,19,0,42.7,5.6,21,2,False,저녁(18-23),혼잡,0.0
2017-04-19 21:20:00,109,90,19,0,46.6,5.32,21,2,False,저녁(18-23),원활,0.0
2017-04-19 21:25:00,113,93,19,1,42.5,6.16,21,2,False,저녁(18-23),혼잡,0.88
2017-04-19 21:30:00,104,87,17,0,47.7,4.69,21,2,False,저녁(18-23),원활,0.0
2017-04-19 21:35:00,112,96,16,0,45.5,5.83,21,2,False,저녁(18-23),혼잡,0.0
2017-04-19 21:40:00,87,70,16,1,48.0,4.36,21,2,False,저녁(18-23),원활,1.15
2017-04-19 21:45:00,110,88,21,1,47.2,5.19,21,2,False,저녁(18-23),원활,0.91
2017-04-19 21:50:00,86,72,14,0,45.3,4.5,21,2,False,저녁(18-23),원활,0.0
2017-04-19 21:55:00,114,89,25,0,46.2,5.37,21,2,False,저녁(18-23),원활,0.0
2017-04-19 22:00:00,102,85,16,1,46.6,4.8,22,2,False,저녁(18-23),원활,0.98
2017-04-19 22:05:00,113,96,17,0,45.0,6.13,22,2,False,저녁(18-23),혼잡,0.0
2017-04-19 22:10:00,99,83,16,0,45.6,5.04,22,2,False,저녁(18-23),원활,0.0
2017-04-19 22:15:00,105,77,26,2,49.2,5.5,22,2,False,저녁(18-23),원활,1.9
2017-04-19 22:20:00,82,65,17,0,45.7,4.28,22,2,False,저녁(18-23),원활,0.0
2017-04-19 22:25:00,79,60,19,0,47.4,3.73,22,2,False,저녁(18-23),원활,0.0
2017-04-19 22:30:00,77,60,16,1,46.7,3.59,22,2,False,저녁(18-23),원활,1.3
2017-04-19 22:35:00,79,59,20,0,50.0,3.93,22,2,False,저녁(18-23),원활,0.0
2017-04-19 22:40:00,61,44,17,0,51.4,2.82,22,2,False,저녁(18-23),원활,0.0
2017-04-19 22:45:00,79,57,22,0,54.4,3.68,22,2,False,저녁(18-23),원활,0.0
2017-04-19 22:50:00,74,53,20,1,49.5,3.44,22,2,False,저녁(18-23),원활,1.35
2017-04-19 22:55:00,59,46,13,0,50.0,2.51,22,2,False,저녁(18-23),원활,0.0
2017-04-19 23:00:00,68,49,19,0,48.5,3.13,23,2,False,저녁(18-23),원활,0.0
2017-04-19 23:05:00,72,55,17,0,52.0,3.33,23,2,False,저녁(18-23),원활,0.0
2017-04-19 23:10:00,80,62,18,0,51.8,3.57,23,2,False,저녁(18-23),원활,0.0
2017-04-19 23:15:00,78,59,19,0,52.8,3.28,23,2,False,저녁(18-23),원활,0.0
2017-04-19 23:20:00,50,41,9,0,53.8,10.78,23,2,False,저녁(18-23),혼잡,0.0
2017-04-19 23:25:00,46,36,10,0,56.5,1.94,23,2,False,저녁(18-23),원활,0.0
2017-04-19 23:30:00,55,39,16,0,50.9,2.36,23,2,False,저녁(18-23),원활,0.0
2017-04-19 23:35:00,39,27,12,0,52.5,1.55,23,2,False,저녁(18-23),원활,0.0
2017-04-19 23:40:00,42,32,9,1,55.4,1.78,23,2,False,저녁(18-23),원활,2.38
2017-04-19 23:45:00,40,33,7,0,54.4,1.54,23,2,False,저녁(18-23),원활,0.0
2017-04-19 23:50:00,40,33,7,0,56.1,1.57,23,2,False,저녁(18-23),원활,0.0
2017-04-19 23:55:00,40,30,10,0,56.5,1.65,23,2,False,저녁(18-23),원활,0.0
2017-04-20 00:00:00,34,24,10,0,55.4,1.44,0,3,False,새벽(0-5),원활,0.0
2017-04-20 00:05:00,48,36,12,0,55.9,1.97,0,3,False,새벽(0-5),원활,0.0
2017-04-20 00:10:00,48,29,19,0,56.2,2.07,0,3,False,새벽(0-5),원활,0.0
2017-04-20 00:15:00,36,28,8,0,59.5,1.4,0,3,False,새벽(0-5),원활,0.0
2017-04-20 00:20:00,24,20,4,0,56.5,0.93,0,3,False,새벽(0-5),원활,0.0
2017-04-20 00:25:00,24,20,4,0,59.3,0.97,0,3,False,새벽(0-5),원활,0.0
2017-04-20 00:30:00,45,30,15,0,58.4,2.0,0,3,False,새벽(0-5),원활,0.0
2017-04-20 00:35:00,33,25,8,0,51.7,1.43,0,3,False,새벽(0-5),원활,0.0
2017-04-20 00:40:00,19,14,5,0,69.6,0.76,0,3,False,새벽(0-5),원활,0.0
2017-04-20 00:45:00,36,24,11,1,57.6,1.33,0,3,False,새벽(0-5),원활,2.78
2017-04-20 00:50:00,32,18,14,0,58.7,1.28,0,3,False,새벽(0-5),원활,0.0
2017-04-20 00:55:00,17,12,5,0,53.7,0.79,0,3,False,새벽(0-5),원활,0.0
2017-04-20 01:00:00,26,18,8,0,55.4,1.36,1,3,False,새벽(0-5),원활,0.0
2017-04-20 01:05:00,25,18,7,0,53.7,1.16,1,3,False,새벽(0-5),원활,0.0
2017-04-20 01:10:00,27,21,6,0,55.1,1.12,1,3,False,새벽(0-5),원활,0.0
2017-04-20 01:15:00,22,13,9,0,56.5,0.87,1,3,False,새벽(0-5),원활,0.0
2017-04-20 01:20:00,26,14,12,0,59.4,1.05,1,3,False,새벽(0-5),원활,0.0
2017-04-20 01:25:00,21,16,5,0,49.3,0.95,1,3,False,새벽(0-5),원활,0.0
2017-04-20 01:30:00,16,11,5,0,73.6,0.6,1,3,False,새벽(0-5),원활,0.0
2017-04-20 01:35:00,19,9,10,0,61.5,0.69,1,3,False,새벽(0-5),원활,0.0
2017-04-20 01:40:00,20,19,1,0,62.9,0.81,1,3,False,새벽(0-5),원활,0.0
2017-04-20 01:45:00,16,12,4,0,58.0,0.6,1,3,False,새벽(0-5),원활,0.0
2017-04-20 01:50:00,20,16,4,0,58.9,0.79,1,3,False,새벽(0-5),원활,0.0
2017-04-20 01:55:00,24,19,5,0,57.3,0.95,1,3,False,새벽(0-5),원활,0.0
2017-04-20 02:00:00,20,12,8,0,48.0,0.95,2,3,False,새벽(0-5),원활,0.0
2017-04-20 02:05:00,24,17,7,0,59.0,1.05,2,3,False,새벽(0-5),원활,0.0
2017-04-20 02:10:00,12,8,4,0,55.9,0.52,2,3,False,새벽(0-5),원활,0.0
2017-04-20 02:15:00,16,11,5,0,45.6,0.7,2,3,False,새벽(0-5),원활,0.0
2017-04-20 02:20:00,7,3,4,0,61.3,0.31,2,3,False,새벽(0-5),원활,0.0
2017-04-20 02:25:00,13,7,6,0,55.6,0.53,2,3,False,새벽(0-5),원활,0.0
2017-04-20 02:30:00,8,6,2,0,59.6,0.3,2,3,False,새벽(0-5),원활,0.0
2017-04-20 02:35:00,17,12,5,0,63.6,0.72,2,3,False,새벽(0-5),원활,0.0
2017-04-20 02:40:00,10,8,2,0,54.3,0.54,2,3,False,새벽(0-5),원활,0.0
2017-04-20 02:45:00,8,4,4,0,56.0,0.56,2,3,False,새벽(0-5),원활,0.0
2017-04-20 02:50:00,14,9,5,0,59.5,0.54,2,3,False,새벽(0-5),원활,0.0
2017-04-20 02:55:00,6,5,1,0,65.4,0.23,2,3,False,새벽(0-5),원활,0.0
2017-04-20 03:00:00,13,9,4,0,61.1,0.52,3,3,False,새벽(0-5),원활,0.0
2017-04-20 03:05:00,13,9,3,1,63.9,0.58,3,3,False,새벽(0-5),원활,7.69
2017-04-20 03:10:00,17,13,3,1,59.3,0.69,3,3,False,새벽(0-5),원활,5.88
2017-04-20 03:15:00,15,7,8,0,52.6,0.68,3,3,False,새벽(0-5),원활,0.0
2017-04-20 03:20:00,13,6,6,1,53.4,0.56,3,3,False,새벽(0-5),원활,7.69
2017-04-20 03:25:00,14,9,4,1,58.7,0.56,3,3,False,새벽(0-5),원활,7.14
2017-04-20 03:30:00,15,13,1,1,59.4,0.54,3,3,False,새벽(0-5),원활,6.67
2017-04-20 03:35:00,11,6,5,0,58.6,0.45,3,3,False,새벽(0-5),원활,0.0
2017-04-20 03:40:00,14,7,6,1,65.4,0.58,3,3,False,새벽(0-5),원활,7.14
2017-04-20 03:45:00,21,12,8,1,58.7,0.88,3,3,False,새벽(0-5),원활,4.76
2017-04-20 03:50:00,15,13,2,0,54.8,0.63,3,3,False,새벽(0-5),원활,0.0
2017-04-20 03:55:00,11,8,3,0,53.7,0.49,3,3,False,새벽(0-5),원활,0.0
2017-04-20 04:00:00,15,9,6,0,50.0,0.8,4,3,False,새벽(0-5),원활,0.0
2017-04-20 04:05:00,7,5,2,0,63.8,0.29,4,3,False,새벽(0-5),원활,0.0
2017-04-20 04:10:00,15,7,8,0,56.4,0.59,4,3,False,새벽(0-5),원활,0.0
2017-04-20 04:15:00,9,6,3,0,66.2,0.42,4,3,False,새벽(0-5),원활,0.0
2017-04-20 04:20:00,11,6,5,0,59.3,0.5,4,3,False,새벽(0-5),원활,0.0
2017-04-20 04:25:00,18,12,6,0,60.4,0.73,4,3,False,새벽(0-5),원활,0.0
2017-04-20 04:30:00,24,19,4,1,61.6,1.03,4,3,False,새벽(0-5),원활,4.17
2017-04-20 04:35:00,18,9,9,0,67.1,0.8,4,3,False,새벽(0-5),원활,0.0
2017-04-20 04:40:00,15,12,3,0,58.0,0.71,4,3,False,새벽(0-5),원활,0.0
2017-04-20 04:45:00,27,16,11,0,62.7,1.14,4,3,False,새벽(0-5),원활,0.0
2017-04-20 04:50:00,29,18,11,0,56.0,1.38,4,3,False,새벽(0-5),원활,0.0
2017-04-20 04:55:00,18,16,2,0,63.2,0.78,4,3,False,새벽(0-5),원활,0.0
2017-04-20 05:00:00,26,17,9,0,55.3,1.14,5,3,False,새벽(0-5),원활,0.0
2017-04-20 05:05:00,27,15,11,1,50.8,1.35,5,3,False,새벽(0-5),원활,3.7
2017-04-20 05:10:00,35,25,10,0,57.0,1.38,5,3,False,새벽(0-5),원활,0.0
2017-04-20 05:15:00,45,31,14,0,60.0,2.05,5,3,False,새벽(0-5),원활,0.0
2017-04-20 05:20:00,59,43,16,0,52.6,2.87,5,3,False,새벽(0-5),원활,0.0
2017-04-20 05:25:00,62,47,15,0,55.1,2.82,5,3,False,새벽(0-5),원활,0.0
2017-04-20 05:30:00,39,24,14,1,59.9,1.73,5,3,False,새벽(0-5),원활,2.56
2017-04-20 05:35:00,50,26,23,1,56.7,2.36,5,3,False,새벽(0-5),원활,2.0
2017-04-20 05:40:00,50,35,15,0,67.8,2.15,5,3,False,새벽(0-5),원활,0.0
2017-04-20 05:45:00,52,32,19,1,55.6,2.29,5,3,False,새벽(0-5),원활,1.92
2017-04-20 05:50:00,55,42,13,0,63.9,1.83,5,3,False,새벽(0-5),원활,0.0
2017-04-20 05:55:00,60,39,21,0,56.5,2.43,5,3,False,새벽(0-5),원활,0.0
2017-04-20 06:00:00,84,58,26,0,55.9,2.91,6,3,False,오전(6-11),원활,0.0
2017-04-20 06:05:00,83,61,21,1,57.8,3.06,6,3,False,오전(6-11),원활,1.2
2017-04-20 06:10:00,72,53,19,0,62.9,2.48,6,3,False,오전(6-11),원활,0.0
2017-04-20 06:15:00,71,48,22,1,54.0,2.79,6,3,False,오전(6-11),원활,1.41
2017-04-20 06:20:00,71,43,28,0,58.0,2.39,6,3,False,오전(6-11),원활,0.0
2017-04-20 06:25:00,113,71,40,2,56.2,4.06,6,3,False,오전(6-11),원활,1.77
2017-04-20 06:30:00,116,80,35,1,57.7,4.12,6,3,False,오전(6-11),원활,0.86
2017-04-20 06:35:00,134,82,50,2,57.8,5.45,6,3,False,오전(6-11),원활,1.49
2017-04-20 06:40:00,134,79,55,0,55.1,4.82,6,3,False,오전(6-11),원활,0.0
2017-04-20 06:45:00,104,66,36,2,56.4,3.85,6,3,False,오전(6-11),원활,1.92
2017-04-20 06:50:00,109,70,39,0,53.8,4.04,6,3,False,오전(6-11),원활,0.0
2017-04-20 06:55:00,139,87,50,2,50.2,5.68,6,3,False,오전(6-11),혼잡,1.44
2017-04-20 07:00:00,146,108,36,2,50.5,5.62,7,3,False,오전(6-11),혼잡,1.37
2017-04-20 07:05:00,156,103,51,2,51.1,6.27,7,3,False,오전(6-11),혼잡,1.28
2017-04-20 07:10:00,179,124,54,1,54.9,6.58,7,3,False,오전(6-11),혼잡,0.56
2017-04-20 07:15:00,219,149,65,5,45.9,10.78,7,3,False,오전(6-11),혼잡,2.28
2017-04-20 07:20:00,206,146,58,2,38.3,12.34,7,3,False,오전(6-11),혼잡,0.97
2017-04-20 07:25:00,212,140,70,2,43.4,10.16,7,3,False,오전(6-11),혼잡,0.94
2017-04-20 07:30:00,239,164,75,0,45.6,10.41,7,3,False,오전(6-11),혼잡,0.0
2017-04-20 07:35:00,287,201,80,6,41.2,15.99,7,3,False,오전(6-11),혼잡,2.09
2017-04-20 07:40:00,233,171,60,2,36.8,14.38,7,3,False,오전(6-11),혼잡,0.86
2017-04-20 07:45:00,237,183,53,1,38.0,13.09,7,3,False,오전(6-11),혼잡,0.42
2017-04-20 07:50:00,265,196,68,1,44.1,11.65,7,3,False,오전(6-11),혼잡,0.38
2017-04-20 07:55:00,292,218,72,2,39.6,16.99,7,3,False,오전(6-11),혼잡,0.68
2017-04-20 08:00:00,259,183,75,1,40.8,14.31,8,3,False,오전(6-11),혼잡,0.39
2017-04-20 08:05:00,196,147,46,3,33.7,34.37,8,3,False,오전(6-11),혼잡,1.53
2017-04-20 08:10:00,253,160,87,6,42.0,12.7,8,3,False,오전(6-11),혼잡,2.37
2017-04-20 08:15:00,302,221,75,6,43.2,13.59,8,3,False,오전(6-11),혼잡,1.99
2017-04-20 08:20:00,246,183,59,4,41.2,12.22,8,3,False,오전(6-11),혼잡,1.63
2017-04-20 08:25:00,205,159,43,3,40.8,22.84,8,3,False,오전(6-11),혼잡,1.46
2017-04-20 08:30:00,200,144,53,3,32.4,38.37,8,3,False,오전(6-11),혼잡,1.5
2017-04-20 08:35:00,231,179,47,5,38.2,19.04,8,3,False,오전(6-11),혼잡,2.16
2017-04-20 08:40:00,254,198,51,5,38.9,12.67,8,3,False,오전(6-11),혼잡,1.97
2017-04-20 08:45:00,182,136,44,2,40.3,10.69,8,3,False,오전(6-11),혼잡,1.1
2017-04-20 08:50:00,176,139,37,0,43.0,8.32,8,3,False,오전(6-11),혼잡,0.0
2017-04-20 08:55:00,202,149,51,2,47.6,9.43,8,3,False,오전(6-11),혼잡,0.99
2017-04-20 09:00:00,184,138,45,1,50.1,7.56,9,3,False,오전(6-11),혼잡,0.54
2017-04-20 09:05:00,156,103,50,3,49.2,6.97,9,3,False,오전(6-11),혼잡,1.92
2017-04-20 09:10:00,152,102,48,2,45.1,7.03,9,3,False,오전(6-11),혼잡,1.32
2017-04-20 09:15:00,188,129,57,2,47.5,7.93,9,3,False,오전(6-11),혼잡,1.06
2017-04-20 09:20:00,205,142,62,1,46.7,8.85,9,3,False,오전(6-11),혼잡,0.49
2017-04-20 09:25:00,214,146,65,3,44.5,9.89,9,3,False,오전(6-11),혼잡,1.4
2017-04-20 09:30:00,155,112,42,1,46.9,6.59,9,3,False,오전(6-11),혼잡,0.65
2017-04-20 09:35:00,152,112,39,1,49.0,6.54,9,3,False,오전(6-11),혼잡,0.66
2017-04-20 09:40:00,148,99,46,3,44.0,7.63,9,3,False,오전(6-11),혼잡,2.03
2017-04-20 09:45:00,174,117,55,2,47.0,7.61,9,3,False,오전(6-11),혼잡,1.15
2017-04-20 09:50:00,157,113,44,0,46.3,6.49,9,3,False,오전(6-11),혼잡,0.0
2017-04-20 09:55:00,198,143,54,1,47.0,9.07,9,3,False,오전(6-11),혼잡,0.51
2017-04-20 10:00:00,157,117,40,0,49.5,6.44,10,3,False,오전(6-11),혼잡,0.0
2017-04-20 10:05:00,168,119,46,3,51.2,7.11,10,3,False,오전(6-11),혼잡,1.79
2017-04-20 10:10:00,133,87,45,1,49.7,5.51,10,3,False,오전(6-11),원활,0.75
2017-04-20 10:15:00,140,101,37,2,51.6,5.82,10,3,False,오전(6-11),혼잡,1.43
2017-04-20 10:20:00,147,106,41,0,48.7,5.8,10,3,False,오전(6-11),혼잡,0.0
2017-04-20 10:25:00,114,67,46,1,49.9,4.99,10,3,False,오전(6-11),원활,0.88
2017-04-20 10:30:00,131,96,34,1,48.9,5.48,10,3,False,오전(6-11),원활,0.76
2017-04-20 10:35:00,133,107,25,1,53.7,5.04,10,3,False,오전(6-11),원활,0.75
2017-04-20 10:40:00,132,95,37,0,50.2,5.11,10,3,False,오전(6-11),원활,0.0
2017-04-20 10:45:00,132,82,46,4,54.7,5.36,10,3,False,오전(6-11),원활,3.03
2017-04-20 10:50:00,113,77,35,1,52.4,4.5,10,3,False,오전(6-11),원활,0.88
2017-04-20 10:55:00,148,107,38,3,46.7,6.38,10,3,False,오전(6-11),혼잡,2.03
2017-04-20 11:00:00,132,96,34,2,48.9,5.23,11,3,False,오전(6-11),원활,1.52
2017-04-20 11:05:00,128,87,39,2,52.0,5.14,11,3,False,오전(6-11),원활,1.56
2017-04-20 11:10:00,133,94,38,1,51.8,4.99,11,3,False,오전(6-11),원활,0.75
2017-04-20 11:15:00,150,99,50,1,49.2,6.02,11,3,False,오전(6-11),혼잡,0.67
2017-04-20 11:20:00,145,100,43,2,49.8,5.65,11,3,False,오전(6-11),혼잡,1.38
2017-04-20 11:25:00,155,106,47,2,47.8,6.73,11,3,False,오전(6-11),혼잡,1.29
2017-04-20 11:30:00,131,96,34,1,51.7,4.89,11,3,False,오전(6-11),원활,0.76
2017-04-20 11:35:00,149,108,40,1,49.5,6.21,11,3,False,오전(6-11),혼잡,0.67
2017-04-20 11:40:00,156,114,42,0,50.2,6.75,11,3,False,오전(6-11),혼잡,0.0
2017-04-20 11:45:00,150,112,34,4,45.0,7.26,11,3,False,오전(6-11),혼잡,2.67
2017-04-20 11:50:00,176,122,53,1,45.9,7.37,11,3,False,오전(6-11),혼잡,0.57
2017-04-20 11:55:00,187,138,46,3,45.2,7.95,11,3,False,오전(6-11),혼잡,1.6
2017-04-20 12:00:00,150,116,31,3,48.7,6.0,12,3,False,오후(12-17),혼잡,2.0
2017-04-20 12:05:00,169,119,47,3,43.9,7.97,12,3,False,오후(12-17),혼잡,1.78
2017-04-20 12:10:00,106,79,26,1,45.6,5.0,12,3,False,오후(12-17),원활,0.94
2017-04-20 12:15:00,143,96,45,2,45.7,6.3,12,3,False,오후(12-17),혼잡,1.4
2017-04-20 12:20:00,106,79,25,2,49.4,4.23,12,3,False,오후(12-17),원활,1.89
2017-04-20 12:25:00,123,90,32,1,50.6,4.83,12,3,False,오후(12-17),원활,0.81
2017-04-20 12:30:00,115,76,39,0,47.0,4.82,12,3,False,오후(12-17),원활,0.0
2017-04-20 12:35:00,135,105,28,2,48.9,5.73,12,3,False,오후(12-17),혼잡,1.48
2017-04-20 12:40:00,178,126,50,2,46.0,7.86,12,3,False,오후(12-17),혼잡,1.12
2017-04-20 12:45:00,162,117,42,3,44.1,9.2,12,3,False,오후(12-17),혼잡,1.85
2017-04-20 12:50:00,132,100,32,0,48.5,5.05,12,3,False,오후(12-17),원활,0.0
2017-04-20 12:55:00,150,109,39,2,46.4,6.73,12,3,False,오후(12-17),혼잡,1.33
2017-04-20 13:00:00,118,80,38,0,45.0,5.29,13,3,False,오후(12-17),원활,0.0
2017-04-20 13:05:00,141,87,54,0,46.8,6.26,13,3,False,오후(12-17),혼잡,0.0
2017-04-20 13:10:00,153,104,48,1,49.2,6.15,13,3,False,오후(12-17),혼잡,0.65
2017-04-20 13:15:00,157,115,42,0,47.7,6.65,13,3,False,오후(12-17),혼잡,0.0
2017-04-20 13:20:00,165,121,44,0,48.4,7.15,13,3,False,오후(12-17),혼잡,0.0
2017-04-20 13:25:00,151,102,46,3,45.4,6.68,13,3,False,오후(12-17),혼잡,1.99
2017-04-20 13:30:00,135,93,38,4,49.0,5.27,13,3,False,오후(12-17),원활,2.96
2017-04-20 13:35:00,127,91,35,1,49.2,5.39,13,3,False,오후(12-17),원활,0.79
2017-04-20 13:40:00,144,106,38,0,46.5,6.36,13,3,False,오후(12-17),혼잡,0.0
2017-04-20 13:45:00,141,104,35,2,46.3,5.83,13,3,False,오후(12-17),혼잡,1.42
2017-04-20 13:50:00,179,122,57,0,43.3,8.34,13,3,False,오후(12-17),혼잡,0.0
2017-04-20 13:55:00,97,67,29,1,42.5,4.78,13,3,False,오후(12-17),원활,1.03
2017-04-20 14:00:00,174,125,47,2,47.0,7.75,14,3,False,오후(12-17),혼잡,1.15
2017-04-20 14:05:00,152,105,46,1,45.2,6.77,14,3,False,오후(12-17),혼잡,0.66
2017-04-20 14:10:00,138,96,40,2,45.9,6.16,14,3,False,오후(12-17),혼잡,1.45
2017-04-20 14:15:00,159,112,46,1,40.8,8.61,14,3,False,오후(12-17),혼잡,0.63
2017-04-20 14:20:00,134,103,30,1,48.0,5.71,14,3,False,오후(12-17),혼잡,0.75
2017-04-20 14:25:00,133,93,40,0,47.6,5.58,14,3,False,오후(12-17),혼잡,0.0
2017-04-20 14:30:00,149,95,51,3,44.5,9.43,14,3,False,오후(12-17),혼잡,2.01
2017-04-20 14:35:00,167,125,40,2,41.6,8.18,14,3,False,오후(12-17),혼잡,1.2
2017-04-20 14:40:00,150,91,59,0,45.3,6.99,14,3,False,오후(12-17),혼잡,0.0
2017-04-20 14:45:00,144,91,50,3,47.1,7.01,14,3,False,오후(12-17),혼잡,2.08
2017-04-20 14:50:00,126,79,47,0,43.3,6.09,14,3,False,오후(12-17),혼잡,0.0
2017-04-20 14:55:00,135,83,49,3,45.2,7.46,14,3,False,오후(12-17),혼잡,2.22
2017-04-20 15:00:00,126,84,40,2,44.7,5.84,15,3,False,오후(12-17),혼잡,1.59
2017-04-20 15:05:00,151,106,43,2,42.8,7.24,15,3,False,오후(12-17),혼잡,1.32
2017-04-20 15:10:00,150,112,38,0,41.0,7.54,15,3,False,오후(12-17),혼잡,0.0
2017-04-20 15:15:00,138,95,43,0,47.3,6.14,15,3,False,오후(12-17),혼잡,0.0
2017-04-20 15:20:00,155,108,44,3,48.9,7.01,15,3,False,오후(12-17),혼잡,1.94
2017-04-20 15:25:00,141,98,42,1,47.3,6.21,15,3,False,오후(12-17),혼잡,0.71
2017-04-20 15:30:00,128,98,29,1,47.6,5.74,15,3,False,오후(12-17),혼잡,0.78
2017-04-20 15:35:00,125,92,32,1,47.8,5.87,15,3,False,오후(12-17),혼잡,0.8
2017-04-20 15:40:00,123,90,31,2,48.8,5.15,15,3,False,오후(12-17),원활,1.63
2017-04-20 15:45:00,136,91,44,1,48.7,5.78,15,3,False,오후(12-17),혼잡,0.74
2017-04-20 15:50:00,163,117,46,0,50.0,7.14,15,3,False,오후(12-17),혼잡,0.0
2017-04-20 15:55:00,176,132,41,3,46.6,7.68,15,3,False,오후(12-17),혼잡,1.7
2017-04-20 16:00:00,170,121,48,1,46.1,7.47,16,3,False,오후(12-17),혼잡,0.59
2017-04-20 16:05:00,179,125,52,2,45.3,8.17,16,3,False,오후(12-17),혼잡,1.12
2017-04-20 16:10:00,156,115,41,0,39.1,8.69,16,3,False,오후(12-17),혼잡,0.0
2017-04-20 16:15:00,152,111,37,4,42.5,7.41,16,3,False,오후(12-17),혼잡,2.63
2017-04-20 16:20:00,150,110,39,1,43.2,7.01,16,3,False,오후(12-17),혼잡,0.67
2017-04-20 16:25:00,136,96,40,0,47.5,5.84,16,3,False,오후(12-17),혼잡,0.0
2017-04-20 16:30:00,155,119,35,1,47.9,6.53,16,3,False,오후(12-17),혼잡,0.65
2017-04-20 16:35:00,154,116,37,1,47.3,6.57,16,3,False,오후(12-17),혼잡,0.65
2017-04-20 16:40:00,185,142,43,0,48.8,7.32,16,3,False,오후(12-17),혼잡,0.0
2017-04-20 16:45:00,158,107,49,2,47.3,7.05,16,3,False,오후(12-17),혼잡,1.27
2017-04-20 16:50:00,144,104,39,1,46.5,5.99,16,3,False,오후(12-17),혼잡,0.69
2017-04-20 16:55:00,144,111,33,0,51.9,5.62,16,3,False,오후(12-17),혼잡,0.0
2017-04-20 17:00:00,140,88,50,2,48.2,6.07,17,3,False,오후(12-17),혼잡,1.43
2017-04-20 17:05:00,179,127,50,2,47.8,7.38,17,3,False,오후(12-17),혼잡,1.12
2017-04-20 17:10:00,138,100,36,2,44.0,5.46,17,3,False,오후(12-17),원활,1.45
2017-04-20 17:15:00,151,107,42,2,42.7,7.02,17,3,False,오후(12-17),혼잡,1.32
2017-04-20 17:20:00,175,139,34,2,47.1,7.53,17,3,False,오후(12-17),혼잡,1.14
2017-04-20 17:25:00,160,109,50,1,48.9,6.36,17,3,False,오후(12-17),혼잡,0.62
2017-04-20 17:30:00,144,110,33,1,48.0,6.06,17,3,False,오후(12-17),혼잡,0.69
2017-04-20 17:35:00,101,72,27,2,43.6,5.68,17,3,False,오후(12-17),혼잡,1.98
2017-04-20 17:40:00,165,110,52,3,47.3,7.3,17,3,False,오후(12-17),혼잡,1.82
2017-04-20 17:45:00,166,121,44,1,47.3,6.49,17,3,False,오후(12-17),혼잡,0.6
2017-04-20 17:50:00,158,125,33,0,45.6,6.68,17,3,False,오후(12-17),혼잡,0.0
2017-04-20 17:55:00,126,95,27,4,41.3,6.42,17,3,False,오후(12-17),혼잡,3.17
2017-04-20 18:00:00,178,125,51,2,44.6,7.81,18,3,False,저녁(18-23),혼잡,1.12
2017-04-20 18:05:00,216,163,51,2,36.3,12.87,18,3,False,저녁(18-23),혼잡,0.93
2017-04-20 18:10:00,201,141,56,4,36.2,19.92,18,3,False,저녁(18-23),혼잡,1.99
2017-04-20 18:15:00,192,135,53,4,37.0,10.9,18,3,False,저녁(18-23),혼잡,2.08
2017-04-20 18:20:00,210,161,48,1,37.8,10.01,18,3,False,저녁(18-23),혼잡,0.48
2017-04-20 18:25:00,247,177,70,0,33.6,14.7,18,3,False,저녁(18-23),혼잡,0.0
2017-04-20 18:30:00,179,131,45,3,38.0,9.01,18,3,False,저녁(18-23),혼잡,1.68
2017-04-20 18:35:00,159,116,38,5,40.8,8.54,18,3,False,저녁(18-23),혼잡,3.14
2017-04-20 18:40:00,136,89,40,7,41.0,7.15,18,3,False,저녁(18-23),혼잡,5.15
2017-04-20 18:45:00,179,130,46,3,43.2,7.65,18,3,False,저녁(18-23),혼잡,1.68
2017-04-20 18:50:00,159,103,46,10,46.6,6.59,18,3,False,저녁(18-23),혼잡,6.29
2017-04-20 18:55:00,122,81,41,0,43.1,6.17,18,3,False,저녁(18-23),혼잡,0.0
2017-04-20 19:00:00,133,98,32,3,43.2,5.99,19,3,False,저녁(18-23),혼잡,2.26
2017-04-20 19:05:00,142,96,44,2,47.6,6.2,19,3,False,저녁(18-23),혼잡,1.41
2017-04-20 19:10:00,166,116,48,2,42.6,7.61,19,3,False,저녁(18-23),혼잡,1.2
2017-04-20 19:15:00,153,124,26,3,43.2,7.45,19,3,False,저녁(18-23),혼잡,1.96
2017-04-20 19:20:00,110,85,25,0,46.2,10.8,19,3,False,저녁(18-23),혼잡,0.0
2017-04-20 19:25:00,129,97,31,1,41.7,7.03,19,3,False,저녁(18-23),혼잡,0.78
2017-04-20 19:30:00,131,103,28,0,47.1,6.95,19,3,False,저녁(18-23),혼잡,0.0
2017-04-20 19:35:00,127,105,20,2,49.1,6.2,19,3,False,저녁(18-23),혼잡,1.57
2017-04-20 19:40:00,100,76,23,1,44.8,4.94,19,3,False,저녁(18-23),원활,1.0
2017-04-20 19:45:00,125,96,29,0,42.2,6.81,19,3,False,저녁(18-23),혼잡,0.0
2017-04-20 19:50:00,111,81,29,1,46.3,5.45,19,3,False,저녁(18-23),원활,0.9
2017-04-20 19:55:00,128,103,24,1,44.1,6.96,19,3,False,저녁(18-23),혼잡,0.78
2017-04-20 20:00:00,122,97,25,0,42.9,6.32,20,3,False,저녁(18-23),혼잡,0.0
2017-04-20 20:05:00,104,86,17,1,47.2,4.92,20,3,False,저녁(18-23),원활,0.96
2017-04-20 20:10:00,126,105,21,0,48.2,6.26,20,3,False,저녁(18-23),혼잡,0.0
2017-04-20 20:15:00,130,102,28,0,50.7,6.05,20,3,False,저녁(18-23),혼잡,0.0
2017-04-20 20:20:00,108,80,27,1,48.0,5.19,20,3,False,저녁(18-23),원활,0.93
2017-04-20 20:25:00,122,99,22,1,42.9,6.77,20,3,False,저녁(18-23),혼잡,0.82
2017-04-20 20:30:00,98,76,22,0,50.6,4.05,20,3,False,저녁(18-23),원활,0.0
2017-04-20 20:35:00,138,112,26,0,42.1,7.83,20,3,False,저녁(18-23),혼잡,0.0
2017-04-20 20:40:00,96,78,17,1,47.9,7.29,20,3,False,저녁(18-23),혼잡,1.04
2017-04-20 20:45:00,96,69,27,0,43.3,5.02,20,3,False,저녁(18-23),원활,0.0
2017-04-20 20:50:00,105,86,18,1,52.6,4.97,20,3,False,저녁(18-23),원활,0.95
2017-04-20 20:55:00,143,117,25,1,47.6,7.22,20,3,False,저녁(18-23),혼잡,0.7
2017-04-20 21:00:00,103,76,27,0,49.9,4.82,21,3,False,저녁(18-23),원활,0.0
2017-04-20 21:05:00,106,83,23,0,44.5,5.73,21,3,False,저녁(18-23),혼잡,0.0
2017-04-20 21:10:00,97,77,20,0,44.0,5.36,21,3,False,저녁(18-23),원활,0.0
2017-04-20 21:15:00,127,106,20,1,44.9,7.21,21,3,False,저녁(18-23),혼잡,0.79
2017-04-20 21:20:00,118,96,22,0,46.6,5.97,21,3,False,저녁(18-23),혼잡,0.0
2017-04-20 21:25:00,131,115,16,0,41.8,6.65,21,3,False,저녁(18-23),혼잡,0.0
2017-04-20 21:30:00,99,78,19,2,47.0,5.11,21,3,False,저녁(18-23),원활,2.02
2017-04-20 21:35:00,85,65,20,0,45.6,4.41,21,3,False,저녁(18-23),원활,0.0
2017-04-20 21:40:00,96,76,20,0,45.3,4.8,21,3,False,저녁(18-23),원활,0.0
2017-04-20 21:45:00,102,87,15,0,46.3,4.6,21,3,False,저녁(18-23),원활,0.0
2017-04-20 21:50:00,101,82,19,0,44.8,5.12,21,3,False,저녁(18-23),원활,0.0
2017-04-20 21:55:00,112,96,16,0,46.6,5.24,21,3,False,저녁(18-23),원활,0.0
2017-04-20 22:00:00,116,97,15,4,51.6,5.92,22,3,False,저녁(18-23),혼잡,3.45
2017-04-20 22:05:00,95,72,23,0,51.8,4.96,22,3,False,저녁(18-23),원활,0.0
2017-04-20 22:10:00,120,102,17,1,48.6,5.5,22,3,False,저녁(18-23),원활,0.83
2017-04-20 22:15:00,118,104,14,0,43.3,5.99,22,3,False,저녁(18-23),혼잡,0.0
2017-04-20 22:20:00,91,76,15,0,45.2,4.99,22,3,False,저녁(18-23),원활,0.0
2017-04-20 22:25:00,104,85,19,0,45.9,5.17,22,3,False,저녁(18-23),원활,0.0
2017-04-20 22:30:00,74,60,13,1,47.1,3.83,22,3,False,저녁(18-23),원활,1.35
2017-04-20 22:35:00,75,57,18,0,53.6,3.68,22,3,False,저녁(18-23),원활,0.0
2017-04-20 22:40:00,86,68,18,0,49.3,3.98,22,3,False,저녁(18-23),원활,0.0
2017-04-20 22:45:00,89,63,24,2,50.4,4.21,22,3,False,저녁(18-23),원활,2.25
2017-04-20 22:50:00,64,46,18,0,47.4,3.17,22,3,False,저녁(18-23),원활,0.0
2017-04-20 22:55:00,78,61,15,2,53.0,4.15,22,3,False,저녁(18-23),원활,2.56
2017-04-20 23:00:00,58,47,11,0,49.3,2.75,23,3,False,저녁(18-23),원활,0.0
2017-04-20 23:05:00,88,65,21,2,46.5,4.47,23,3,False,저녁(18-23),원활,2.27
2017-04-20 23:10:00,58,42,16,0,47.1,2.87,23,3,False,저녁(18-23),원활,0.0
2017-04-20 23:15:00,66,44,21,1,54.8,3.02,23,3,False,저녁(18-23),원활,1.52
2017-04-20 23:20:00,59,43,16,0,52.6,2.45,23,3,False,저녁(18-23),원활,0.0
2017-04-20 23:25:00,48,35,13,0,53.6,2.4,23,3,False,저녁(18-23),원활,0.0
2017-04-20 23:30:00,59,45,14,0,52.6,2.86,23,3,False,저녁(18-23),원활,0.0
2017-04-20 23:35:00,46,34,12,0,54.9,1.77,23,3,False,저녁(18-23),원활,0.0
2017-04-20 23:40:00,41,27,14,0,52.0,1.78,23,3,False,저녁(18-23),원활,0.0
2017-04-20 23:45:00,57,42,15,0,52.1,2.29,23,3,False,저녁(18-23),원활,0.0
2017-04-20 23:50:00,39,30,9,0,58.6,1.61,23,3,False,저녁(18-23),원활,0.0
2017-04-20 23:55:00,57,42,15,0,51.2,2.5,23,3,False,저녁(18-23),원활,0.0
2017-04-21 00:00:00,46,33,12,1,56.1,1.97,0,4,False,새벽(0-5),원활,2.17
2017-04-21 00:05:00,45,31,14,0,56.2,1.92,0,4,False,새벽(0-5),원활,0.0
2017-04-21 00:10:00,51,39,12,0,53.8,2.09,0,4,False,새벽(0-5),원활,0.0
2017-04-21 00:15:00,38,26,12,0,50.1,1.73,0,4,False,새벽(0-5),원활,0.0
2017-04-21 00:20:00,33,27,6,0,55.5,1.47,0,4,False,새벽(0-5),원활,0.0
2017-04-21 00:25:00,37,21,16,0,57.4,1.45,0,4,False,새벽(0-5),원활,0.0
2017-04-21 00:30:00,34,23,11,0,63.0,1.41,0,4,False,새벽(0-5),원활,0.0
2017-04-21 00:35:00,40,27,13,0,59.2,1.5,0,4,False,새벽(0-5),원활,0.0
2017-04-21 00:40:00,27,19,8,0,57.6,0.99,0,4,False,새벽(0-5),원활,0.0
2017-04-21 00:45:00,33,21,12,0,55.2,1.56,0,4,False,새벽(0-5),원활,0.0
2017-04-21 00:50:00,24,16,7,1,57.6,1.01,0,4,False,새벽(0-5),원활,4.17
2017-04-21 00:55:00,32,22,10,0,58.1,1.27,0,4,False,새벽(0-5),원활,0.0
2017-04-21 01:00:00,20,16,4,0,56.7,0.8,1,4,False,새벽(0-5),원활,0.0
2017-04-21 01:05:00,24,14,10,0,64.5,1.02,1,4,False,새벽(0-5),원활,0.0
2017-04-21 01:10:00,23,18,5,0,56.1,0.96,1,4,False,새벽(0-5),원활,0.0
2017-04-21 01:15:00,29,19,10,0,62.3,1.09,1,4,False,새벽(0-5),원활,0.0
2017-04-21 01:20:00,25,16,9,0,56.0,1.05,1,4,False,새벽(0-5),원활,0.0
2017-04-21 01:25:00,21,15,6,0,56.0,0.83,1,4,False,새벽(0-5),원활,0.0
2017-04-21 01:30:00,26,16,10,0,55.4,1.16,1,4,False,새벽(0-5),원활,0.0
2017-04-21 01:35:00,19,12,7,0,55.2,0.87,1,4,False,새벽(0-5),원활,0.0
2017-04-21 01:40:00,24,19,5,0,53.9,0.93,1,4,False,새벽(0-5),원활,0.0
2017-04-21 01:45:00,21,16,5,0,52.7,1.27,1,4,False,새벽(0-5),원활,0.0
2017-04-21 01:50:00,20,13,7,0,57.2,19.39,1,4,False,새벽(0-5),혼잡,0.0
2017-04-21 01:55:00,14,11,3,0,62.4,4.2,1,4,False,새벽(0-5),원활,0.0
2017-04-21 02:00:00,21,16,5,0,53.9,0.92,2,4,False,새벽(0-5),원활,0.0
2017-04-21 02:05:00,23,17,6,0,61.3,0.84,2,4,False,새벽(0-5),원활,0.0
2017-04-21 02:10:00,23,14,9,0,54.6,0.94,2,4,False,새벽(0-5),원활,0.0
2017-04-21 02:15:00,17,12,5,0,62.1,0.72,2,4,False,새벽(0-5),원활,0.0
2017-04-21 02:20:00,14,9,5,0,60.9,0.55,2,4,False,새벽(0-5),원활,0.0
2017-04-21 02:25:00,10,9,1,0,59.4,0.31,2,4,False,새벽(0-5),원활,0.0
2017-04-21 02:30:00,12,7,5,0,50.7,0.38,2,4,False,새벽(0-5),원활,0.0
2017-04-21 02:35:00,11,6,4,1,47.8,0.55,2,4,False,새벽(0-5),원활,9.09
2017-04-21 02:40:00,15,14,1,0,53.7,0.69,2,4,False,새벽(0-5),원활,0.0
2017-04-21 02:45:00,24,12,12,0,57.1,0.99,2,4,False,새벽(0-5),원활,0.0
2017-04-21 02:50:00,18,12,6,0,61.3,0.76,2,4,False,새벽(0-5),원활,0.0
2017-04-21 02:55:00,12,7,5,0,62.8,0.53,2,4,False,새벽(0-5),원활,0.0
2017-04-21 03:00:00,7,5,2,0,51.4,0.28,3,4,False,새벽(0-5),원활,0.0
2017-04-21 03:05:00,11,9,2,0,54.6,0.68,3,4,False,새벽(0-5),원활,0.0
2017-04-21 03:10:00,24,18,6,0,54.3,0.97,3,4,False,새벽(0-5),원활,0.0
2017-04-21 03:15:00,23,17,6,0,47.1,1.07,3,4,False,새벽(0-5),원활,0.0
2017-04-21 03:20:00,12,9,3,0,46.7,0.52,3,4,False,새벽(0-5),원활,0.0
2017-04-21 03:25:00,13,7,6,0,62.1,0.55,3,4,False,새벽(0-5),원활,0.0
2017-04-21 03:30:00,14,10,4,0,57.3,0.71,3,4,False,새벽(0-5),원활,0.0
2017-04-21 03:35:00,18,10,8,0,51.3,0.97,3,4,False,새벽(0-5),원활,0.0
2017-04-21 03:40:00,14,11,3,0,52.5,0.5,3,4,False,새벽(0-5),원활,0.0
2017-04-21 03:45:00,22,11,11,0,66.9,0.97,3,4,False,새벽(0-5),원활,0.0
2017-04-21 03:50:00,21,11,10,0,59.8,0.93,3,4,False,새벽(0-5),원활,0.0
2017-04-21 03:55:00,8,4,4,0,52.2,0.36,3,4,False,새벽(0-5),원활,0.0
2017-04-21 04:00:00,10,9,1,0,49.4,0.4,4,4,False,새벽(0-5),원활,0.0
2017-04-21 04:05:00,16,12,4,0,57.8,0.64,4,4,False,새벽(0-5),원활,0.0
2017-04-21 04:10:00,8,6,2,0,70.3,0.3,4,4,False,새벽(0-5),원활,0.0
2017-04-21 04:15:00,15,14,1,0,52.2,0.72,4,4,False,새벽(0-5),원활,0.0
2017-04-21 04:20:00,12,8,4,0,49.7,0.58,4,4,False,새벽(0-5),원활,0.0
2017-04-21 04:25:00,8,2,6,0,59.2,0.41,4,4,False,새벽(0-5),원활,0.0
2017-04-21 04:30:00,18,12,6,0,61.0,0.74,4,4,False,새벽(0-5),원활,0.0
2017-04-21 04:35:00,22,12,10,0,63.1,0.92,4,4,False,새벽(0-5),원활,0.0
2017-04-21 04:40:00,17,12,5,0,57.5,0.74,4,4,False,새벽(0-5),원활,0.0
2017-04-21 04:45:00,36,26,9,1,52.1,1.57,4,4,False,새벽(0-5),원활,2.78
2017-04-21 04:50:00,20,11,9,0,56.5,0.86,4,4,False,새벽(0-5),원활,0.0
2017-04-21 04:55:00,26,22,4,0,51.7,1.02,4,4,False,새벽(0-5),원활,0.0
2017-04-21 05:00:00,30,18,12,0,51.9,1.45,5,4,False,새벽(0-5),원활,0.0
2017-04-21 05:05:00,29,23,6,0,53.8,1.34,5,4,False,새벽(0-5),원활,0.0
2017-04-21 05:10:00,31,21,10,0,53.1,1.21,5,4,False,새벽(0-5),원활,0.0
2017-04-21 05:15:00,50,35,15,0,54.6,2.76,5,4,False,새벽(0-5),원활,0.0
2017-04-21 05:20:00,59,41,17,1,50.2,2.71,5,4,False,새벽(0-5),원활,1.69
2017-04-21 05:25:00,57,42,15,0,58.9,2.64,5,4,False,새벽(0-5),원활,0.0
2017-04-21 05:30:00,40,28,12,0,66.2,1.57,5,4,False,새벽(0-5),원활,0.0
2017-04-21 05:35:00,56,31,22,3,55.2,2.52,5,4,False,새벽(0-5),원활,5.36
2017-04-21 05:40:00,53,36,17,0,59.8,1.97,5,4,False,새벽(0-5),원활,0.0
2017-04-21 05:45:00,50,35,15,0,51.9,2.0,5,4,False,새벽(0-5),원활,0.0
2017-04-21 05:50:00,48,38,10,0,60.5,1.52,5,4,False,새벽(0-5),원활,0.0
2017-04-21 05:55:00,95,67,27,1,59.9,3.39,5,4,False,새벽(0-5),원활,1.05
2017-04-21 06:00:00,73,43,29,1,53.9,2.86,6,4,False,오전(6-11),원활,1.37
2017-04-21 06:05:00,78,42,34,2,57.9,2.93,6,4,False,오전(6-11),원활,2.56
2017-04-21 06:10:00,72,47,24,1,59.5,2.67,6,4,False,오전(6-11),원활,1.39
2017-04-21 06:15:00,85,54,30,1,58.4,3.08,6,4,False,오전(6-11),원활,1.18
2017-04-21 06:20:00,80,54,24,2,59.5,2.71,6,4,False,오전(6-11),원활,2.5
2017-04-21 06:25:00,114,71,41,2,54.0,4.25,6,4,False,오전(6-11),원활,1.75
2017-04-21 06:30:00,103,63,39,1,60.7,3.73,6,4,False,오전(6-11),원활,0.97
2017-04-21 06:35:00,131,82,47,2,54.4,5.11,6,4,False,오전(6-11),원활,1.53
2017-04-21 06:40:00,122,81,40,1,54.4,4.6,6,4,False,오전(6-11),원활,0.82
2017-04-21 06:45:00,123,84,38,1,56.1,4.85,6,4,False,오전(6-11),원활,0.81
2017-04-21 06:50:00,136,94,42,0,50.7,5.22,6,4,False,오전(6-11),원활,0.0
2017-04-21 06:55:00,128,78,45,5,53.7,5.57,6,4,False,오전(6-11),혼잡,3.91
2017-04-21 07:00:00,127,83,41,3,50.6,5.04,7,4,False,오전(6-11),원활,2.36
2017-04-21 07:05:00,161,99,61,1,50.9,6.65,7,4,False,오전(6-11),혼잡,0.62
2017-04-21 07:10:00,200,128,68,4,51.0,8.15,7,4,False,오전(6-11),혼잡,2.0
2017-04-21 07:15:00,235,161,70,4,48.2,10.58,7,4,False,오전(6-11),혼잡,1.7
2017-04-21 07:20:00,191,139,52,0,43.8,9.4,7,4,False,오전(6-11),혼잡,0.0
2017-04-21 07:25:00,189,127,62,0,39.8,10.19,7,4,False,오전(6-11),혼잡,0.0
2017-04-21 07:30:00,250,173,75,2,40.6,14.15,7,4,False,오전(6-11),혼잡,0.8
2017-04-21 07:35:00,306,212,91,3,46.8,12.78,7,4,False,오전(6-11),혼잡,0.98
2017-04-21 07:40:00,237,178,57,2,42.3,22.39,7,4,False,오전(6-11),혼잡,0.84
2017-04-21 07:45:00,229,165,63,1,42.7,10.46,7,4,False,오전(6-11),혼잡,0.44
2017-04-21 07:50:00,269,189,76,4,40.7,12.99,7,4,False,오전(6-11),혼잡,1.49
2017-04-21 07:55:00,300,208,88,4,45.3,12.59,7,4,False,오전(6-11),혼잡,1.33
2017-04-21 08:00:00,250,167,75,8,44.2,11.21,8,4,False,오전(6-11),혼잡,3.2
2017-04-21 08:05:00,211,152,55,4,43.4,15.7,8,4,False,오전(6-11),혼잡,1.9
2017-04-21 08:10:00,248,181,63,4,44.1,11.08,8,4,False,오전(6-11),혼잡,1.61
2017-04-21 08:15:00,263,198,60,5,43.9,11.53,8,4,False,오전(6-11),혼잡,1.9
2017-04-21 08:20:00,253,177,74,2,44.3,10.72,8,4,False,오전(6-11),혼잡,0.79
2017-04-21 08:25:00,166,125,38,3,36.3,24.0,8,4,False,오전(6-11),혼잡,1.81
2017-04-21 08:30:00,205,146,56,3,35.6,25.86,8,4,False,오전(6-11),혼잡,1.46
2017-04-21 08:35:00,261,186,71,4,39.6,13.01,8,4,False,오전(6-11),혼잡,1.53
2017-04-21 08:40:00,233,169,62,2,43.8,11.02,8,4,False,오전(6-11),혼잡,0.86
2017-04-21 08:45:00,178,127,50,1,44.9,7.87,8,4,False,오전(6-11),혼잡,0.56
2017-04-21 08:50:00,154,97,56,1,46.6,6.67,8,4,False,오전(6-11),혼잡,0.65
2017-04-21 08:55:00,195,133,57,5,49.5,8.85,8,4,False,오전(6-11),혼잡,2.56
2017-04-21 09:00:00,180,126,51,3,46.3,7.86,9,4,False,오전(6-11),혼잡,1.67
2017-04-21 09:05:00,164,107,55,2,49.9,6.89,9,4,False,오전(6-11),혼잡,1.22
2017-04-21 09:10:00,141,89,50,2,46.4,6.52,9,4,False,오전(6-11),혼잡,1.42
2017-04-21 09:15:00,176,113,60,3,48.7,7.37,9,4,False,오전(6-11),혼잡,1.7
2017-04-21 09:20:00,186,135,50,1,51.8,7.45,9,4,False,오전(6-11),혼잡,0.54
2017-04-21 09:25:00,188,122,64,2,48.9,7.88,9,4,False,오전(6-11),혼잡,1.06
2017-04-21 09:30:00,150,105,44,1,46.1,7.08,9,4,False,오전(6-11),혼잡,0.67
2017-04-21 09:35:00,164,106,58,0,47.6,7.44,9,4,False,오전(6-11),혼잡,0.0
2017-04-21 09:40:00,156,105,51,0,48.2,6.86,9,4,False,오전(6-11),혼잡,0.0
2017-04-21 09:45:00,146,94,51,1,49.5,6.28,9,4,False,오전(6-11),혼잡,0.68
2017-04-21 09:50:00,159,103,56,0,52.7,6.11,9,4,False,오전(6-11),혼잡,0.0
2017-04-21 09:55:00,172,110,60,2,48.7,7.26,9,4,False,오전(6-11),혼잡,1.16
2017-04-21 10:00:00,169,108,61,0,49.1,7.17,10,4,False,오전(6-11),혼잡,0.0
2017-04-21 10:05:00,160,100,57,3,48.6,6.82,10,4,False,오전(6-11),혼잡,1.88
2017-04-21 10:10:00,150,95,54,1,47.7,6.92,10,4,False,오전(6-11),혼잡,0.67
2017-04-21 10:15:00,141,90,50,1,51.4,5.79,10,4,False,오전(6-11),혼잡,0.71
2017-04-21 10:20:00,127,82,45,0,50.1,5.27,10,4,False,오전(6-11),원활,0.0
2017-04-21 10:25:00,130,78,50,2,48.1,6.87,10,4,False,오전(6-11),혼잡,1.54
2017-04-21 10:30:00,149,93,55,1,53.1,5.82,10,4,False,오전(6-11),혼잡,0.67
2017-04-21 10:35:00,160,105,52,3,49.2,7.3,10,4,False,오전(6-11),혼잡,1.88
2017-04-21 10:40:00,149,87,60,2,51.2,5.92,10,4,False,오전(6-11),혼잡,1.34
2017-04-21 10:45:00,145,91,53,1,50.6,6.22,10,4,False,오전(6-11),혼잡,0.69
2017-04-21 10:50:00,131,68,62,1,46.3,6.03,10,4,False,오전(6-11),혼잡,0.76
2017-04-21 10:55:00,125,81,43,1,48.8,5.43,10,4,False,오전(6-11),원활,0.8
2017-04-21 11:00:00,120,80,38,2,52.1,4.82,11,4,False,오전(6-11),원활,1.67
2017-04-21 11:05:00,109,77,32,0,50.1,4.45,11,4,False,오전(6-11),원활,0.0
2017-04-21 11:10:00,139,95,44,0,49.4,5.74,11,4,False,오전(6-11),혼잡,0.0
2017-04-21 11:15:00,136,90,45,1,49.9,5.44,11,4,False,오전(6-11),원활,0.74
2017-04-21 11:20:00,139,91,47,1,48.7,5.85,11,4,False,오전(6-11),혼잡,0.72
2017-04-21 11:25:00,178,125,53,0,47.9,7.69,11,4,False,오전(6-11),혼잡,0.0
2017-04-21 11:30:00,136,96,40,0,46.9,5.67,11,4,False,오전(6-11),혼잡,0.0
2017-04-21 11:35:00,145,103,40,2,46.3,6.46,11,4,False,오전(6-11),혼잡,1.38
2017-04-21 11:40:00,152,104,47,1,47.9,6.46,11,4,False,오전(6-11),혼잡,0.66
2017-04-21 11:45:00,183,119,62,2,41.8,9.14,11,4,False,오전(6-11),혼잡,1.09
2017-04-21 11:50:00,170,125,44,1,45.1,9.69,11,4,False,오전(6-11),혼잡,0.59
2017-04-21 11:55:00,173,112,58,3,43.3,8.9,11,4,False,오전(6-11),혼잡,1.73
2017-04-21 12:00:00,152,109,41,2,48.0,6.24,12,4,False,오후(12-17),혼잡,1.32
2017-04-21 12:05:00,157,113,44,0,45.2,7.3,12,4,False,오후(12-17),혼잡,0.0
2017-04-21 12:10:00,117,79,38,0,53.1,4.36,12,4,False,오후(12-17),원활,0.0
2017-04-21 12:15:00,127,78,47,2,51.6,5.49,12,4,False,오후(12-17),원활,1.57
2017-04-21 12:20:00,105,73,31,1,49.1,4.2,12,4,False,오후(12-17),원활,0.95
2017-04-21 12:25:00,77,55,21,1,49.6,3.7,12,4,False,오후(12-17),원활,1.3
2017-04-21 12:30:00,150,95,53,2,47.1,6.51,12,4,False,오후(12-17),혼잡,1.33
2017-04-21 12:35:00,143,100,42,1,48.9,5.78,12,4,False,오후(12-17),혼잡,0.7
2017-04-21 12:40:00,154,112,42,0,44.7,8.14,12,4,False,오후(12-17),혼잡,0.0
2017-04-21 12:45:00,146,94,52,0,47.8,6.29,12,4,False,오후(12-17),혼잡,0.0
2017-04-21 12:50:00,162,103,56,3,43.6,7.26,12,4,False,오후(12-17),혼잡,1.85
2017-04-21 12:55:00,155,110,44,1,44.1,6.96,12,4,False,오후(12-17),혼잡,0.65
2017-04-21 13:00:00,121,85,35,1,50.6,4.8,13,4,False,오후(12-17),원활,0.83
2017-04-21 13:05:00,152,100,50,2,46.1,6.66,13,4,False,오후(12-17),혼잡,1.32
2017-04-21 13:10:00,168,121,46,1,46.3,7.17,13,4,False,오후(12-17),혼잡,0.6
2017-04-21 13:15:00,168,124,42,2,48.2,6.97,13,4,False,오후(12-17),혼잡,1.19
2017-04-21 13:20:00,174,126,47,1,47.1,7.07,13,4,False,오후(12-17),혼잡,0.57
2017-04-21 13:25:00,178,119,58,1,48.4,7.17,13,4,False,오후(12-17),혼잡,0.56
2017-04-21 13:30:00,154,111,43,0,45.1,6.46,13,4,False,오후(12-17),혼잡,0.0
2017-04-21 13:35:00,168,114,53,1,46.3,7.31,13,4,False,오후(12-17),혼잡,0.6
2017-04-21 13:40:00,142,93,49,0,47.6,6.09,13,4,False,오후(12-17),혼잡,0.0
2017-04-21 13:45:00,147,112,33,2,47.9,6.27,13,4,False,오후(12-17),혼잡,1.36
2017-04-21 13:50:00,139,97,39,3,48.3,5.7,13,4,False,오후(12-17),혼잡,2.16
2017-04-21 13:55:00,161,111,47,3,43.9,7.16,13,4,False,오후(12-17),혼잡,1.86
2017-04-21 14:00:00,184,133,49,2,45.6,8.19,14,4,False,오후(12-17),혼잡,1.09
2017-04-21 14:05:00,169,111,55,3,48.3,7.0,14,4,False,오후(12-17),혼잡,1.78
2017-04-21 14:10:00,146,94,52,0,45.9,6.65,14,4,False,오후(12-17),혼잡,0.0
2017-04-21 14:15:00,110,76,32,2,52.6,4.7,14,4,False,오후(12-17),원활,1.82
2017-04-21 14:20:00,148,118,29,1,45.5,6.33,14,4,False,오후(12-17),혼잡,0.68
2017-04-21 14:25:00,161,115,46,0,45.5,6.89,14,4,False,오후(12-17),혼잡,0.0
2017-04-21 14:30:00,179,121,56,2,42.0,8.91,14,4,False,오후(12-17),혼잡,1.12
2017-04-21 14:35:00,183,135,46,2,35.9,11.37,14,4,False,오후(12-17),혼잡,1.09
2017-04-21 14:40:00,159,109,46,4,43.9,6.88,14,4,False,오후(12-17),혼잡,2.52
2017-04-21 14:45:00,152,103,46,3,48.6,6.33,14,4,False,오후(12-17),혼잡,1.97
2017-04-21 14:50:00,156,103,52,1,44.2,7.3,14,4,False,오후(12-17),혼잡,0.64
2017-04-21 14:55:00,147,99,46,2,47.6,6.39,14,4,False,오후(12-17),혼잡,1.36
2017-04-21 15:00:00,128,97,29,2,49.3,5.31,15,4,False,오후(12-17),원활,1.56
2017-04-21 15:05:00,144,95,48,1,48.7,6.02,15,4,False,오후(12-17),혼잡,0.69
2017-04-21 15:10:00,152,100,51,1,48.4,6.51,15,4,False,오후(12-17),혼잡,0.66
2017-04-21 15:15:00,160,119,40,1,49.3,6.14,15,4,False,오후(12-17),혼잡,0.62
2017-04-21 15:20:00,167,119,48,0,44.9,9.8,15,4,False,오후(12-17),혼잡,0.0
2017-04-21 15:25:00,141,96,45,0,49.3,5.69,15,4,False,오후(12-17),혼잡,0.0
2017-04-21 15:30:00,135,103,31,1,48.0,5.37,15,4,False,오후(12-17),원활,0.74
2017-04-21 15:35:00,154,116,37,1,46.4,6.65,15,4,False,오후(12-17),혼잡,0.65
2017-04-21 15:40:00,152,110,42,0,47.1,6.43,15,4,False,오후(12-17),혼잡,0.0
2017-04-21 15:45:00,139,94,45,0,46.3,5.74,15,4,False,오후(12-17),혼잡,0.0
2017-04-21 15:50:00,172,124,47,1,45.6,7.39,15,4,False,오후(12-17),혼잡,0.58
2017-04-21 15:55:00,175,126,46,3,46.7,7.62,15,4,False,오후(12-17),혼잡,1.71
2017-04-21 16:00:00,195,142,50,3,40.6,9.79,16,4,False,오후(12-17),혼잡,1.54
2017-04-21 16:05:00,188,146,42,0,45.7,8.0,16,4,False,오후(12-17),혼잡,0.0
2017-04-21 16:10:00,161,117,43,1,46.5,6.81,16,4,False,오후(12-17),혼잡,0.62
2017-04-21 16:15:00,139,98,41,0,48.2,5.72,16,4,False,오후(12-17),혼잡,0.0
2017-04-21 16:20:00,160,115,45,0,45.2,7.57,16,4,False,오후(12-17),혼잡,0.0
2017-04-21 16:25:00,159,121,35,3,48.3,6.59,16,4,False,오후(12-17),혼잡,1.89
2017-04-21 16:30:00,172,127,43,2,48.4,7.15,16,4,False,오후(12-17),혼잡,1.16
2017-04-21 16:35:00,182,144,36,2,47.5,7.13,16,4,False,오후(12-17),혼잡,1.1
2017-04-21 16:40:00,185,140,42,3,45.2,9.07,16,4,False,오후(12-17),혼잡,1.62
2017-04-21 16:45:00,188,140,46,2,44.6,7.69,16,4,False,오후(12-17),혼잡,1.06
2017-04-21 16:50:00,174,128,41,5,43.2,7.67,16,4,False,오후(12-17),혼잡,2.87
2017-04-21 16:55:00,163,131,31,1,48.8,6.7,16,4,False,오후(12-17),혼잡,0.61
2017-04-21 17:00:00,128,100,27,1,49.1,5.11,17,4,False,오후(12-17),원활,0.78
2017-04-21 17:05:00,183,123,59,1,39.7,18.29,17,4,False,오후(12-17),혼잡,0.55
2017-04-21 17:10:00,144,115,28,1,46.1,5.97,17,4,False,오후(12-17),혼잡,0.69
2017-04-21 17:15:00,172,129,42,1,43.4,7.93,17,4,False,오후(12-17),혼잡,0.58
2017-04-21 17:20:00,203,144,58,1,42.1,9.53,17,4,False,오후(12-17),혼잡,0.49
2017-04-21 17:25:00,194,138,54,2,45.8,7.95,17,4,False,오후(12-17),혼잡,1.03
2017-04-21 17:30:00,127,90,36,1,47.2,5.17,17,4,False,오후(12-17),원활,0.79
2017-04-21 17:35:00,158,107,48,3,43.5,7.22,17,4,False,오후(12-17),혼잡,1.9
2017-04-21 17:40:00,216,161,53,2,37.5,11.52,17,4,False,오후(12-17),혼잡,0.93
2017-04-21 17:45:00,182,133,48,1,45.4,7.84,17,4,False,오후(12-17),혼잡,0.55
2017-04-21 17:50:00,164,128,35,1,45.3,6.79,17,4,False,오후(12-17),혼잡,0.61
2017-04-21 17:55:00,152,119,27,6,41.2,6.89,17,4,False,오후(12-17),혼잡,3.95
2017-04-21 18:00:00,179,129,49,1,42.2,8.48,18,4,False,저녁(18-23),혼잡,0.56
2017-04-21 18:05:00,183,132,46,5,43.9,7.7,18,4,False,저녁(18-23),혼잡,2.73
2017-04-21 18:10:00,200,143,56,1,36.8,13.34,18,4,False,저녁(18-23),혼잡,0.5
2017-04-21 18:15:00,180,126,52,2,37.1,17.23,18,4,False,저녁(18-23),혼잡,1.11
2017-04-21 18:20:00,215,156,57,2,34.0,12.72,18,4,False,저녁(18-23),혼잡,0.93
2017-04-21 18:25:00,255,180,70,5,32.3,23.73,18,4,False,저녁(18-23),혼잡,1.96
2017-04-21 18:30:00,210,160,46,4,34.6,32.49,18,4,False,저녁(18-23),혼잡,1.9
2017-04-21 18:35:00,175,134,40,1,37.0,9.03,18,4,False,저녁(18-23),혼잡,0.57
2017-04-21 18:40:00,160,116,40,4,41.2,7.05,18,4,False,저녁(18-23),혼잡,2.5
2017-04-21 18:45:00,187,146,37,4,40.1,16.77,18,4,False,저녁(18-23),혼잡,2.14
2017-04-21 18:50:00,189,128,54,7,45.5,8.4,18,4,False,저녁(18-23),혼잡,3.7
2017-04-21 18:55:00,134,85,45,4,43.6,5.83,18,4,False,저녁(18-23),혼잡,2.99
2017-04-21 19:00:00,139,95,42,2,41.7,6.42,19,4,False,저녁(18-23),혼잡,1.44
2017-04-21 19:05:00,170,114,54,2,39.7,9.27,19,4,False,저녁(18-23),혼잡,1.18
2017-04-21 19:10:00,173,124,46,3,39.6,8.29,19,4,False,저녁(18-23),혼잡,1.73
2017-04-21 19:15:00,173,122,49,2,40.8,8.9,19,4,False,저녁(18-23),혼잡,1.16
2017-04-21 19:20:00,123,110,13,0,42.7,6.15,19,4,False,저녁(18-23),혼잡,0.0
2017-04-21 19:25:00,162,142,19,1,40.8,9.0,19,4,False,저녁(18-23),혼잡,0.62
2017-04-21 19:30:00,153,120,32,1,43.6,7.3,19,4,False,저녁(18-23),혼잡,0.65
2017-04-21 19:35:00,155,121,34,0,42.9,7.53,19,4,False,저녁(18-23),혼잡,0.0
2017-04-21 19:40:00,133,108,24,1,41.9,7.68,19,4,False,저녁(18-23),혼잡,0.75
2017-04-21 19:45:00,129,106,21,2,44.6,5.75,19,4,False,저녁(18-23),혼잡,1.55
2017-04-21 19:50:00,121,96,25,0,46.7,6.26,19,4,False,저녁(18-23),혼잡,0.0
2017-04-21 19:55:00,115,85,30,0,45.2,5.7,19,4,False,저녁(18-23),혼잡,0.0
2017-04-21 20:00:00,113,82,30,1,44.2,5.55,20,4,False,저녁(18-23),원활,0.88
2017-04-21 20:05:00,127,99,27,1,44.0,6.28,20,4,False,저녁(18-23),혼잡,0.79
2017-04-21 20:10:00,153,121,32,0,45.8,7.58,20,4,False,저녁(18-23),혼잡,0.0
2017-04-21 20:15:00,116,92,22,2,45.2,5.94,20,4,False,저녁(18-23),혼잡,1.72
2017-04-21 20:20:00,149,117,31,1,38.8,9.04,20,4,False,저녁(18-23),혼잡,0.67
2017-04-21 20:25:00,107,79,27,1,46.0,5.25,20,4,False,저녁(18-23),원활,0.93
2017-04-21 20:30:00,115,95,20,0,49.2,5.86,20,4,False,저녁(18-23),혼잡,0.0
2017-04-21 20:35:00,128,97,31,0,48.6,6.67,20,4,False,저녁(18-23),혼잡,0.0
2017-04-21 20:40:00,102,85,17,0,45.5,10.27,20,4,False,저녁(18-23),혼잡,0.0
2017-04-21 20:45:00,109,85,24,0,46.4,5.11,20,4,False,저녁(18-23),원활,0.0
2017-04-21 20:50:00,132,103,29,0,44.0,6.3,20,4,False,저녁(18-23),혼잡,0.0
2017-04-21 20:55:00,142,120,22,0,44.5,6.74,20,4,False,저녁(18-23),혼잡,0.0
2017-04-21 21:00:00,116,95,20,1,46.2,5.94,21,4,False,저녁(18-23),혼잡,0.86
2017-04-21 21:05:00,122,97,24,1,40.8,6.75,21,4,False,저녁(18-23),혼잡,0.82
2017-04-21 21:10:00,111,89,22,0,45.3,5.8,21,4,False,저녁(18-23),혼잡,0.0
2017-04-21 21:15:00,121,97,23,1,45.3,5.84,21,4,False,저녁(18-23),혼잡,0.83
2017-04-21 21:20:00,115,94,21,0,44.3,6.03,21,4,False,저녁(18-23),혼잡,0.0
2017-04-21 21:25:00,137,116,20,1,42.8,7.19,21,4,False,저녁(18-23),혼잡,0.73
2017-04-21 21:30:00,114,90,24,0,44.9,6.04,21,4,False,저녁(18-23),혼잡,0.0
2017-04-21 21:35:00,131,100,31,0,40.2,11.14,21,4,False,저녁(18-23),혼잡,0.0
2017-04-21 21:40:00,125,111,14,0,43.7,6.45,21,4,False,저녁(18-23),혼잡,0.0
2017-04-21 21:45:00,138,115,21,2,42.4,7.27,21,4,False,저녁(18-23),혼잡,1.45
2017-04-21 21:50:00,112,86,25,1,42.1,5.4,21,4,False,저녁(18-23),원활,0.89
2017-04-21 21:55:00,99,82,16,1,45.1,4.78,21,4,False,저녁(18-23),원활,1.01
2017-04-21 22:00:00,138,109,28,1,44.6,6.65,22,4,False,저녁(18-23),혼잡,0.72
2017-04-21 22:05:00,109,82,27,0,46.5,5.33,22,4,False,저녁(18-23),원활,0.0
2017-04-21 22:10:00,98,82,15,1,43.3,5.3,22,4,False,저녁(18-23),원활,1.02
2017-04-21 22:15:00,108,77,31,0,46.5,5.55,22,4,False,저녁(18-23),원활,0.0
2017-04-21 22:20:00,94,75,19,0,46.1,5.03,22,4,False,저녁(18-23),원활,0.0
2017-04-21 22:25:00,112,88,24,0,45.1,5.37,22,4,False,저녁(18-23),원활,0.0
2017-04-21 22:30:00,84,65,19,0,46.3,9.54,22,4,False,저녁(18-23),혼잡,0.0
2017-04-21 22:35:00,78,57,21,0,46.6,7.09,22,4,False,저녁(18-23),혼잡,0.0
2017-04-21 22:40:00,92,68,23,1,49.0,4.37,22,4,False,저녁(18-23),원활,1.09
2017-04-21 22:45:00,98,77,21,0,48.3,4.37,22,4,False,저녁(18-23),원활,0.0
2017-04-21 22:50:00,74,51,21,2,49.8,3.55,22,4,False,저녁(18-23),원활,2.7
2017-04-21 22:55:00,92,81,11,0,46.9,4.42,22,4,False,저녁(18-23),원활,0.0
2017-04-21 23:00:00,67,46,21,0,48.6,3.87,23,4,False,저녁(18-23),원활,0.0
2017-04-21 23:05:00,82,66,15,1,49.5,3.63,23,4,False,저녁(18-23),원활,1.22
2017-04-21 23:10:00,69,52,17,0,50.6,3.64,23,4,False,저녁(18-23),원활,0.0
2017-04-21 23:15:00,88,68,20,0,48.6,4.03,23,4,False,저녁(18-23),원활,0.0
2017-04-21 23:20:00,70,54,16,0,54.1,3.03,23,4,False,저녁(18-23),원활,0.0
2017-04-21 23:25:00,61,47,13,1,55.2,2.8,23,4,False,저녁(18-23),원활,1.64
2017-04-21 23:30:00,56,44,12,0,49.0,2.46,23,4,False,저녁(18-23),원활,0.0
2017-04-21 23:35:00,73,55,17,1,50.9,3.36,23,4,False,저녁(18-23),원활,1.37
2017-04-21 23:40:00,46,37,9,0,53.5,1.99,23,4,False,저녁(18-23),원활,0.0
2017-04-21 23:45:00,44,35,9,0,55.5,1.68,23,4,False,저녁(18-23),원활,0.0
2017-04-21 23:50:00,42,32,10,0,53.8,1.88,23,4,False,저녁(18-23),원활,0.0
2017-04-21 23:55:00,56,41,15,0,53.6,2.3,23,4,False,저녁(18-23),원활,0.0
2017-04-22 00:00:00,61,39,22,0,57.4,2.4,0,5,True,새벽(0-5),원활,0.0
2017-04-22 00:05:00,54,43,11,0,52.9,2.13,0,5,True,새벽(0-5),원활,0.0
2017-04-22 00:10:00,30,24,6,0,58.1,1.23,0,5,True,새벽(0-5),원활,0.0
2017-04-22 00:15:00,51,41,9,1,57.9,2.06,0,5,True,새벽(0-5),원활,1.96
2017-04-22 00:20:00,39,30,9,0,54.8,1.72,0,5,True,새벽(0-5),원활,0.0
2017-04-22 00:25:00,45,32,13,0,58.6,1.81,0,5,True,새벽(0-5),원활,0.0
2017-04-22 00:30:00,42,32,10,0,53.4,1.67,0,5,True,새벽(0-5),원활,0.0
2017-04-22 00:35:00,50,39,11,0,54.0,1.83,0,5,True,새벽(0-5),원활,0.0
2017-04-22 00:40:00,51,35,16,0,65.3,1.91,0,5,True,새벽(0-5),원활,0.0
2017-04-22 00:45:00,32,20,12,0,55.3,1.4,0,5,True,새벽(0-5),원활,0.0
2017-04-22 00:50:00,27,19,8,0,62.7,1.05,0,5,True,새벽(0-5),원활,0.0
2017-04-22 00:55:00,24,15,9,0,65.2,0.97,0,5,True,새벽(0-5),원활,0.0
2017-04-22 01:00:00,39,28,11,0,53.5,1.72,1,5,True,새벽(0-5),원활,0.0
2017-04-22 01:05:00,28,22,6,0,61.2,1.1,1,5,True,새벽(0-5),원활,0.0
2017-04-22 01:10:00,37,28,9,0,54.4,1.56,1,5,True,새벽(0-5),원활,0.0
2017-04-22 01:15:00,37,21,16,0,58.3,1.58,1,5,True,새벽(0-5),원활,0.0
2017-04-22 01:20:00,48,32,16,0,62.9,1.71,1,5,True,새벽(0-5),원활,0.0
2017-04-22 01:25:00,32,23,9,0,59.8,1.15,1,5,True,새벽(0-5),원활,0.0
2017-04-22 01:30:00,29,18,11,0,59.4,1.11,1,5,True,새벽(0-5),원활,0.0
2017-04-22 01:35:00,31,21,10,0,59.7,1.36,1,5,True,새벽(0-5),원활,0.0
2017-04-22 01:40:00,24,16,8,0,59.4,1.05,1,5,True,새벽(0-5),원활,0.0
2017-04-22 01:45:00,38,30,8,0,57.8,1.38,1,5,True,새벽(0-5),원활,0.0
2017-04-22 01:50:00,22,11,10,1,63.6,0.77,1,5,True,새벽(0-5),원활,4.55
2017-04-22 01:55:00,17,10,7,0,63.9,0.63,1,5,True,새벽(0-5),원활,0.0
2017-04-22 02:00:00,24,18,6,0,61.2,0.93,2,5,True,새벽(0-5),원활,0.0
2017-04-22 02:05:00,23,15,8,0,62.3,0.92,2,5,True,새벽(0-5),원활,0.0
2017-04-22 02:10:00,23,20,3,0,71.4,0.81,2,5,True,새벽(0-5),원활,0.0
2017-04-22 02:15:00,21,11,9,1,58.8,0.94,2,5,True,새벽(0-5),원활,4.76
2017-04-22 02:20:00,13,7,6,0,57.2,0.64,2,5,True,새벽(0-5),원활,0.0
2017-04-22 02:25:00,25,23,2,0,57.8,1.02,2,5,True,새벽(0-5),원활,0.0
2017-04-22 02:30:00,33,16,17,0,62.0,1.25,2,5,True,새벽(0-5),원활,0.0
2017-04-22 02:35:00,18,12,6,0,59.9,0.58,2,5,True,새벽(0-5),원활,0.0
2017-04-22 02:40:00,22,15,6,1,58.3,0.88,2,5,True,새벽(0-5),원활,4.55
2017-04-22 02:45:00,25,13,12,0,57.0,1.04,2,5,True,새벽(0-5),원활,0.0
2017-04-22 02:50:00,18,9,9,0,55.9,0.74,2,5,True,새벽(0-5),원활,0.0
2017-04-22 02:55:00,20,16,4,0,69.1,0.73,2,5,True,새벽(0-5),원활,0.0
2017-04-22 03:00:00,18,12,6,0,56.2,0.76,3,5,True,새벽(0-5),원활,0.0
2017-04-22 03:05:00,16,11,5,0,68.6,0.53,3,5,True,새벽(0-5),원활,0.0
2017-04-22 03:10:00,29,15,14,0,65.3,1.14,3,5,True,새벽(0-5),원활,0.0
2017-04-22 03:15:00,25,19,6,0,60.9,1.09,3,5,True,새벽(0-5),원활,0.0
2017-04-22 03:20:00,17,11,6,0,56.2,1.01,3,5,True,새벽(0-5),원활,0.0
2017-04-22 03:25:00,22,16,6,0,57.2,0.9,3,5,True,새벽(0-5),원활,0.0
2017-04-22 03:30:00,18,10,7,1,59.6,0.69,3,5,True,새벽(0-5),원활,5.56
2017-04-22 03:35:00,12,8,4,0,71.3,0.48,3,5,True,새벽(0-5),원활,0.0
2017-04-22 03:40:00,11,7,4,0,50.4,0.54,3,5,True,새벽(0-5),원활,0.0
2017-04-22 03:45:00,22,14,7,1,60.0,0.9,3,5,True,새벽(0-5),원활,4.55
2017-04-22 03:50:00,20,12,7,1,62.6,0.87,3,5,True,새벽(0-5),원활,5.0
2017-04-22 03:55:00,22,17,5,0,52.8,0.95,3,5,True,새벽(0-5),원활,0.0
2017-04-22 04:00:00,22,15,7,0,58.2,0.94,4,5,True,새벽(0-5),원활,0.0
2017-04-22 04:05:00,26,18,8,0,56.8,0.96,4,5,True,새벽(0-5),원활,0.0
2017-04-22 04:10:00,19,17,2,0,67.9,0.65,4,5,True,새벽(0-5),원활,0.0
2017-04-22 04:15:00,19,13,6,0,57.5,0.79,4,5,True,새벽(0-5),원활,0.0
2017-04-22 04:20:00,18,16,2,0,67.8,0.76,4,5,True,새벽(0-5),원활,0.0
2017-04-22 04:25:00,26,19,7,0,65.2,0.96,4,5,True,새벽(0-5),원활,0.0
2017-04-22 04:30:00,20,16,4,0,50.4,0.85,4,5,True,새벽(0-5),원활,0.0
2017-04-22 04:35:00,32,22,10,0,57.8,1.38,4,5,True,새벽(0-5),원활,0.0
2017-04-22 04:40:00,26,15,11,0,62.3,1.01,4,5,True,새벽(0-5),원활,0.0
2017-04-22 04:45:00,41,27,14,0,67.7,1.62,4,5,True,새벽(0-5),원활,0.0
2017-04-22 04:50:00,33,21,12,0,53.8,1.36,4,5,True,새벽(0-5),원활,0.0
2017-04-22 04:55:00,27,20,7,0,51.1,1.15,4,5,True,새벽(0-5),원활,0.0
2017-04-22 05:00:00,28,20,8,0,56.3,1.36,5,5,True,새벽(0-5),원활,0.0
2017-04-22 05:05:00,40,30,10,0,60.1,1.86,5,5,True,새벽(0-5),원활,0.0
2017-04-22 05:10:00,33,26,7,0,59.5,1.4,5,5,True,새벽(0-5),원활,0.0
2017-04-22 05:15:00,39,17,21,1,58.3,1.69,5,5,True,새벽(0-5),원활,2.56
2017-04-22 05:20:00,50,34,16,0,52.6,2.41,5,5,True,새벽(0-5),원활,0.0
2017-04-22 05:25:00,48,35,11,2,60.5,2.09,5,5,True,새벽(0-5),원활,4.17
2017-04-22 05:30:00,32,24,7,1,57.6,1.23,5,5,True,새벽(0-5),원활,3.12
2017-04-22 05:35:00,30,16,13,1,56.2,1.49,5,5,True,새벽(0-5),원활,3.33
2017-04-22 05:40:00,45,34,10,1,63.8,1.55,5,5,True,새벽(0-5),원활,2.22
2017-04-22 05:45:00,35,24,11,0,73.6,1.13,5,5,True,새벽(0-5),원활,0.0
2017-04-22 05:50:00,47,38,8,1,63.0,1.54,5,5,True,새벽(0-5),원활,2.13
2017-04-22 05:55:00,67,51,16,0,57.0,2.32,5,5,True,새벽(0-5),원활,0.0
2017-04-22 06:00:00,56,36,18,2,56.0,2.13,6,5,True,오전(6-11),원활,3.57
2017-04-22 06:05:00,62,40,21,1,59.3,2.32,6,5,True,오전(6-11),원활,1.61
2017-04-22 06:10:00,59,40,19,0,55.8,2.07,6,5,True,오전(6-11),원활,0.0
2017-04-22 06:15:00,70,47,22,1,56.5,2.77,6,5,True,오전(6-11),원활,1.43
2017-04-22 06:20:00,68,41,25,2,61.1,2.37,6,5,True,오전(6-11),원활,2.94
2017-04-22 06:25:00,92,52,40,0,55.2,3.35,6,5,True,오전(6-11),원활,0.0
2017-04-22 06:30:00,93,56,33,4,59.5,3.37,6,5,True,오전(6-11),원활,4.3
2017-04-22 06:35:00,94,50,41,3,60.4,3.42,6,5,True,오전(6-11),원활,3.19
2017-04-22 06:40:00,93,58,33,2,57.1,3.34,6,5,True,오전(6-11),원활,2.15
2017-04-22 06:45:00,91,43,44,4,55.3,4.06,6,5,True,오전(6-11),원활,4.4
2017-04-22 06:50:00,92,64,28,0,51.9,3.52,6,5,True,오전(6-11),원활,0.0
2017-04-22 06:55:00,81,58,21,2,56.9,2.97,6,5,True,오전(6-11),원활,2.47
2017-04-22 07:00:00,89,54,34,1,52.4,3.78,7,5,True,오전(6-11),원활,1.12
2017-04-22 07:05:00,95,60,34,1,59.3,3.43,7,5,True,오전(6-11),원활,1.05
2017-04-22 07:10:00,110,75,35,0,57.4,4.07,7,5,True,오전(6-11),원활,0.0
2017-04-22 07:15:00,109,81,28,0,55.4,4.04,7,5,True,오전(6-11),원활,0.0
2017-04-22 07:20:00,97,58,39,0,54.8,4.31,7,5,True,오전(6-11),원활,0.0
2017-04-22 07:25:00,86,50,35,1,53.6,3.48,7,5,True,오전(6-11),원활,1.16
2017-04-22 07:30:00,119,83,33,3,57.8,4.27,7,5,True,오전(6-11),원활,2.52
2017-04-22 07:35:00,114,77,33,4,56.5,4.44,7,5,True,오전(6-11),원활,3.51
2017-04-22 07:40:00,95,64,30,1,54.9,3.77,7,5,True,오전(6-11),원활,1.05
2017-04-22 07:45:00,115,84,30,1,51.4,4.55,7,5,True,오전(6-11),원활,0.87
2017-04-22 07:50:00,118,88,30,0,58.3,4.02,7,5,True,오전(6-11),원활,0.0
2017-04-22 07:55:00,113,83,30,0,56.1,4.19,7,5,True,오전(6-11),원활,0.0
2017-04-22 08:00:00,114,75,38,1,52.1,4.55,8,5,True,오전(6-11),원활,0.88
2017-04-22 08:05:00,104,75,26,3,53.5,4.25,8,5,True,오전(6-11),원활,2.88
2017-04-22 08:10:00,92,60,31,1,56.8,3.19,8,5,True,오전(6-11),원활,1.09
2017-04-22 08:15:00,112,80,32,0,56.2,4.05,8,5,True,오전(6-11),원활,0.0
2017-04-22 08:20:00,138,106,31,1,52.5,5.28,8,5,True,오전(6-11),원활,0.72
2017-04-22 08:25:00,132,97,34,1,49.8,5.59,8,5,True,오전(6-11),혼잡,0.76
2017-04-22 08:30:00,105,81,23,1,52.5,4.12,8,5,True,오전(6-11),원활,0.95
2017-04-22 08:35:00,118,88,29,1,54.8,4.51,8,5,True,오전(6-11),원활,0.85
2017-04-22 08:40:00,173,130,40,3,50.8,6.77,8,5,True,오전(6-11),혼잡,1.73
2017-04-22 08:45:00,136,100,36,0,47.9,5.69,8,5,True,오전(6-11),혼잡,0.0
2017-04-22 08:50:00,115,84,30,1,47.7,4.99,8,5,True,오전(6-11),원활,0.87
2017-04-22 08:55:00,147,109,32,6,52.5,5.85,8,5,True,오전(6-11),혼잡,4.08
2017-04-22 09:00:00,140,102,37,1,50.1,6.26,9,5,True,오전(6-11),혼잡,0.71
2017-04-22 09:05:00,130,89,38,3,46.9,7.33,9,5,True,오전(6-11),혼잡,2.31
2017-04-22 09:10:00,115,87,28,0,47.9,4.69,9,5,True,오전(6-11),원활,0.0
2017-04-22 09:15:00,148,115,32,1,51.2,5.58,9,5,True,오전(6-11),혼잡,0.68
2017-04-22 09:20:00,162,118,41,3,50.4,7.06,9,5,True,오전(6-11),혼잡,1.85
2017-04-22 09:25:00,136,90,43,3,49.3,7.23,9,5,True,오전(6-11),혼잡,2.21
2017-04-22 09:30:00,65,39,24,2,52.3,5.07,9,5,True,오전(6-11),원활,3.08
2017-04-22 09:35:00,139,99,39,1,50.5,6.0,9,5,True,오전(6-11),혼잡,0.72
2017-04-22 09:40:00,119,80,37,2,50.5,5.22,9,5,True,오전(6-11),원활,1.68
2017-04-22 09:45:00,156,107,49,0,48.8,6.11,9,5,True,오전(6-11),혼잡,0.0
2017-04-22 09:50:00,152,102,50,0,49.3,6.88,9,5,True,오전(6-11),혼잡,0.0
2017-04-22 09:55:00,150,91,58,1,52.4,6.5,9,5,True,오전(6-11),혼잡,0.67
2017-04-22 10:00:00,149,112,34,3,48.2,6.29,10,5,True,오전(6-11),혼잡,2.01
2017-04-22 10:05:00,128,79,48,1,52.1,5.2,10,5,True,오전(6-11),원활,0.78
2017-04-22 10:10:00,162,96,66,0,47.3,7.27,10,5,True,오전(6-11),혼잡,0.0
2017-04-22 10:15:00,133,87,43,3,49.6,7.46,10,5,True,오전(6-11),혼잡,2.26
2017-04-22 10:20:00,108,73,34,1,48.0,6.56,10,5,True,오전(6-11),혼잡,0.93
2017-04-22 10:25:00,154,107,44,3,46.7,7.07,10,5,True,오전(6-11),혼잡,1.95
2017-04-22 10:30:00,149,85,61,3,49.4,8.81,10,5,True,오전(6-11),혼잡,2.01
2017-04-22 10:35:00,138,93,44,1,48.1,7.27,10,5,True,오전(6-11),혼잡,0.72
2017-04-22 10:40:00,165,116,48,1,42.6,13.05,10,5,True,오전(6-11),혼잡,0.61
2017-04-22 10:45:00,170,111,57,2,47.7,8.01,10,5,True,오전(6-11),혼잡,1.18
2017-04-22 10:50:00,175,122,50,3,43.5,8.3,10,5,True,오전(6-11),혼잡,1.71
2017-04-22 10:55:00,163,113,46,4,49.7,8.85,10,5,True,오전(6-11),혼잡,2.45
2017-04-22 11:00:00,112,65,46,1,50.6,5.04,11,5,True,오전(6-11),원활,0.89
2017-04-22 11:05:00,151,110,39,2,42.4,7.6,11,5,True,오전(6-11),혼잡,1.32
2017-04-22 11:10:00,185,127,56,2,42.8,9.89,11,5,True,오전(6-11),혼잡,1.08
2017-04-22 11:15:00,195,129,65,1,37.9,11.89,11,5,True,오전(6-11),혼잡,0.51
2017-04-22 11:20:00,186,143,42,1,39.1,14.39,11,5,True,오전(6-11),혼잡,0.54
2017-04-22 11:25:00,198,144,42,12,36.0,15.1,11,5,True,오전(6-11),혼잡,6.06
2017-04-22 11:30:00,181,125,54,2,40.7,10.16,11,5,True,오전(6-11),혼잡,1.1
2017-04-22 11:35:00,158,113,45,0,43.2,7.63,11,5,True,오전(6-11),혼잡,0.0
2017-04-22 11:40:00,196,139,54,3,39.2,12.29,11,5,True,오전(6-11),혼잡,1.53
2017-04-22 11:45:00,208,146,58,4,35.1,19.15,11,5,True,오전(6-11),혼잡,1.92
2017-04-22 11:50:00,148,94,46,8,31.2,23.3,11,5,True,오전(6-11),혼잡,5.41
2017-04-22 11:55:00,142,93,47,2,29.7,16.16,11,5,True,오전(6-11),혼잡,1.41
2017-04-22 12:00:00,191,126,63,2,30.9,22.38,12,5,True,오후(12-17),혼잡,1.05
2017-04-22 12:05:00,219,156,61,2,33.5,16.46,12,5,True,오후(12-17),혼잡,0.91
2017-04-22 12:10:00,176,124,51,1,23.5,37.0,12,5,True,오후(12-17),혼잡,0.57
2017-04-22 12:15:00,160,106,49,5,20.6,39.02,12,5,True,오후(12-17),혼잡,3.12
2017-04-22 12:20:00,201,144,52,5,23.5,34.02,12,5,True,오후(12-17),혼잡,2.49
2017-04-22 12:25:00,198,137,54,7,22.7,56.67,12,5,True,오후(12-17),혼잡,3.54
2017-04-22 12:30:00,198,121,69,8,19.9,46.46,12,5,True,오후(12-17),혼잡,4.04
2017-04-22 12:35:00,155,109,41,5,30.6,18.49,12,5,True,오후(12-17),혼잡,3.23
2017-04-22 12:40:00,181,132,44,5,29.2,19.29,12,5,True,오후(12-17),혼잡,2.76
2017-04-22 12:45:00,219,143,70,6,25.9,34.28,12,5,True,오후(12-17),혼잡,2.74
2017-04-22 12:50:00,197,122,69,6,28.4,35.9,12,5,True,오후(12-17),혼잡,3.05
2017-04-22 12:55:00,156,113,40,3,25.8,24.26,12,5,True,오후(12-17),혼잡,1.92
2017-04-22 13:00:00,170,111,53,6,27.3,33.13,13,5,True,오후(12-17),혼잡,3.53
2017-04-22 13:05:00,231,171,60,0,36.2,13.59,13,5,True,오후(12-17),혼잡,0.0
2017-04-22 13:10:00,211,155,55,1,33.5,16.73,13,5,True,오후(12-17),혼잡,0.47
2017-04-22 13:15:00,165,126,38,1,42.5,7.6,13,5,True,오후(12-17),혼잡,0.61
2017-04-22 13:20:00,169,114,54,1,41.5,8.7,13,5,True,오후(12-17),혼잡,0.59
2017-04-22 13:25:00,209,151,56,2,39.6,10.19,13,5,True,오후(12-17),혼잡,0.96
2017-04-22 13:30:00,196,147,48,1,40.7,17.69,13,5,True,오후(12-17),혼잡,0.51
2017-04-22 13:35:00,168,115,53,0,43.7,7.7,13,5,True,오후(12-17),혼잡,0.0
2017-04-22 13:40:00,148,105,42,1,40.9,8.04,13,5,True,오후(12-17),혼잡,0.68
2017-04-22 13:45:00,178,131,46,1,40.6,10.0,13,5,True,오후(12-17),혼잡,0.56
2017-04-22 13:50:00,200,145,55,0,43.1,9.16,13,5,True,오후(12-17),혼잡,0.0
2017-04-22 13:55:00,201,143,58,0,38.4,10.61,13,5,True,오후(12-17),혼잡,0.0
2017-04-22 14:00:00,161,130,31,0,44.4,7.11,14,5,True,오후(12-17),혼잡,0.0
2017-04-22 14:05:00,170,129,39,2,44.0,7.21,14,5,True,오후(12-17),혼잡,1.18
2017-04-22 14:10:00,224,159,63,2,41.6,10.87,14,5,True,오후(12-17),혼잡,0.89
2017-04-22 14:15:00,205,153,50,2,40.0,9.77,14,5,True,오후(12-17),혼잡,0.98
2017-04-22 14:20:00,168,125,42,1,38.1,7.99,14,5,True,오후(12-17),혼잡,0.6
2017-04-22 14:25:00,165,118,45,2,40.1,7.92,14,5,True,오후(12-17),혼잡,1.21
2017-04-22 14:30:00,208,142,65,1,40.4,10.24,14,5,True,오후(12-17),혼잡,0.48
2017-04-22 14:35:00,213,156,53,4,37.9,12.86,14,5,True,오후(12-17),혼잡,1.88
2017-04-22 14:40:00,195,144,51,0,35.0,11.64,14,5,True,오후(12-17),혼잡,0.0
2017-04-22 14:45:00,164,124,40,0,40.1,7.89,14,5,True,오후(12-17),혼잡,0.0
2017-04-22 14:50:00,199,147,51,1,38.4,14.28,14,5,True,오후(12-17),혼잡,0.5
2017-04-22 14:55:00,220,162,57,1,37.8,12.04,14,5,True,오후(12-17),혼잡,0.45
2017-04-22 15:00:00,183,135,46,2,38.7,9.91,15,5,True,오후(12-17),혼잡,1.09
2017-04-22 15:05:00,172,133,38,1,40.9,8.14,15,5,True,오후(12-17),혼잡,0.58
2017-04-22 15:10:00,100,76,22,2,42.7,9.03,15,5,True,오후(12-17),혼잡,2.0
2017-04-22 15:15:00,191,156,31,4,43.6,13.84,15,5,True,오후(12-17),혼잡,2.09
2017-04-22 15:20:00,193,153,40,0,43.5,8.52,15,5,True,오후(12-17),혼잡,0.0
2017-04-22 15:25:00,168,132,35,1,38.9,7.78,15,5,True,오후(12-17),혼잡,0.6
2017-04-22 15:30:00,167,131,36,0,44.3,7.14,15,5,True,오후(12-17),혼잡,0.0
2017-04-22 15:35:00,201,164,36,1,43.3,8.96,15,5,True,오후(12-17),혼잡,0.5
2017-04-22 15:40:00,200,170,27,3,41.7,8.77,15,5,True,오후(12-17),혼잡,1.5
2017-04-22 15:45:00,172,143,27,2,38.5,8.18,15,5,True,오후(12-17),혼잡,1.16
2017-04-22 15:50:00,181,143,38,0,40.7,8.5,15,5,True,오후(12-17),혼잡,0.0
2017-04-22 15:55:00,216,171,43,2,41.5,9.29,15,5,True,오후(12-17),혼잡,0.93
2017-04-22 16:00:00,195,146,48,1,42.2,9.22,16,5,True,오후(12-17),혼잡,0.51
2017-04-22 16:05:00,192,145,47,0,37.4,9.36,16,5,True,오후(12-17),혼잡,0.0
2017-04-22 16:10:00,165,125,38,2,38.0,7.84,16,5,True,오후(12-17),혼잡,1.21
2017-04-22 16:15:00,174,124,49,1,43.1,8.01,16,5,True,오후(12-17),혼잡,0.57
2017-04-22 16:20:00,221,161,57,3,42.1,10.47,16,5,True,오후(12-17),혼잡,1.36
2017-04-22 16:25:00,171,123,46,2,37.0,15.43,16,5,True,오후(12-17),혼잡,1.17
2017-04-22 16:30:00,128,104,24,0,43.5,5.39,16,5,True,오후(12-17),원활,0.0
2017-04-22 16:35:00,176,132,38,6,44.1,7.44,16,5,True,오후(12-17),혼잡,3.41
2017-04-22 16:40:00,205,145,58,2,40.7,10.74,16,5,True,오후(12-17),혼잡,0.98
2017-04-22 16:45:00,169,121,46,2,42.0,7.94,16,5,True,오후(12-17),혼잡,1.18
2017-04-22 16:50:00,157,116,40,1,37.7,13.79,16,5,True,오후(12-17),혼잡,0.64
2017-04-22 16:55:00,71,58,13,0,46.4,3.67,16,5,True,오후(12-17),원활,0.0
2017-04-22 17:00:00,167,132,35,0,43.0,7.21,17,5,True,오후(12-17),혼잡,0.0
2017-04-22 17:05:00,206,153,53,0,40.9,9.87,17,5,True,오후(12-17),혼잡,0.0
2017-04-22 17:10:00,121,102,18,1,47.7,4.65,17,5,True,오후(12-17),원활,0.83
2017-04-22 17:15:00,140,109,29,2,41.8,6.87,17,5,True,오후(12-17),혼잡,1.43
2017-04-22 17:20:00,207,156,50,1,37.4,11.09,17,5,True,오후(12-17),혼잡,0.48
2017-04-22 17:25:00,169,126,41,2,43.1,7.7,17,5,True,오후(12-17),혼잡,1.18
2017-04-22 17:30:00,160,117,42,1,42.2,7.35,17,5,True,오후(12-17),혼잡,0.62
2017-04-22 17:35:00,137,98,38,1,43.2,6.18,17,5,True,오후(12-17),혼잡,0.73
2017-04-22 17:40:00,189,153,36,0,43.2,7.81,17,5,True,오후(12-17),혼잡,0.0
2017-04-22 17:45:00,188,151,37,0,41.8,8.9,17,5,True,오후(12-17),혼잡,0.0
2017-04-22 17:50:00,153,109,43,1,42.2,7.13,17,5,True,오후(12-17),혼잡,0.65
2017-04-22 17:55:00,123,94,29,0,45.2,5.26,17,5,True,오후(12-17),원활,0.0
2017-04-22 18:00:00,180,150,29,1,43.2,8.17,18,5,True,저녁(18-23),혼잡,0.56
2017-04-22 18:05:00,175,131,42,2,42.6,8.2,18,5,True,저녁(18-23),혼잡,1.14
2017-04-22 18:10:00,141,115,24,2,48.0,5.41,18,5,True,저녁(18-23),원활,1.42
2017-04-22 18:15:00,131,97,33,1,46.5,5.82,18,5,True,저녁(18-23),혼잡,0.76
2017-04-22 18:20:00,128,101,25,2,48.3,5.25,18,5,True,저녁(18-23),원활,1.56
2017-04-22 18:25:00,185,132,51,2,43.9,8.55,18,5,True,저녁(18-23),혼잡,1.08
2017-04-22 18:30:00,155,115,39,1,49.4,6.27,18,5,True,저녁(18-23),혼잡,0.65
2017-04-22 18:35:00,133,92,40,1,43.8,5.65,18,5,True,저녁(18-23),혼잡,0.75
2017-04-22 18:40:00,123,95,27,1,45.8,4.88,18,5,True,저녁(18-23),원활,0.81
2017-04-22 18:45:00,162,124,38,0,44.8,7.13,18,5,True,저녁(18-23),혼잡,0.0
2017-04-22 18:50:00,163,124,36,3,45.9,6.77,18,5,True,저녁(18-23),혼잡,1.84
2017-04-22 18:55:00,149,122,25,2,44.5,6.43,18,5,True,저녁(18-23),혼잡,1.34
2017-04-22 19:00:00,127,98,27,2,45.0,5.14,19,5,True,저녁(18-23),원활,1.57
2017-04-22 19:05:00,137,104,32,1,49.5,5.25,19,5,True,저녁(18-23),원활,0.73
2017-04-22 19:10:00,170,118,51,1,42.6,7.75,19,5,True,저녁(18-23),혼잡,0.59
2017-04-22 19:15:00,142,99,39,4,41.9,7.95,19,5,True,저녁(18-23),혼잡,2.82
2017-04-22 19:20:00,116,105,11,0,42.8,5.41,19,5,True,저녁(18-23),원활,0.0
2017-04-22 19:25:00,132,107,25,0,45.2,5.9,19,5,True,저녁(18-23),혼잡,0.0
2017-04-22 19:30:00,140,111,29,0,42.5,6.9,19,5,True,저녁(18-23),혼잡,0.0
2017-04-22 19:35:00,136,103,31,2,41.5,7.32,19,5,True,저녁(18-23),혼잡,1.47
2017-04-22 19:40:00,111,92,16,3,43.3,5.67,19,5,True,저녁(18-23),혼잡,2.7
2017-04-22 19:45:00,108,86,22,0,46.2,5.34,19,5,True,저녁(18-23),원활,0.0
2017-04-22 19:50:00,127,91,36,0,45.7,6.27,19,5,True,저녁(18-23),혼잡,0.0
2017-04-22 19:55:00,159,126,33,0,44.3,8.1,19,5,True,저녁(18-23),혼잡,0.0
2017-04-22 20:00:00,117,101,15,1,40.5,6.29,20,5,True,저녁(18-23),혼잡,0.85
2017-04-22 20:05:00,105,80,24,1,44.1,5.6,20,5,True,저녁(18-23),혼잡,0.95
2017-04-22 20:10:00,131,111,19,1,45.1,6.56,20,5,True,저녁(18-23),혼잡,0.76
2017-04-22 20:15:00,125,97,27,1,45.8,6.33,20,5,True,저녁(18-23),혼잡,0.8
2017-04-22 20:20:00,82,67,14,1,45.7,4.05,20,5,True,저녁(18-23),원활,1.22
2017-04-22 20:25:00,109,90,19,0,42.9,5.85,20,5,True,저녁(18-23),혼잡,0.0
2017-04-22 20:30:00,117,100,17,0,47.1,5.36,20,5,True,저녁(18-23),원활,0.0
2017-04-22 20:35:00,104,86,18,0,44.8,5.18,20,5,True,저녁(18-23),원활,0.0
2017-04-22 20:40:00,128,106,22,0,45.6,6.91,20,5,True,저녁(18-23),혼잡,0.0
2017-04-22 20:45:00,100,85,15,0,45.9,4.63,20,5,True,저녁(18-23),원활,0.0
2017-04-22 20:50:00,122,99,23,0,43.0,6.45,20,5,True,저녁(18-23),혼잡,0.0
2017-04-22 20:55:00,127,94,33,0,46.6,6.04,20,5,True,저녁(18-23),혼잡,0.0
2017-04-22 21:00:00,98,80,16,2,46.8,4.53,21,5,True,저녁(18-23),원활,2.04
2017-04-22 21:05:00,104,86,18,0,44.9,5.46,21,5,True,저녁(18-23),원활,0.0
2017-04-22 21:10:00,98,85,13,0,40.3,5.62,21,5,True,저녁(18-23),혼잡,0.0
2017-04-22 21:15:00,114,91,22,1,41.0,7.23,21,5,True,저녁(18-23),혼잡,0.88
2017-04-22 21:20:00,107,82,25,0,47.3,5.02,21,5,True,저녁(18-23),원활,0.0
2017-04-22 21:25:00,91,72,18,1,47.5,4.53,21,5,True,저녁(18-23),원활,1.1
2017-04-22 21:30:00,104,81,23,0,43.1,5.14,21,5,True,저녁(18-23),원활,0.0
2017-04-22 21:35:00,87,64,23,0,43.8,4.89,21,5,True,저녁(18-23),원활,0.0
2017-04-22 21:40:00,105,83,20,2,44.4,5.48,21,5,True,저녁(18-23),원활,1.9
2017-04-22 21:45:00,87,66,20,1,45.2,4.16,21,5,True,저녁(18-23),원활,1.15
2017-04-22 21:50:00,92,69,23,0,47.0,4.55,21,5,True,저녁(18-23),원활,0.0
2017-04-22 21:55:00,103,83,20,0,45.5,4.92,21,5,True,저녁(18-23),원활,0.0
2017-04-22 22:00:00,110,87,23,0,43.6,5.78,22,5,True,저녁(18-23),혼잡,0.0
2017-04-22 22:05:00,56,50,6,0,48.3,2.85,22,5,True,저녁(18-23),원활,0.0
2017-04-22 22:10:00,94,68,26,0,46.2,4.81,22,5,True,저녁(18-23),원활,0.0
2017-04-22 22:15:00,85,71,14,0,46.3,4.57,22,5,True,저녁(18-23),원활,0.0
2017-04-22 22:20:00,60,50,10,0,49.0,2.69,22,5,True,저녁(18-23),원활,0.0
2017-04-22 22:25:00,77,54,22,1,49.6,3.72,22,5,True,저녁(18-23),원활,1.3
2017-04-22 22:30:00,57,51,6,0,49.3,2.61,22,5,True,저녁(18-23),원활,0.0
2017-04-22 22:35:00,66,51,15,0,50.1,2.8,22,5,True,저녁(18-23),원활,0.0
2017-04-22 22:40:00,73,51,22,0,51.7,3.32,22,5,True,저녁(18-23),원활,0.0
2017-04-22 22:45:00,63,51,11,1,50.2,2.54,22,5,True,저녁(18-23),원활,1.59
2017-04-22 22:50:00,71,46,25,0,47.3,3.56,22,5,True,저녁(18-23),원활,0.0
2017-04-22 22:55:00,60,37,22,1,49.4,2.97,22,5,True,저녁(18-23),원활,1.67
2017-04-22 23:00:00,46,31,15,0,52.3,2.13,23,5,True,저녁(18-23),원활,0.0
2017-04-22 23:05:00,63,53,10,0,45.7,2.9,23,5,True,저녁(18-23),원활,0.0
2017-04-22 23:10:00,44,33,10,1,53.6,1.92,23,5,True,저녁(18-23),원활,2.27
2017-04-22 23:15:00,53,39,14,0,52.8,6.29,23,5,True,저녁(18-23),혼잡,0.0
2017-04-22 23:20:00,65,42,23,0,52.3,3.03,23,5,True,저녁(18-23),원활,0.0
2017-04-22 23:25:00,51,40,11,0,52.6,2.4,23,5,True,저녁(18-23),원활,0.0
2017-04-22 23:30:00,51,32,19,0,53.2,2.26,23,5,True,저녁(18-23),원활,0.0
2017-04-22 23:35:00,51,37,14,0,53.8,2.31,23,5,True,저녁(18-23),원활,0.0
2017-04-22 23:40:00,43,30,13,0,54.2,1.87,23,5,True,저녁(18-23),원활,0.0
2017-04-22 23:45:00,44,33,11,0,54.9,1.93,23,5,True,저녁(18-23),원활,0.0
2017-04-22 23:50:00,41,32,9,0,55.7,1.73,23,5,True,저녁(18-23),원활,0.0
2017-04-22 23:55:00,50,39,11,0,54.7,2.2,23,5,True,저녁(18-23),원활,0.0
2017-04-23 00:00:00,40,26,14,0,52.3,1.73,0,6,True,새벽(0-5),원활,0.0
2017-04-23 00:05:00,40,24,16,0,58.6,2.01,0,6,True,새벽(0-5),원활,0.0
2017-04-23 00:10:00,50,41,9,0,50.5,2.12,0,6,True,새벽(0-5),원활,0.0
2017-04-23 00:15:00,37,28,9,0,54.7,1.64,0,6,True,새벽(0-5),원활,0.0
2017-04-23 00:20:00,31,24,7,0,53.5,1.35,0,6,True,새벽(0-5),원활,0.0
2017-04-23 00:25:00,39,27,12,0,64.0,1.8,0,6,True,새벽(0-5),원활,0.0
2017-04-23 00:30:00,32,23,9,0,60.0,1.42,0,6,True,새벽(0-5),원활,0.0
2017-04-23 00:35:00,38,23,14,1,57.9,1.52,0,6,True,새벽(0-5),원활,2.63
2017-04-23 00:40:00,38,27,11,0,52.9,1.59,0,6,True,새벽(0-5),원활,0.0
2017-04-23 00:45:00,36,22,14,0,60.9,1.42,0,6,True,새벽(0-5),원활,0.0
2017-04-23 00:50:00,34,21,13,0,56.9,1.44,0,6,True,새벽(0-5),원활,0.0
2017-04-23 00:55:00,36,25,11,0,58.5,1.41,0,6,True,새벽(0-5),원활,0.0
2017-04-23 01:00:00,22,16,6,0,55.9,0.87,1,6,True,새벽(0-5),원활,0.0
2017-04-23 01:05:00,19,14,5,0,61.9,0.64,1,6,True,새벽(0-5),원활,0.0
2017-04-23 01:10:00,27,20,7,0,58.0,1.09,1,6,True,새벽(0-5),원활,0.0
2017-04-23 01:15:00,28,22,6,0,54.1,1.13,1,6,True,새벽(0-5),원활,0.0
2017-04-23 01:20:00,27,15,11,1,63.2,1.11,1,6,True,새벽(0-5),원활,3.7
2017-04-23 01:25:00,20,13,7,0,59.1,0.8,1,6,True,새벽(0-5),원활,0.0
2017-04-23 01:30:00,30,22,8,0,53.5,1.24,1,6,True,새벽(0-5),원활,0.0
2017-04-23 01:35:00,17,9,8,0,67.7,0.68,1,6,True,새벽(0-5),원활,0.0
2017-04-23 01:40:00,23,19,4,0,54.8,0.95,1,6,True,새벽(0-5),원활,0.0
2017-04-23 01:45:00,26,24,2,0,54.8,1.03,1,6,True,새벽(0-5),원활,0.0
2017-04-23 01:50:00,17,9,8,0,60.4,0.71,1,6,True,새벽(0-5),원활,0.0
2017-04-23 01:55:00,25,19,6,0,59.2,0.94,1,6,True,새벽(0-5),원활,0.0
2017-04-23 02:00:00,18,11,7,0,64.2,0.65,2,6,True,새벽(0-5),원활,0.0
2017-04-23 02:05:00,20,15,5,0,57.3,0.72,2,6,True,새벽(0-5),원활,0.0
2017-04-23 02:10:00,31,28,3,0,56.1,1.18,2,6,True,새벽(0-5),원활,0.0
2017-04-23 02:15:00,18,10,8,0,61.2,0.86,2,6,True,새벽(0-5),원활,0.0
2017-04-23 02:20:00,22,16,6,0,62.3,0.92,2,6,True,새벽(0-5),원활,0.0
2017-04-23 02:25:00,15,8,6,1,67.0,0.63,2,6,True,새벽(0-5),원활,6.67
2017-04-23 02:30:00,17,8,9,0,59.8,0.61,2,6,True,새벽(0-5),원활,0.0
2017-04-23 02:35:00,32,21,11,0,61.4,1.26,2,6,True,새벽(0-5),원활,0.0
2017-04-23 02:40:00,11,8,3,0,57.8,0.46,2,6,True,새벽(0-5),원활,0.0
2017-04-23 02:45:00,20,15,5,0,67.6,0.78,2,6,True,새벽(0-5),원활,0.0
2017-04-23 02:50:00,23,10,13,0,65.3,1.03,2,6,True,새벽(0-5),원활,0.0
2017-04-23 02:55:00,23,16,7,0,68.0,0.9,2,6,True,새벽(0-5),원활,0.0
2017-04-23 03:00:00,15,11,3,1,54.2,0.63,3,6,True,새벽(0-5),원활,6.67
2017-04-23 03:05:00,20,16,4,0,61.7,0.82,3,6,True,새벽(0-5),원활,0.0
2017-04-23 03:10:00,14,7,7,0,57.3,0.63,3,6,True,새벽(0-5),원활,0.0
2017-04-23 03:15:00,26,18,8,0,57.8,1.11,3,6,True,새벽(0-5),원활,0.0
2017-04-23 03:20:00,16,9,7,0,59.2,0.6,3,6,True,새벽(0-5),원활,0.0
2017-04-23 03:25:00,18,9,9,0,67.3,0.69,3,6,True,새벽(0-5),원활,0.0
2017-04-23 03:30:00,21,17,4,0,71.0,0.72,3,6,True,새벽(0-5),원활,0.0
2017-04-23 03:35:00,13,7,6,0,60.8,3.08,3,6,True,새벽(0-5),원활,0.0
2017-04-23 03:40:00,17,13,3,1,64.9,0.71,3,6,True,새벽(0-5),원활,5.88
2017-04-23 03:45:00,21,15,6,0,64.1,0.73,3,6,True,새벽(0-5),원활,0.0
2017-04-23 03:50:00,18,15,2,1,50.0,0.88,3,6,True,새벽(0-5),원활,5.56
2017-04-23 03:55:00,21,16,5,0,68.4,0.92,3,6,True,새벽(0-5),원활,0.0
2017-04-23 04:00:00,12,6,6,0,55.0,0.49,4,6,True,새벽(0-5),원활,0.0
2017-04-23 04:05:00,16,9,7,0,58.8,0.67,4,6,True,새벽(0-5),원활,0.0
2017-04-23 04:10:00,27,17,10,0,60.0,1.09,4,6,True,새벽(0-5),원활,0.0
2017-04-23 04:15:00,20,12,8,0,57.1,0.91,4,6,True,새벽(0-5),원활,0.0
2017-04-23 04:20:00,13,9,4,0,58.5,0.54,4,6,True,새벽(0-5),원활,0.0
2017-04-23 04:25:00,21,10,10,1,72.3,0.81,4,6,True,새벽(0-5),원활,4.76
2017-04-23 04:30:00,25,15,10,0,69.6,0.96,4,6,True,새벽(0-5),원활,0.0
2017-04-23 04:35:00,26,12,14,0,65.2,1.1,4,6,True,새벽(0-5),원활,0.0
2017-04-23 04:40:00,34,26,7,1,61.0,1.25,4,6,True,새벽(0-5),원활,2.94
2017-04-23 04:45:00,21,10,11,0,68.0,0.79,4,6,True,새벽(0-5),원활,0.0
2017-04-23 04:50:00,12,5,7,0,73.3,0.46,4,6,True,새벽(0-5),원활,0.0
2017-04-23 04:55:00,20,12,8,0,53.9,0.97,4,6,True,새벽(0-5),원활,0.0
2017-04-23 05:00:00,18,9,8,1,60.0,0.85,5,6,True,새벽(0-5),원활,5.56
2017-04-23 05:05:00,32,20,12,0,59.0,1.26,5,6,True,새벽(0-5),원활,0.0
2017-04-23 05:10:00,27,19,8,0,67.1,1.02,5,6,True,새벽(0-5),원활,0.0
2017-04-23 05:15:00,23,13,9,1,69.0,0.93,5,6,True,새벽(0-5),원활,4.35
2017-04-23 05:20:00,28,22,6,0,56.6,1.1,5,6,True,새벽(0-5),원활,0.0
2017-04-23 05:25:00,26,16,10,0,58.3,1.08,5,6,True,새벽(0-5),원활,0.0
2017-04-23 05:30:00,26,17,7,2,54.2,1.26,5,6,True,새벽(0-5),원활,7.69
2017-04-23 05:35:00,28,19,9,0,53.9,1.18,5,6,True,새벽(0-5),원활,0.0
2017-04-23 05:40:00,25,16,9,0,62.6,0.93,5,6,True,새벽(0-5),원활,0.0
2017-04-23 05:45:00,25,17,8,0,67.8,0.79,5,6,True,새벽(0-5),원활,0.0
2017-04-23 05:50:00,45,31,13,1,66.1,1.51,5,6,True,새벽(0-5),원활,2.22
2017-04-23 05:55:00,42,30,11,1,62.9,1.39,5,6,True,새벽(0-5),원활,2.38
2017-04-23 06:00:00,55,33,21,1,56.0,2.14,6,6,True,오전(6-11),원활,1.82
2017-04-23 06:05:00,51,38,12,1,60.2,1.87,6,6,True,오전(6-11),원활,1.96
2017-04-23 06:10:00,42,25,17,0,56.7,1.67,6,6,True,오전(6-11),원활,0.0
2017-04-23 06:15:00,55,34,21,0,61.9,1.87,6,6,True,오전(6-11),원활,0.0
2017-04-23 06:20:00,41,32,9,0,65.7,1.27,6,6,True,오전(6-11),원활,0.0
2017-04-23 06:25:00,56,32,23,1,59.6,2.07,6,6,True,오전(6-11),원활,1.79
2017-04-23 06:30:00,52,41,11,0,65.6,1.63,6,6,True,오전(6-11),원활,0.0
2017-04-23 06:35:00,59,40,17,2,58.7,2.42,6,6,True,오전(6-11),원활,3.39
2017-04-23 06:40:00,34,18,16,0,58.2,1.54,6,6,True,오전(6-11),원활,0.0
2017-04-23 06:45:00,69,40,27,2,58.4,5.86,6,6,True,오전(6-11),혼잡,2.9
2017-04-23 06:50:00,63,41,22,0,55.5,2.36,6,6,True,오전(6-11),원활,0.0
2017-04-23 06:55:00,48,26,22,0,54.1,2.16,6,6,True,오전(6-11),원활,0.0
2017-04-23 07:00:00,51,34,17,0,58.8,1.91,7,6,True,오전(6-11),원활,0.0
2017-04-23 07:05:00,62,43,18,1,56.1,2.72,7,6,True,오전(6-11),원활,1.61
2017-04-23 07:10:00,76,56,20,0,59.0,2.79,7,6,True,오전(6-11),원활,0.0
2017-04-23 07:15:00,95,74,21,0,58.1,3.61,7,6,True,오전(6-11),원활,0.0
2017-04-23 07:20:00,89,66,21,2,53.8,3.48,7,6,True,오전(6-11),원활,2.25
2017-04-23 07:25:00,95,67,23,5,55.6,3.91,7,6,True,오전(6-11),원활,5.26
2017-04-23 07:30:00,53,37,16,0,56.5,1.87,7,6,True,오전(6-11),원활,0.0
2017-04-23 07:35:00,74,51,22,1,55.1,3.2,7,6,True,오전(6-11),원활,1.35
2017-04-23 07:40:00,47,35,11,1,61.3,1.59,7,6,True,오전(6-11),원활,2.13
2017-04-23 07:45:00,54,34,17,3,56.1,2.22,7,6,True,오전(6-11),원활,5.56
2017-04-23 07:50:00,53,37,16,0,62.4,1.89,7,6,True,오전(6-11),원활,0.0
2017-04-23 07:55:00,74,47,26,1,57.5,2.81,7,6,True,오전(6-11),원활,1.35
2017-04-23 08:00:00,66,51,14,1,58.1,2.31,8,6,True,오전(6-11),원활,1.52
2017-04-23 08:05:00,65,47,17,1,54.8,2.68,8,6,True,오전(6-11),원활,1.54
2017-04-23 08:10:00,63,51,12,0,55.1,2.63,8,6,True,오전(6-11),원활,0.0
2017-04-23 08:15:00,71,54,17,0,57.1,2.69,8,6,True,오전(6-11),원활,0.0
2017-04-23 08:20:00,75,62,12,1,56.1,2.64,8,6,True,오전(6-11),원활,1.33
2017-04-23 08:25:00,77,58,18,1,56.6,2.99,8,6,True,오전(6-11),원활,1.3
2017-04-23 08:30:00,82,64,17,1,51.7,3.08,8,6,True,오전(6-11),원활,1.22
2017-04-23 08:35:00,105,86,19,0,51.7,4.17,8,6,True,오전(6-11),원활,0.0
2017-04-23 08:40:00,110,92,15,3,49.0,4.64,8,6,True,오전(6-11),원활,2.73
2017-04-23 08:45:00,111,89,20,2,52.5,5.01,8,6,True,오전(6-11),원활,1.8
2017-04-23 08:50:00,130,102,25,3,41.1,9.64,8,6,True,오전(6-11),혼잡,2.31
2017-04-23 08:55:00,123,99,20,4,45.3,7.07,8,6,True,오전(6-11),혼잡,3.25
2017-04-23 09:00:00,105,80,23,2,46.3,5.4,9,6,True,오전(6-11),원활,1.9
2017-04-23 09:05:00,97,81,15,1,50.1,6.19,9,6,True,오전(6-11),혼잡,1.03
2017-04-23 09:10:00,100,80,19,1,52.7,3.96,9,6,True,오전(6-11),원활,1.0
2017-04-23 09:15:00,124,90,33,1,52.0,4.79,9,6,True,오전(6-11),원활,0.81
2017-04-23 09:20:00,96,66,29,1,51.7,4.18,9,6,True,오전(6-11),원활,1.04
2017-04-23 09:25:00,104,76,27,1,51.8,6.57,9,6,True,오전(6-11),혼잡,0.96
2017-04-23 09:30:00,108,87,19,2,49.0,6.77,9,6,True,오전(6-11),혼잡,1.85
2017-04-23 09:35:00,87,59,27,1,48.8,4.06,9,6,True,오전(6-11),원활,1.15
2017-04-23 09:40:00,85,63,20,2,55.2,3.56,9,6,True,오전(6-11),원활,2.35
2017-04-23 09:45:00,98,70,28,0,49.7,3.8,9,6,True,오전(6-11),원활,0.0
2017-04-23 09:50:00,70,52,18,0,53.3,2.81,9,6,True,오전(6-11),원활,0.0
2017-04-23 09:55:00,116,74,38,4,53.1,5.35,9,6,True,오전(6-11),원활,3.45
2017-04-23 10:00:00,95,68,27,0,53.6,3.74,10,6,True,오전(6-11),원활,0.0
2017-04-23 10:05:00,107,73,33,1,54.3,4.59,10,6,True,오전(6-11),원활,0.93
2017-04-23 10:10:00,83,56,25,2,50.7,3.52,10,6,True,오전(6-11),원활,2.41
2017-04-23 10:15:00,104,68,32,4,51.3,5.0,10,6,True,오전(6-11),원활,3.85
2017-04-23 10:20:00,93,64,27,2,48.0,5.92,10,6,True,오전(6-11),혼잡,2.15
2017-04-23 10:25:00,94,64,27,3,48.6,5.98,10,6,True,오전(6-11),혼잡,3.19
2017-04-23 10:30:00,122,86,34,2,47.5,9.05,10,6,True,오전(6-11),혼잡,1.64
2017-04-23 10:35:00,141,102,38,1,43.0,11.07,10,6,True,오전(6-11),혼잡,0.71
2017-04-23 10:40:00,133,95,37,1,45.5,7.63,10,6,True,오전(6-11),혼잡,0.75
2017-04-23 10:45:00,127,90,33,4,34.8,24.83,10,6,True,오전(6-11),혼잡,3.15
2017-04-23 10:50:00,124,91,31,2,37.9,12.71,10,6,True,오전(6-11),혼잡,1.61
2017-04-23 10:55:00,145,98,46,1,41.0,7.67,10,6,True,오전(6-11),혼잡,0.69
2017-04-23 11:00:00,96,70,25,1,46.7,4.73,11,6,True,오전(6-11),원활,1.04
2017-04-23 11:05:00,135,93,39,3,45.1,6.69,11,6,True,오전(6-11),혼잡,2.22
2017-04-23 11:10:00,102,77,23,2,44.5,5.4,11,6,True,오전(6-11),원활,1.96
2017-04-23 11:15:00,133,93,39,1,47.3,5.46,11,6,True,오전(6-11),원활,0.75
2017-04-23 11:20:00,126,89,31,6,45.8,6.93,11,6,True,오전(6-11),혼잡,4.76
2017-04-23 11:25:00,143,102,39,2,39.6,10.27,11,6,True,오전(6-11),혼잡,1.4
2017-04-23 11:30:00,141,101,38,2,46.7,7.35,11,6,True,오전(6-11),혼잡,1.42
2017-04-23 11:35:00,123,86,34,3,48.5,5.55,11,6,True,오전(6-11),원활,2.44
2017-04-23 11:40:00,126,92,34,0,46.9,6.47,11,6,True,오전(6-11),혼잡,0.0
2017-04-23 11:45:00,159,118,35,6,42.6,10.16,11,6,True,오전(6-11),혼잡,3.77
2017-04-23 11:50:00,133,100,31,2,46.6,10.57,11,6,True,오전(6-11),혼잡,1.5
2017-04-23 11:55:00,149,109,36,4,43.5,10.51,11,6,True,오전(6-11),혼잡,2.68
2017-04-23 12:00:00,131,98,32,1,49.4,7.23,12,6,True,오후(12-17),혼잡,0.76
2017-04-23 12:05:00,159,115,42,2,43.1,9.97,12,6,True,오후(12-17),혼잡,1.26
2017-04-23 12:10:00,137,102,32,3,37.4,12.14,12,6,True,오후(12-17),혼잡,2.19
2017-04-23 12:15:00,139,99,39,1,46.3,7.87,12,6,True,오후(12-17),혼잡,0.72
2017-04-23 12:20:00,141,93,47,1,47.6,6.27,12,6,True,오후(12-17),혼잡,0.71
2017-04-23 12:25:00,155,118,35,2,38.5,8.84,12,6,True,오후(12-17),혼잡,1.29
2017-04-23 12:30:00,180,134,41,5,28.3,20.46,12,6,True,오후(12-17),혼잡,2.78
2017-04-23 12:35:00,175,127,46,2,30.2,21.6,12,6,True,오후(12-17),혼잡,1.14
2017-04-23 12:40:00,162,114,45,3,40.7,10.27,12,6,True,오후(12-17),혼잡,1.85
2017-04-23 12:45:00,154,120,34,0,40.2,11.6,12,6,True,오후(12-17),혼잡,0.0
2017-04-23 12:50:00,156,117,38,1,38.6,8.02,12,6,True,오후(12-17),혼잡,0.64
2017-04-23 12:55:00,147,98,46,3,44.3,7.67,12,6,True,오후(12-17),혼잡,2.04
2017-04-23 13:00:00,155,117,37,1,40.6,9.74,13,6,True,오후(12-17),혼잡,0.65
2017-04-23 13:05:00,155,110,44,1,40.9,8.09,13,6,True,오후(12-17),혼잡,0.65
2017-04-23 13:10:00,169,134,34,1,44.1,8.05,13,6,True,오후(12-17),혼잡,0.59
2017-04-23 13:15:00,153,114,36,3,43.6,7.2,13,6,True,오후(12-17),혼잡,1.96
2017-04-23 13:20:00,147,105,41,1,41.7,7.17,13,6,True,오후(12-17),혼잡,0.68
2017-04-23 13:25:00,157,113,44,0,46.3,7.19,13,6,True,오후(12-17),혼잡,0.0
2017-04-23 13:30:00,132,94,37,1,46.1,5.55,13,6,True,오후(12-17),원활,0.76
2017-04-23 13:35:00,132,96,34,2,47.5,5.56,13,6,True,오후(12-17),혼잡,1.52
2017-04-23 13:40:00,130,96,32,2,47.2,6.12,13,6,True,오후(12-17),혼잡,1.54
2017-04-23 13:45:00,171,130,41,0,44.6,7.51,13,6,True,오후(12-17),혼잡,0.0
2017-04-23 13:50:00,171,122,49,0,46.0,7.21,13,6,True,오후(12-17),혼잡,0.0
2017-04-23 13:55:00,162,124,36,2,42.8,8.04,13,6,True,오후(12-17),혼잡,1.23
2017-04-23 14:00:00,155,114,40,1,47.9,6.83,14,6,True,오후(12-17),혼잡,0.65
2017-04-23 14:05:00,187,131,54,2,32.4,13.15,14,6,True,오후(12-17),혼잡,1.07
2017-04-23 14:10:00,171,127,44,0,41.6,8.3,14,6,True,오후(12-17),혼잡,0.0
2017-04-23 14:15:00,134,97,35,2,46.3,5.54,14,6,True,오후(12-17),원활,1.49
2017-04-23 14:20:00,139,105,34,0,47.2,5.69,14,6,True,오후(12-17),혼잡,0.0
2017-04-23 14:25:00,159,123,36,0,43.3,6.95,14,6,True,오후(12-17),혼잡,0.0
2017-04-23 14:30:00,161,120,39,2,43.5,8.29,14,6,True,오후(12-17),혼잡,1.24
2017-04-23 14:35:00,185,142,43,0,43.3,8.83,14,6,True,오후(12-17),혼잡,0.0
2017-04-23 14:40:00,156,119,37,0,47.1,6.25,14,6,True,오후(12-17),혼잡,0.0
2017-04-23 14:45:00,156,111,42,3,46.4,6.76,14,6,True,오후(12-17),혼잡,1.92
2017-04-23 14:50:00,159,114,44,1,43.0,6.87,14,6,True,오후(12-17),혼잡,0.63
2017-04-23 14:55:00,169,115,52,2,38.6,9.94,14,6,True,오후(12-17),혼잡,1.18
2017-04-23 15:00:00,132,106,24,2,39.9,7.59,15,6,True,오후(12-17),혼잡,1.52
2017-04-23 15:05:00,133,102,30,1,46.3,5.86,15,6,True,오후(12-17),혼잡,0.75
2017-04-23 15:10:00,141,101,40,0,45.8,6.16,15,6,True,오후(12-17),혼잡,0.0
2017-04-23 15:15:00,172,129,43,0,42.7,7.94,15,6,True,오후(12-17),혼잡,0.0
2017-04-23 15:20:00,142,108,33,1,44.2,5.96,15,6,True,오후(12-17),혼잡,0.7
2017-04-23 15:25:00,152,121,30,1,47.8,6.18,15,6,True,오후(12-17),혼잡,0.66
2017-04-23 15:30:00,134,109,25,0,44.1,5.89,15,6,True,오후(12-17),혼잡,0.0
2017-04-23 15:35:00,147,123,21,3,42.9,6.64,15,6,True,오후(12-17),혼잡,2.04
2017-04-23 15:40:00,141,116,25,0,44.2,6.06,15,6,True,오후(12-17),혼잡,0.0
2017-04-23 15:45:00,139,118,20,1,44.3,6.21,15,6,True,오후(12-17),혼잡,0.72
2017-04-23 15:50:00,148,120,27,1,45.6,6.0,15,6,True,오후(12-17),혼잡,0.68
2017-04-23 15:55:00,151,117,33,1,46.4,6.1,15,6,True,오후(12-17),혼잡,0.66
2017-04-23 16:00:00,142,114,27,1,43.9,6.81,16,6,True,오후(12-17),혼잡,0.7
2017-04-23 16:05:00,122,85,37,0,43.9,5.89,16,6,True,오후(12-17),혼잡,0.0
2017-04-23 16:10:00,139,97,39,3,42.6,6.44,16,6,True,오후(12-17),혼잡,2.16
2017-04-23 16:15:00,150,107,43,0,45.5,5.78,16,6,True,오후(12-17),혼잡,0.0
2017-04-23 16:20:00,102,76,26,0,48.3,4.0,16,6,True,오후(12-17),원활,0.0
2017-04-23 16:25:00,111,88,23,0,45.7,4.53,16,6,True,오후(12-17),원활,0.0
2017-04-23 16:30:00,100,85,15,0,48.0,4.03,16,6,True,오후(12-17),원활,0.0
2017-04-23 16:35:00,121,84,36,1,49.5,23.17,16,6,True,오후(12-17),혼잡,0.83
2017-04-23 16:40:00,120,91,29,0,49.0,6.9,16,6,True,오후(12-17),혼잡,0.0
2017-04-23 16:45:00,131,97,34,0,46.4,6.72,16,6,True,오후(12-17),혼잡,0.0
2017-04-23 16:50:00,108,88,19,1,46.8,4.8,16,6,True,오후(12-17),원활,0.93
2017-04-23 16:55:00,124,91,31,2,49.1,5.06,16,6,True,오후(12-17),원활,1.61
2017-04-23 17:00:00,110,87,21,2,44.5,5.01,17,6,True,오후(12-17),원활,1.82
2017-04-23 17:05:00,101,77,23,1,48.5,3.99,17,6,True,오후(12-17),원활,0.99
2017-04-23 17:10:00,119,97,21,1,48.5,4.62,17,6,True,오후(12-17),원활,0.84
2017-04-23 17:15:00,134,101,31,2,46.4,5.65,17,6,True,오후(12-17),혼잡,1.49
2017-04-23 17:20:00,126,94,31,1,47.3,5.41,17,6,True,오후(12-17),원활,0.79
2017-04-23 17:25:00,118,97,21,0,49.2,4.83,17,6,True,오후(12-17),원활,0.0
2017-04-23 17:30:00,108,69,37,2,46.7,4.55,17,6,True,오후(12-17),원활,1.85
2017-04-23 17:35:00,110,82,28,0,49.5,4.41,17,6,True,오후(12-17),원활,0.0
2017-04-23 17:40:00,105,83,21,1,44.4,4.95,17,6,True,오후(12-17),원활,0.95
2017-04-23 17:45:00,122,84,35,3,48.2,5.03,17,6,True,오후(12-17),원활,2.46
2017-04-23 17:50:00,132,98,32,2,48.6,5.04,17,6,True,오후(12-17),원활,1.52
2017-04-23 17:55:00,130,91,34,5,49.8,5.45,17,6,True,오후(12-17),원활,3.85
2017-04-23 18:00:00,131,103,27,1,49.9,5.07,18,6,True,저녁(18-23),원활,0.76
2017-04-23 18:05:00,138,102,34,2,46.3,6.29,18,6,True,저녁(18-23),혼잡,1.45
2017-04-23 18:10:00,134,91,41,2,44.8,6.02,18,6,True,저녁(18-23),혼잡,1.49
2017-04-23 18:15:00,156,114,40,2,43.5,7.23,18,6,True,저녁(18-23),혼잡,1.28
2017-04-23 18:20:00,107,77,29,1,46.9,4.5,18,6,True,저녁(18-23),원활,0.93
2017-04-23 18:25:00,127,95,32,0,50.1,5.12,18,6,True,저녁(18-23),원활,0.0
2017-04-23 18:30:00,109,91,17,1,49.5,4.16,18,6,True,저녁(18-23),원활,0.92
2017-04-23 18:35:00,123,84,36,3,50.6,4.68,18,6,True,저녁(18-23),원활,2.44
2017-04-23 18:40:00,115,87,28,0,51.2,4.39,18,6,True,저녁(18-23),원활,0.0
2017-04-23 18:45:00,138,106,30,2,47.2,6.03,18,6,True,저녁(18-23),혼잡,1.45
2017-04-23 18:50:00,119,89,29,1,48.4,4.9,18,6,True,저녁(18-23),원활,0.84
2017-04-23 18:55:00,101,77,20,4,49.2,3.97,18,6,True,저녁(18-23),원활,3.96
2017-04-23 19:00:00,101,72,28,1,49.8,4.12,19,6,True,저녁(18-23),원활,0.99
2017-04-23 19:05:00,119,88,30,1,48.2,4.6,19,6,True,저녁(18-23),원활,0.84
2017-04-23 19:10:00,145,104,41,0,43.8,6.85,19,6,True,저녁(18-23),혼잡,0.0
2017-04-23 19:15:00,140,97,39,4,44.9,7.23,19,6,True,저녁(18-23),혼잡,2.86
2017-04-23 19:20:00,122,108,14,0,45.4,6.63,19,6,True,저녁(18-23),혼잡,0.0
2017-04-23 19:25:00,146,123,23,0,44.5,7.34,19,6,True,저녁(18-23),혼잡,0.0
2017-04-23 19:30:00,141,117,23,1,41.4,7.79,19,6,True,저녁(18-23),혼잡,0.71
2017-04-23 19:35:00,108,95,13,0,43.7,5.59,19,6,True,저녁(18-23),혼잡,0.0
2017-04-23 19:40:00,93,77,16,0,43.4,4.79,19,6,True,저녁(18-23),원활,0.0
2017-04-23 19:45:00,110,92,18,0,43.9,5.37,19,6,True,저녁(18-23),원활,0.0
2017-04-23 19:50:00,113,88,24,1,45.1,6.08,19,6,True,저녁(18-23),혼잡,0.88
2017-04-23 19:55:00,106,82,24,0,46.9,5.28,19,6,True,저녁(18-23),원활,0.0
2017-04-23 20:00:00,102,76,26,0,46.7,5.06,20,6,True,저녁(18-23),원활,0.0
2017-04-23 20:05:00,95,75,20,0,46.4,4.8,20,6,True,저녁(18-23),원활,0.0
2017-04-23 20:10:00,116,98,16,2,42.8,6.1,20,6,True,저녁(18-23),혼잡,1.72
2017-04-23 20:15:00,120,94,25,1,44.9,5.93,20,6,True,저녁(18-23),혼잡,0.83
2017-04-23 20:20:00,105,88,17,0,46.3,4.85,20,6,True,저녁(18-23),원활,0.0
2017-04-23 20:25:00,104,88,16,0,48.3,4.6,20,6,True,저녁(18-23),원활,0.0
2017-04-23 20:30:00,112,92,20,0,43.1,6.01,20,6,True,저녁(18-23),혼잡,0.0
2017-04-23 20:35:00,125,95,30,0,44.7,6.47,20,6,True,저녁(18-23),혼잡,0.0
2017-04-23 20:40:00,105,88,17,0,47.1,4.76,20,6,True,저녁(18-23),원활,0.0
2017-04-23 20:45:00,118,97,20,1,48.6,5.59,20,6,True,저녁(18-23),혼잡,0.85
2017-04-23 20:50:00,102,80,20,2,48.5,5.33,20,6,True,저녁(18-23),원활,1.96
2017-04-23 20:55:00,84,73,11,0,48.4,3.45,20,6,True,저녁(18-23),원활,0.0
2017-04-23 21:00:00,86,71,14,1,46.3,4.24,21,6,True,저녁(18-23),원활,1.16
2017-04-23 21:05:00,98,75,21,2,47.5,4.68,21,6,True,저녁(18-23),원활,2.04
2017-04-23 21:10:00,76,60,16,0,42.2,4.05,21,6,True,저녁(18-23),원활,0.0
2017-04-23 21:15:00,101,81,20,0,45.0,4.94,21,6,True,저녁(18-23),원활,0.0
2017-04-23 21:20:00,100,78,22,0,46.8,4.89,21,6,True,저녁(18-23),원활,0.0
2017-04-23 21:25:00,81,67,14,0,48.2,3.64,21,6,True,저녁(18-23),원활,0.0
2017-04-23 21:30:00,85,63,22,0,49.0,3.91,21,6,True,저녁(18-23),원활,0.0
2017-04-23 21:35:00,75,63,12,0,45.1,4.21,21,6,True,저녁(18-23),원활,0.0
2017-04-23 21:40:00,78,66,12,0,48.4,3.66,21,6,True,저녁(18-23),원활,0.0
2017-04-23 21:45:00,77,68,8,1,49.1,3.32,21,6,True,저녁(18-23),원활,1.3
2017-04-23 21:50:00,71,57,14,0,49.4,3.48,21,6,True,저녁(18-23),원활,0.0
2017-04-23 21:55:00,86,59,27,0,49.3,4.14,21,6,True,저녁(18-23),원활,0.0
2017-04-23 22:00:00,86,71,14,1,48.2,3.93,22,6,True,저녁(18-23),원활,1.16
2017-04-23 22:05:00,88,67,20,1,50.2,4.16,22,6,True,저녁(18-23),원활,1.14
2017-04-23 22:10:00,64,46,18,0,48.7,3.21,22,6,True,저녁(18-23),원활,0.0
2017-04-23 22:15:00,71,52,19,0,51.2,3.19,22,6,True,저녁(18-23),원활,0.0
2017-04-23 22:20:00,57,45,12,0,48.9,3.05,22,6,True,저녁(18-23),원활,0.0
2017-04-23 22:25:00,59,46,12,1,50.3,2.38,22,6,True,저녁(18-23),원활,1.69
2017-04-23 22:30:00,54,36,17,1,46.1,2.62,22,6,True,저녁(18-23),원활,1.85
2017-04-23 22:35:00,53,43,10,0,50.8,2.41,22,6,True,저녁(18-23),원활,0.0
2017-04-23 22:40:00,47,29,18,0,52.3,2.02,22,6,True,저녁(18-23),원활,0.0
2017-04-23 22:45:00,43,24,19,0,54.0,1.91,22,6,True,저녁(18-23),원활,0.0
2017-04-23 22:50:00,43,27,16,0,50.9,1.79,22,6,True,저녁(18-23),원활,0.0
2017-04-23 22:55:00,59,50,9,0,50.8,2.75,22,6,True,저녁(18-23),원활,0.0
2017-04-23 23:00:00,49,32,16,1,50.4,2.25,23,6,True,저녁(18-23),원활,2.04
2017-04-23 23:05:00,39,27,12,0,52.2,1.75,23,6,True,저녁(18-23),원활,0.0
2017-04-23 23:10:00,46,35,11,0,60.2,1.8,23,6,True,저녁(18-23),원활,0.0
2017-04-23 23:15:00,36,28,8,0,53.9,1.5,23,6,True,저녁(18-23),원활,0.0
2017-04-23 23:20:00,44,36,8,0,52.5,1.9,23,6,True,저녁(18-23),원활,0.0
2017-04-23 23:25:00,33,21,11,1,55.4,1.38,23,6,True,저녁(18-23),원활,3.03
2017-04-23 23:30:00,39,26,13,0,59.6,1.54,23,6,True,저녁(18-23),원활,0.0
2017-04-23 23:35:00,30,24,6,0,54.4,1.07,23,6,True,저녁(18-23),원활,0.0
2017-04-23 23:40:00,18,12,6,0,56.5,0.96,23,6,True,저녁(18-23),원활,0.0
2017-04-23 23:45:00,32,21,10,1,59.1,1.26,23,6,True,저녁(18-23),원활,3.12
2017-04-23 23:50:00,31,20,11,0,52.8,1.33,23,6,True,저녁(18-23),원활,0.0
2017-04-23 23:55:00,20,17,3,0,75.2,0.8,23,6,True,저녁(18-23),원활,0.0
2017-04-24 00:00:00,27,19,8,0,60.6,1.17,0,0,False,새벽(0-5),원활,0.0
2017-04-24 00:05:00,36,25,10,1,57.6,1.42,0,0,False,새벽(0-5),원활,2.78
2017-04-24 00:10:00,23,11,12,0,62.3,0.85,0,0,False,새벽(0-5),원활,0.0
2017-04-24 00:15:00,19,13,6,0,52.3,0.84,0,0,False,새벽(0-5),원활,0.0
2017-04-24 00:20:00,20,15,5,0,61.8,1.09,0,0,False,새벽(0-5),원활,0.0
2017-04-24 00:25:00,18,15,3,0,60.1,0.72,0,0,False,새벽(0-5),원활,0.0
2017-04-24 00:30:00,24,18,6,0,59.1,0.92,0,0,False,새벽(0-5),원활,0.0
2017-04-24 00:35:00,23,15,8,0,57.6,1.05,0,0,False,새벽(0-5),원활,0.0
2017-04-24 00:40:00,17,13,4,0,62.9,0.74,0,0,False,새벽(0-5),원활,0.0
2017-04-24 00:45:00,15,10,5,0,62.6,0.57,0,0,False,새벽(0-5),원활,0.0
2017-04-24 00:50:00,19,15,4,0,56.7,0.83,0,0,False,새벽(0-5),원활,0.0
2017-04-24 00:55:00,14,11,3,0,50.4,0.6,0,0,False,새벽(0-5),원활,0.0
2017-04-24 01:00:00,13,8,5,0,51.7,0.48,1,0,False,새벽(0-5),원활,0.0
2017-04-24 01:05:00,15,11,4,0,55.1,0.62,1,0,False,새벽(0-5),원활,0.0
2017-04-24 01:10:00,11,7,4,0,50.3,0.51,1,0,False,새벽(0-5),원활,0.0
2017-04-24 01:15:00,17,8,9,0,59.3,0.76,1,0,False,새벽(0-5),원활,0.0
2017-04-24 01:20:00,13,6,7,0,57.1,0.51,1,0,False,새벽(0-5),원활,0.0
2017-04-24 01:25:00,19,12,7,0,57.4,0.7,1,0,False,새벽(0-5),원활,0.0
2017-04-24 01:30:00,9,6,3,0,69.1,0.34,1,0,False,새벽(0-5),원활,0.0
2017-04-24 01:35:00,9,6,3,0,53.7,0.5,1,0,False,새벽(0-5),원활,0.0
2017-04-24 01:40:00,16,11,5,0,61.0,0.65,1,0,False,새벽(0-5),원활,0.0
2017-04-24 01:45:00,13,11,2,0,56.0,0.51,1,0,False,새벽(0-5),원활,0.0
2017-04-24 01:50:00,13,10,3,0,61.2,0.47,1,0,False,새벽(0-5),원활,0.0
2017-04-24 01:55:00,13,7,6,0,48.5,0.62,1,0,False,새벽(0-5),원활,0.0
2017-04-24 02:00:00,12,7,5,0,65.7,0.55,2,0,False,새벽(0-5),원활,0.0
2017-04-24 02:05:00,9,5,4,0,58.4,0.38,2,0,False,새벽(0-5),원활,0.0
2017-04-24 02:10:00,10,6,4,0,57.3,0.44,2,0,False,새벽(0-5),원활,0.0
2017-04-24 02:15:00,9,8,1,0,58.3,0.42,2,0,False,새벽(0-5),원활,0.0
2017-04-24 02:20:00,10,8,2,0,52.9,0.38,2,0,False,새벽(0-5),원활,0.0
2017-04-24 02:25:00,10,6,4,0,46.8,0.45,2,0,False,새벽(0-5),원활,0.0
2017-04-24 02:30:00,14,9,5,0,53.7,0.6,2,0,False,새벽(0-5),원활,0.0
2017-04-24 02:35:00,14,12,2,0,54.5,0.64,2,0,False,새벽(0-5),원활,0.0
2017-04-24 02:40:00,15,12,3,0,61.8,0.5,2,0,False,새벽(0-5),원활,0.0
2017-04-24 02:45:00,13,6,7,0,75.9,0.55,2,0,False,새벽(0-5),원활,0.0
2017-04-24 02:50:00,10,8,2,0,61.5,0.47,2,0,False,새벽(0-5),원활,0.0
2017-04-24 02:55:00,11,8,3,0,53.7,0.55,2,0,False,새벽(0-5),원활,0.0
2017-04-24 03:00:00,10,8,2,0,57.5,0.42,3,0,False,새벽(0-5),원활,0.0
2017-04-24 03:05:00,18,9,8,1,56.4,0.72,3,0,False,새벽(0-5),원활,5.56
2017-04-24 03:10:00,11,8,3,0,53.2,0.9,3,0,False,새벽(0-5),원활,0.0
2017-04-24 03:15:00,10,7,3,0,70.4,0.39,3,0,False,새벽(0-5),원활,0.0
2017-04-24 03:20:00,10,4,6,0,57.0,0.43,3,0,False,새벽(0-5),원활,0.0
2017-04-24 03:25:00,10,7,3,0,59.6,0.34,3,0,False,새벽(0-5),원활,0.0
2017-04-24 03:30:00,15,7,8,0,59.5,0.64,3,0,False,새벽(0-5),원활,0.0
2017-04-24 03:35:00,10,9,1,0,58.3,0.53,3,0,False,새벽(0-5),원활,0.0
2017-04-24 03:40:00,14,10,3,1,55.5,0.55,3,0,False,새벽(0-5),원활,7.14
2017-04-24 03:45:00,13,8,5,0,52.2,0.6,3,0,False,새벽(0-5),원활,0.0
2017-04-24 03:50:00,18,11,6,1,59.1,0.79,3,0,False,새벽(0-5),원활,5.56
2017-04-24 03:55:00,11,7,4,0,51.7,0.5,3,0,False,새벽(0-5),원활,0.0
2017-04-24 04:00:00,17,10,7,0,52.1,0.78,4,0,False,새벽(0-5),원활,0.0
2017-04-24 04:05:00,13,6,7,0,50.7,0.53,4,0,False,새벽(0-5),원활,0.0
2017-04-24 04:10:00,10,9,1,0,57.3,0.41,4,0,False,새벽(0-5),원활,0.0
2017-04-24 04:15:00,17,12,5,0,60.0,0.64,4,0,False,새벽(0-5),원활,0.0
2017-04-24 04:20:00,13,7,6,0,57.1,0.71,4,0,False,새벽(0-5),원활,0.0
2017-04-24 04:25:00,28,18,10,0,70.1,1.13,4,0,False,새벽(0-5),원활,0.0
2017-04-24 04:30:00,20,13,7,0,64.2,0.8,4,0,False,새벽(0-5),원활,0.0
2017-04-24 04:35:00,32,17,15,0,53.3,1.42,4,0,False,새벽(0-5),원활,0.0
2017-04-24 04:40:00,17,9,7,1,48.0,0.71,4,0,False,새벽(0-5),원활,5.88
2017-04-24 04:45:00,26,12,14,0,60.1,1.14,4,0,False,새벽(0-5),원활,0.0
2017-04-24 04:50:00,31,22,9,0,55.5,1.26,4,0,False,새벽(0-5),원활,0.0
2017-04-24 04:55:00,24,16,8,0,55.5,0.98,4,0,False,새벽(0-5),원활,0.0
2017-04-24 05:00:00,29,17,12,0,48.0,1.41,5,0,False,새벽(0-5),원활,0.0
2017-04-24 05:05:00,31,16,15,0,60.3,1.36,5,0,False,새벽(0-5),원활,0.0
2017-04-24 05:10:00,46,33,13,0,63.0,1.69,5,0,False,새벽(0-5),원활,0.0
2017-04-24 05:15:00,61,38,23,0,55.8,2.62,5,0,False,새벽(0-5),원활,0.0
2017-04-24 05:20:00,59,42,17,0,57.5,2.27,5,0,False,새벽(0-5),원활,0.0
2017-04-24 05:25:00,49,42,6,1,57.8,1.96,5,0,False,새벽(0-5),원활,2.04
2017-04-24 05:30:00,45,26,18,1,60.0,1.69,5,0,False,새벽(0-5),원활,2.22
2017-04-24 05:35:00,61,40,20,1,58.3,2.29,5,0,False,새벽(0-5),원활,1.64
2017-04-24 05:40:00,50,35,15,0,63.8,1.78,5,0,False,새벽(0-5),원활,0.0
2017-04-24 05:45:00,57,45,11,1,60.3,1.88,5,0,False,새벽(0-5),원활,1.75
2017-04-24 05:50:00,60,41,19,0,58.5,2.02,5,0,False,새벽(0-5),원활,0.0
2017-04-24 05:55:00,84,57,24,3,56.4,3.4,5,0,False,새벽(0-5),원활,3.57
2017-04-24 06:00:00,86,56,30,0,59.5,3.06,6,0,False,오전(6-11),원활,0.0
2017-04-24 06:05:00,111,68,39,4,57.0,3.75,6,0,False,오전(6-11),원활,3.6
2017-04-24 06:10:00,92,56,33,3,57.7,3.43,6,0,False,오전(6-11),원활,3.26
2017-04-24 06:15:00,106,67,38,1,56.0,3.85,6,0,False,오전(6-11),원활,0.94
2017-04-24 06:20:00,99,61,38,0,56.4,3.61,6,0,False,오전(6-11),원활,0.0
2017-04-24 06:25:00,133,75,57,1,52.0,5.35,6,0,False,오전(6-11),원활,0.75
2017-04-24 06:30:00,139,91,47,1,57.8,4.88,6,0,False,오전(6-11),원활,0.72
2017-04-24 06:35:00,163,110,52,1,51.6,6.18,6,0,False,오전(6-11),혼잡,0.61
2017-04-24 06:40:00,139,87,51,1,56.5,5.13,6,0,False,오전(6-11),원활,0.72
2017-04-24 06:45:00,144,102,38,4,54.6,5.35,6,0,False,오전(6-11),원활,2.78
2017-04-24 06:50:00,122,72,48,2,51.0,4.71,6,0,False,오전(6-11),원활,1.64
2017-04-24 06:55:00,164,108,53,3,50.9,6.67,6,0,False,오전(6-11),혼잡,1.83
2017-04-24 07:00:00,155,104,49,2,45.0,7.22,7,0,False,오전(6-11),혼잡,1.29
2017-04-24 07:05:00,176,114,61,1,50.0,7.7,7,0,False,오전(6-11),혼잡,0.57
2017-04-24 07:10:00,230,163,65,2,44.7,11.37,7,0,False,오전(6-11),혼잡,0.87
2017-04-24 07:15:00,252,176,73,3,42.7,12.3,7,0,False,오전(6-11),혼잡,1.19
2017-04-24 07:20:00,193,142,49,2,39.1,11.17,7,0,False,오전(6-11),혼잡,1.04
2017-04-24 07:25:00,226,161,64,1,39.1,12.65,7,0,False,오전(6-11),혼잡,0.44
2017-04-24 07:30:00,251,174,75,2,38.0,17.13,7,0,False,오전(6-11),혼잡,0.8
2017-04-24 07:35:00,272,196,70,6,38.2,18.63,7,0,False,오전(6-11),혼잡,2.21
2017-04-24 07:40:00,212,155,53,4,34.2,17.56,7,0,False,오전(6-11),혼잡,1.89
2017-04-24 07:45:00,206,145,59,2,36.1,16.44,7,0,False,오전(6-11),혼잡,0.97
2017-04-24 07:50:00,267,200,62,5,40.6,16.63,7,0,False,오전(6-11),혼잡,1.87
2017-04-24 07:55:00,292,233,57,2,40.1,15.74,7,0,False,오전(6-11),혼잡,0.68
2017-04-24 08:00:00,265,201,61,3,36.7,16.54,8,0,False,오전(6-11),혼잡,1.13
2017-04-24 08:05:00,228,167,57,4,40.3,13.29,8,0,False,오전(6-11),혼잡,1.75
2017-04-24 08:10:00,261,181,79,1,36.3,18.03,8,0,False,오전(6-11),혼잡,0.38
2017-04-24 08:15:00,295,228,64,3,36.7,15.62,8,0,False,오전(6-11),혼잡,1.02
2017-04-24 08:20:00,257,197,58,2,33.6,29.14,8,0,False,오전(6-11),혼잡,0.78
2017-04-24 08:25:00,182,143,37,2,32.5,24.11,8,0,False,오전(6-11),혼잡,1.1
2017-04-24 08:30:00,225,176,43,6,36.9,11.82,8,0,False,오전(6-11),혼잡,2.67
2017-04-24 08:35:00,263,224,36,3,32.5,19.8,8,0,False,오전(6-11),혼잡,1.14
2017-04-24 08:40:00,239,184,50,5,37.1,14.16,8,0,False,오전(6-11),혼잡,2.09
2017-04-24 08:45:00,165,119,44,2,47.4,7.44,8,0,False,오전(6-11),혼잡,1.21
2017-04-24 08:50:00,168,135,31,2,47.1,7.79,8,0,False,오전(6-11),혼잡,1.19
2017-04-24 08:55:00,167,133,30,4,53.4,6.37,8,0,False,오전(6-11),혼잡,2.4
2017-04-24 09:00:00,168,131,34,3,45.6,10.82,9,0,False,오전(6-11),혼잡,1.79
2017-04-24 09:05:00,177,131,43,3,43.4,12.07,9,0,False,오전(6-11),혼잡,1.69
2017-04-24 09:10:00,119,89,29,1,53.5,4.58,9,0,False,오전(6-11),원활,0.84
2017-04-24 09:15:00,145,114,31,0,54.6,5.47,9,0,False,오전(6-11),원활,0.0
2017-04-24 09:20:00,165,119,44,2,50.7,7.9,9,0,False,오전(6-11),혼잡,1.21
2017-04-24 09:25:00,177,126,50,1,48.2,10.16,9,0,False,오전(6-11),혼잡,0.56
2017-04-24 09:30:00,148,101,43,4,52.8,6.52,9,0,False,오전(6-11),혼잡,2.7
2017-04-24 09:35:00,151,107,42,2,48.6,7.67,9,0,False,오전(6-11),혼잡,1.32
2017-04-24 09:40:00,147,90,53,4,51.6,6.88,9,0,False,오전(6-11),혼잡,2.72
2017-04-24 09:45:00,152,102,49,1,46.6,8.36,9,0,False,오전(6-11),혼잡,0.66
2017-04-24 09:50:00,140,95,45,0,50.9,5.94,9,0,False,오전(6-11),혼잡,0.0
2017-04-24 09:55:00,173,110,61,2,48.3,8.36,9,0,False,오전(6-11),혼잡,1.16
2017-04-24 10:00:00,142,98,43,1,51.7,5.5,10,0,False,오전(6-11),원활,0.7
2017-04-24 10:05:00,143,93,47,3,51.3,7.65,10,0,False,오전(6-11),혼잡,2.1
2017-04-24 10:10:00,134,90,44,0,48.4,6.79,10,0,False,오전(6-11),혼잡,0.0
2017-04-24 10:15:00,123,78,42,3,53.1,6.27,10,0,False,오전(6-11),혼잡,2.44
2017-04-24 10:20:00,111,76,31,4,49.1,8.24,10,0,False,오전(6-11),혼잡,3.6
2017-04-24 10:25:00,107,70,33,4,52.4,7.1,10,0,False,오전(6-11),혼잡,3.74
2017-04-24 10:30:00,112,69,40,3,53.7,6.99,10,0,False,오전(6-11),혼잡,2.68
2017-04-24 10:35:00,116,73,42,1,50.2,6.16,10,0,False,오전(6-11),혼잡,0.86
2017-04-24 10:40:00,118,71,46,1,50.1,4.84,10,0,False,오전(6-11),원활,0.85
2017-04-24 10:45:00,150,100,47,3,49.7,9.1,10,0,False,오전(6-11),혼잡,2.0
2017-04-24 10:50:00,124,82,39,3,48.3,5.6,10,0,False,오전(6-11),혼잡,2.42
2017-04-24 10:55:00,128,76,52,0,49.4,5.5,10,0,False,오전(6-11),원활,0.0
2017-04-24 11:00:00,115,72,42,1,48.8,6.29,11,0,False,오전(6-11),혼잡,0.87
2017-04-24 11:05:00,122,83,38,1,48.4,5.72,11,0,False,오전(6-11),혼잡,0.82
2017-04-24 11:10:00,124,80,44,0,55.2,4.83,11,0,False,오전(6-11),원활,0.0
2017-04-24 11:15:00,147,90,56,1,50.2,6.56,11,0,False,오전(6-11),혼잡,0.68
2017-04-24 11:20:00,147,103,44,0,49.0,5.79,11,0,False,오전(6-11),혼잡,0.0
2017-04-24 11:25:00,135,96,38,1,51.3,6.13,11,0,False,오전(6-11),혼잡,0.74
2017-04-24 11:30:00,137,105,32,0,49.5,5.57,11,0,False,오전(6-11),혼잡,0.0
2017-04-24 11:35:00,134,94,37,3,47.2,6.35,11,0,False,오전(6-11),혼잡,2.24
2017-04-24 11:40:00,115,79,36,0,51.4,5.28,11,0,False,오전(6-11),원활,0.0
2017-04-24 11:45:00,134,94,40,0,48.1,6.02,11,0,False,오전(6-11),혼잡,0.0
2017-04-24 11:50:00,173,126,47,0,41.0,17.38,11,0,False,오전(6-11),혼잡,0.0
2017-04-24 11:55:00,131,91,40,0,47.4,6.91,11,0,False,오전(6-11),혼잡,0.0
2017-04-24 12:00:00,157,105,51,1,46.3,7.13,12,0,False,오후(12-17),혼잡,0.64
2017-04-24 12:05:00,127,89,35,3,51.8,5.6,12,0,False,오후(12-17),혼잡,2.36
2017-04-24 12:10:00,124,88,36,0,51.1,5.72,12,0,False,오후(12-17),혼잡,0.0
2017-04-24 12:15:00,131,95,34,2,48.0,6.04,12,0,False,오후(12-17),혼잡,1.53
2017-04-24 12:20:00,112,69,42,1,52.7,4.56,12,0,False,오후(12-17),원활,0.89
2017-04-24 12:25:00,119,87,32,0,49.7,4.9,12,0,False,오후(12-17),원활,0.0
2017-04-24 12:30:00,136,95,40,1,49.6,5.39,12,0,False,오후(12-17),원활,0.74
2017-04-24 12:35:00,163,100,60,3,48.0,7.05,12,0,False,오후(12-17),혼잡,1.84
2017-04-24 12:40:00,137,100,37,0,51.7,5.52,12,0,False,오후(12-17),원활,0.0
2017-04-24 12:45:00,131,95,35,1,49.8,5.48,12,0,False,오후(12-17),원활,0.76
2017-04-24 12:50:00,157,105,52,0,44.9,7.03,12,0,False,오후(12-17),혼잡,0.0
2017-04-24 12:55:00,153,104,48,1,47.2,6.47,12,0,False,오후(12-17),혼잡,0.65
2017-04-24 13:00:00,128,82,45,1,49.3,5.48,13,0,False,오후(12-17),원활,0.78
2017-04-24 13:05:00,155,117,37,1,48.0,6.43,13,0,False,오후(12-17),혼잡,0.65
2017-04-24 13:10:00,113,82,29,2,52.7,4.39,13,0,False,오후(12-17),원활,1.77
2017-04-24 13:15:00,154,115,37,2,48.9,6.48,13,0,False,오후(12-17),혼잡,1.3
2017-04-24 13:20:00,138,93,45,0,48.3,5.76,13,0,False,오후(12-17),혼잡,0.0
2017-04-24 13:25:00,155,105,49,1,47.9,6.41,13,0,False,오후(12-17),혼잡,0.65
2017-04-24 13:30:00,153,115,37,1,42.6,6.84,13,0,False,오후(12-17),혼잡,0.65
2017-04-24 13:35:00,145,98,43,4,49.0,6.08,13,0,False,오후(12-17),혼잡,2.76
2017-04-24 13:40:00,113,83,29,1,51.7,4.42,13,0,False,오후(12-17),원활,0.88
2017-04-24 13:45:00,109,75,32,2,52.7,4.42,13,0,False,오후(12-17),원활,1.83
2017-04-24 13:50:00,156,118,37,1,51.4,6.27,13,0,False,오후(12-17),혼잡,0.64
2017-04-24 13:55:00,129,91,38,0,48.6,5.68,13,0,False,오후(12-17),혼잡,0.0
2017-04-24 14:00:00,141,103,38,0,50.1,5.4,14,0,False,오후(12-17),원활,0.0
2017-04-24 14:05:00,152,102,49,1,50.7,6.09,14,0,False,오후(12-17),혼잡,0.66
2017-04-24 14:10:00,130,86,43,1,48.3,5.62,14,0,False,오후(12-17),혼잡,0.77
2017-04-24 14:15:00,132,98,34,0,48.2,5.48,14,0,False,오후(12-17),원활,0.0
2017-04-24 14:20:00,131,99,31,1,45.6,6.6,14,0,False,오후(12-17),혼잡,0.76
2017-04-24 14:25:00,151,107,43,1,46.4,6.22,14,0,False,오후(12-17),혼잡,0.66
2017-04-24 14:30:00,144,100,44,0,47.3,6.31,14,0,False,오후(12-17),혼잡,0.0
2017-04-24 14:35:00,136,82,52,2,49.2,5.72,14,0,False,오후(12-17),혼잡,1.47
2017-04-24 14:40:00,186,140,46,0,49.1,7.58,14,0,False,오후(12-17),혼잡,0.0
2017-04-24 14:45:00,171,131,40,0,45.6,7.63,14,0,False,오후(12-17),혼잡,0.0
2017-04-24 14:50:00,105,79,25,1,45.3,6.45,14,0,False,오후(12-17),혼잡,0.95
2017-04-24 14:55:00,146,96,48,2,48.2,6.22,14,0,False,오후(12-17),혼잡,1.37
2017-04-24 15:00:00,128,101,26,1,49.8,4.96,15,0,False,오후(12-17),원활,0.78
2017-04-24 15:05:00,146,112,32,2,51.5,5.74,15,0,False,오후(12-17),혼잡,1.37
2017-04-24 15:10:00,160,109,49,2,49.8,6.44,15,0,False,오후(12-17),혼잡,1.25
2017-04-24 15:15:00,135,97,36,2,48.8,5.61,15,0,False,오후(12-17),혼잡,1.48
2017-04-24 15:20:00,148,112,34,2,50.2,5.77,15,0,False,오후(12-17),혼잡,1.35
2017-04-24 15:25:00,144,104,38,2,50.2,5.8,15,0,False,오후(12-17),혼잡,1.39
2017-04-24 15:30:00,138,104,31,3,48.9,5.8,15,0,False,오후(12-17),혼잡,2.17
2017-04-24 15:35:00,136,103,31,2,44.5,6.08,15,0,False,오후(12-17),혼잡,1.47
2017-04-24 15:40:00,112,86,26,0,46.9,4.64,15,0,False,오후(12-17),원활,0.0
2017-04-24 15:45:00,163,129,33,1,44.8,6.85,15,0,False,오후(12-17),혼잡,0.61
2017-04-24 15:50:00,152,121,30,1,49.8,6.19,15,0,False,오후(12-17),혼잡,0.66
2017-04-24 15:55:00,171,127,41,3,49.5,6.87,15,0,False,오후(12-17),혼잡,1.75
2017-04-24 16:00:00,146,108,35,3,47.5,6.25,16,0,False,오후(12-17),혼잡,2.05
2017-04-24 16:05:00,169,119,49,1,47.0,6.94,16,0,False,오후(12-17),혼잡,0.59
2017-04-24 16:10:00,140,99,41,0,45.6,5.85,16,0,False,오후(12-17),혼잡,0.0
2017-04-24 16:15:00,146,102,43,1,48.9,6.55,16,0,False,오후(12-17),혼잡,0.68
2017-04-24 16:20:00,150,105,43,2,43.7,7.09,16,0,False,오후(12-17),혼잡,1.33
2017-04-24 16:25:00,137,100,37,0,49.6,8.96,16,0,False,오후(12-17),혼잡,0.0
2017-04-24 16:30:00,131,100,29,2,51.4,5.97,16,0,False,오후(12-17),혼잡,1.53
2017-04-24 16:35:00,142,103,38,1,53.0,5.64,16,0,False,오후(12-17),혼잡,0.7
2017-04-24 16:40:00,124,88,33,3,48.4,4.83,16,0,False,오후(12-17),원활,2.42
2017-04-24 16:45:00,146,107,37,2,46.1,6.38,16,0,False,오후(12-17),혼잡,1.37
2017-04-24 16:50:00,132,104,27,1,48.4,5.32,16,0,False,오후(12-17),원활,0.76
2017-04-24 16:55:00,142,96,46,0,50.3,5.95,16,0,False,오후(12-17),혼잡,0.0
2017-04-24 17:00:00,135,106,29,0,49.1,5.37,17,0,False,오후(12-17),원활,0.0
2017-04-24 17:05:00,154,112,39,3,49.5,6.93,17,0,False,오후(12-17),혼잡,1.95
2017-04-24 17:10:00,139,100,39,0,45.5,5.68,17,0,False,오후(12-17),혼잡,0.0
2017-04-24 17:15:00,129,106,22,1,48.8,5.35,17,0,False,오후(12-17),원활,0.78
2017-04-24 17:20:00,174,126,47,1,47.0,7.21,17,0,False,오후(12-17),혼잡,0.57
2017-04-24 17:25:00,173,129,43,1,47.9,7.16,17,0,False,오후(12-17),혼잡,0.58
2017-04-24 17:30:00,109,75,33,1,51.4,4.52,17,0,False,오후(12-17),원활,0.92
2017-04-24 17:35:00,123,95,28,0,44.3,5.43,17,0,False,오후(12-17),원활,0.0
2017-04-24 17:40:00,157,112,45,0,49.7,6.49,17,0,False,오후(12-17),혼잡,0.0
2017-04-24 17:45:00,183,125,54,4,43.3,7.91,17,0,False,오후(12-17),혼잡,2.19
2017-04-24 17:50:00,147,104,42,1,46.2,6.12,17,0,False,오후(12-17),혼잡,0.68
2017-04-24 17:55:00,147,113,33,1,46.8,6.79,17,0,False,오후(12-17),혼잡,0.68
2017-04-24 18:00:00,147,98,48,1,45.4,6.43,18,0,False,저녁(18-23),혼잡,0.68
2017-04-24 18:05:00,188,145,42,1,43.4,8.32,18,0,False,저녁(18-23),혼잡,0.53
2017-04-24 18:10:00,196,147,41,8,43.4,8.43,18,0,False,저녁(18-23),혼잡,4.08
2017-04-24 18:15:00,168,114,51,3,38.5,14.69,18,0,False,저녁(18-23),혼잡,1.79
2017-04-24 18:20:00,204,154,49,1,39.0,14.83,18,0,False,저녁(18-23),혼잡,0.49
2017-04-24 18:25:00,212,172,32,8,32.8,27.95,18,0,False,저녁(18-23),혼잡,3.77
2017-04-24 18:30:00,187,148,34,5,30.2,25.52,18,0,False,저녁(18-23),혼잡,2.67
2017-04-24 18:35:00,148,122,21,5,30.7,35.2,18,0,False,저녁(18-23),혼잡,3.38
2017-04-24 18:40:00,135,109,23,3,35.1,22.21,18,0,False,저녁(18-23),혼잡,2.22
2017-04-24 18:45:00,167,128,36,3,42.1,20.35,18,0,False,저녁(18-23),혼잡,1.8
2017-04-24 18:50:00,159,115,41,3,45.2,10.06,18,0,False,저녁(18-23),혼잡,1.89
2017-04-24 18:55:00,130,97,33,0,43.9,5.92,18,0,False,저녁(18-23),혼잡,0.0
2017-04-24 19:00:00,110,82,23,5,47.8,4.39,19,0,False,저녁(18-23),원활,4.55
2017-04-24 19:05:00,144,83,57,4,47.0,5.8,19,0,False,저녁(18-23),혼잡,2.78
2017-04-24 19:10:00,176,125,47,4,44.1,7.77,19,0,False,저녁(18-23),혼잡,2.27
2017-04-24 19:15:00,149,101,44,4,43.4,6.94,19,0,False,저녁(18-23),혼잡,2.68
2017-04-24 19:20:00,130,104,23,3,42.5,5.79,19,0,False,저녁(18-23),혼잡,2.31
2017-04-24 19:25:00,123,103,20,0,45.0,5.92,19,0,False,저녁(18-23),혼잡,0.0
2017-04-24 19:30:00,140,114,25,1,48.2,6.14,19,0,False,저녁(18-23),혼잡,0.71
2017-04-24 19:35:00,126,97,28,1,46.5,10.99,19,0,False,저녁(18-23),혼잡,0.79
2017-04-24 19:40:00,114,89,25,0,43.6,5.42,19,0,False,저녁(18-23),원활,0.0
2017-04-24 19:45:00,113,82,31,0,46.8,5.81,19,0,False,저녁(18-23),혼잡,0.0
2017-04-24 19:50:00,127,99,25,3,43.7,6.58,19,0,False,저녁(18-23),혼잡,2.36
2017-04-24 19:55:00,117,86,30,1,44.9,6.11,19,0,False,저녁(18-23),혼잡,0.85
2017-04-24 20:00:00,107,84,22,1,44.5,4.69,20,0,False,저녁(18-23),원활,0.93
2017-04-24 20:05:00,91,64,25,2,44.8,5.27,20,0,False,저녁(18-23),원활,2.2
2017-04-24 20:10:00,113,92,21,0,47.6,5.56,20,0,False,저녁(18-23),혼잡,0.0
2017-04-24 20:15:00,142,112,29,1,47.1,7.45,20,0,False,저녁(18-23),혼잡,0.7
2017-04-24 20:20:00,105,87,17,1,43.4,7.01,20,0,False,저녁(18-23),혼잡,0.95
2017-04-24 20:25:00,92,73,18,1,45.1,4.31,20,0,False,저녁(18-23),원활,1.09
2017-04-24 20:30:00,100,76,23,1,49.1,4.73,20,0,False,저녁(18-23),원활,1.0
2017-04-24 20:35:00,114,86,28,0,48.5,5.49,20,0,False,저녁(18-23),원활,0.0
2017-04-24 20:40:00,109,87,22,0,48.5,5.43,20,0,False,저녁(18-23),원활,0.0
2017-04-24 20:45:00,89,70,18,1,49.0,4.06,20,0,False,저녁(18-23),원활,1.12
2017-04-24 20:50:00,110,88,21,1,49.9,5.25,20,0,False,저녁(18-23),원활,0.91
2017-04-24 20:55:00,147,113,32,2,45.1,7.11,20,0,False,저녁(18-23),혼잡,1.36
2017-04-24 21:00:00,105,85,20,0,43.7,5.79,21,0,False,저녁(18-23),혼잡,0.0
2017-04-24 21:05:00,85,63,22,0,47.8,3.97,21,0,False,저녁(18-23),원활,0.0
2017-04-24 21:10:00,106,78,27,1,43.0,5.62,21,0,False,저녁(18-23),혼잡,0.94
2017-04-24 21:15:00,94,73,20,1,46.6,4.62,21,0,False,저녁(18-23),원활,1.06
2017-04-24 21:20:00,123,102,21,0,45.1,6.51,21,0,False,저녁(18-23),혼잡,0.0
2017-04-24 21:25:00,119,102,17,0,45.1,5.62,21,0,False,저녁(18-23),혼잡,0.0
2017-04-24 21:30:00,90,72,17,1,47.2,4.65,21,0,False,저녁(18-23),원활,1.11
2017-04-24 21:35:00,113,89,24,0,44.0,5.99,21,0,False,저녁(18-23),혼잡,0.0
2017-04-24 21:40:00,108,88,19,1,42.7,5.43,21,0,False,저녁(18-23),원활,0.93
2017-04-24 21:45:00,97,73,23,1,42.4,5.06,21,0,False,저녁(18-23),원활,1.03
2017-04-24 21:50:00,84,65,19,0,45.2,12.31,21,0,False,저녁(18-23),혼잡,0.0
2017-04-24 21:55:00,81,55,25,1,48.3,3.75,21,0,False,저녁(18-23),원활,1.23
2017-04-24 22:00:00,109,82,25,2,46.2,5.02,22,0,False,저녁(18-23),원활,1.83
2017-04-24 22:05:00,87,69,18,0,45.9,4.44,22,0,False,저녁(18-23),원활,0.0
2017-04-24 22:10:00,112,93,19,0,45.3,5.78,22,0,False,저녁(18-23),혼잡,0.0
2017-04-24 22:15:00,126,95,30,1,45.3,6.07,22,0,False,저녁(18-23),혼잡,0.79
2017-04-24 22:20:00,92,76,16,0,44.9,4.3,22,0,False,저녁(18-23),원활,0.0
2017-04-24 22:25:00,84,67,17,0,46.0,4.13,22,0,False,저녁(18-23),원활,0.0
2017-04-24 22:30:00,79,52,26,1,47.4,3.72,22,0,False,저녁(18-23),원활,1.27
2017-04-24 22:35:00,83,63,20,0,49.0,4.17,22,0,False,저녁(18-23),원활,0.0
2017-04-24 22:40:00,71,56,14,1,50.7,3.26,22,0,False,저녁(18-23),원활,1.41
2017-04-24 22:45:00,67,47,20,0,50.6,3.15,22,0,False,저녁(18-23),원활,0.0
2017-04-24 22:50:00,62,47,15,0,53.8,2.74,22,0,False,저녁(18-23),원활,0.0
2017-04-24 22:55:00,84,60,23,1,48.0,3.93,22,0,False,저녁(18-23),원활,1.19
2017-04-24 23:00:00,45,33,12,0,49.4,2.13,23,0,False,저녁(18-23),원활,0.0
2017-04-24 23:05:00,69,53,16,0,50.9,3.0,23,0,False,저녁(18-23),원활,0.0
2017-04-24 23:10:00,49,37,12,0,52.4,2.04,23,0,False,저녁(18-23),원활,0.0
2017-04-24 23:15:00,64,51,13,0,49.9,3.18,23,0,False,저녁(18-23),원활,0.0
2017-04-24 23:20:00,61,43,18,0,54.1,2.51,23,0,False,저녁(18-23),원활,0.0
2017-04-24 23:25:00,46,33,12,1,54.7,1.84,23,0,False,저녁(18-23),원활,2.17
2017-04-24 23:30:00,43,34,9,0,54.3,1.96,23,0,False,저녁(18-23),원활,0.0
2017-04-24 23:35:00,40,28,12,0,53.9,1.85,23,0,False,저녁(18-23),원활,0.0
2017-04-24 23:40:00,34,28,6,0,53.2,1.48,23,0,False,저녁(18-23),원활,0.0
2017-04-24 23:45:00,37,28,8,1,53.4,1.5,23,0,False,저녁(18-23),원활,2.7
2017-04-24 23:50:00,19,10,9,0,52.3,0.82,23,0,False,저녁(18-23),원활,0.0
2017-04-24 23:55:00,38,32,6,0,55.2,1.5,23,0,False,저녁(18-23),원활,0.0
2017-04-25 00:00:00,31,22,9,0,55.4,1.17,0,1,False,새벽(0-5),원활,0.0
2017-04-25 00:05:00,47,33,14,0,54.6,1.98,0,1,False,새벽(0-5),원활,0.0
2017-04-25 00:10:00,39,25,14,0,51.9,1.81,0,1,False,새벽(0-5),원활,0.0
2017-04-25 00:15:00,32,26,6,0,52.5,1.36,0,1,False,새벽(0-5),원활,0.0
2017-04-25 00:20:00,27,19,8,0,58.8,0.92,0,1,False,새벽(0-5),원활,0.0
2017-04-25 00:25:00,40,28,12,0,55.2,1.61,0,1,False,새벽(0-5),원활,0.0
2017-04-25 00:30:00,29,22,7,0,60.0,1.15,0,1,False,새벽(0-5),원활,0.0
2017-04-25 00:35:00,25,20,5,0,54.7,1.06,0,1,False,새벽(0-5),원활,0.0
2017-04-25 00:40:00,24,17,7,0,53.5,0.86,0,1,False,새벽(0-5),원활,0.0
2017-04-25 00:45:00,28,25,3,0,55.7,1.08,0,1,False,새벽(0-5),원활,0.0
2017-04-25 00:50:00,24,17,7,0,61.7,1.03,0,1,False,새벽(0-5),원활,0.0
2017-04-25 00:55:00,20,17,3,0,54.1,0.88,0,1,False,새벽(0-5),원활,0.0
2017-04-25 01:00:00,16,11,5,0,51.1,0.73,1,1,False,새벽(0-5),원활,0.0
2017-04-25 01:05:00,17,7,10,0,59.5,0.68,1,1,False,새벽(0-5),원활,0.0
2017-04-25 01:10:00,24,17,7,0,59.3,0.95,1,1,False,새벽(0-5),원활,0.0
2017-04-25 01:15:00,17,13,4,0,54.3,0.67,1,1,False,새벽(0-5),원활,0.0
2017-04-25 01:20:00,18,16,1,1,56.3,1.04,1,1,False,새벽(0-5),원활,5.56
2017-04-25 01:25:00,19,9,10,0,59.2,0.76,1,1,False,새벽(0-5),원활,0.0
2017-04-25 01:30:00,12,9,3,0,62.0,0.5,1,1,False,새벽(0-5),원활,0.0
2017-04-25 01:35:00,15,10,5,0,57.8,0.61,1,1,False,새벽(0-5),원활,0.0
2017-04-25 01:40:00,16,9,7,0,55.6,0.68,1,1,False,새벽(0-5),원활,0.0
2017-04-25 01:45:00,24,19,5,0,65.3,0.92,1,1,False,새벽(0-5),원활,0.0
2017-04-25 01:50:00,16,14,2,0,50.7,0.66,1,1,False,새벽(0-5),원활,0.0
2017-04-25 01:55:00,16,8,8,0,81.4,0.61,1,1,False,새벽(0-5),원활,0.0
2017-04-25 02:00:00,10,6,4,0,61.4,0.4,2,1,False,새벽(0-5),원활,0.0
2017-04-25 02:05:00,17,12,5,0,56.4,0.68,2,1,False,새벽(0-5),원활,0.0
2017-04-25 02:10:00,14,11,3,0,35.6,0.64,2,1,False,새벽(0-5),원활,0.0
2017-04-25 02:15:00,8,6,2,0,76.9,0.31,2,1,False,새벽(0-5),원활,0.0
2017-04-25 02:20:00,10,4,5,1,63.0,0.51,2,1,False,새벽(0-5),원활,10.0
2017-04-25 02:25:00,21,14,7,0,54.6,0.82,2,1,False,새벽(0-5),원활,0.0
2017-04-25 02:30:00,10,9,1,0,50.4,0.42,2,1,False,새벽(0-5),원활,0.0
2017-04-25 02:35:00,15,10,5,0,61.2,0.64,2,1,False,새벽(0-5),원활,0.0
2017-04-25 02:40:00,10,8,2,0,53.8,0.39,2,1,False,새벽(0-5),원활,0.0
2017-04-25 02:45:00,10,8,2,0,56.8,0.46,2,1,False,새벽(0-5),원활,0.0
2017-04-25 02:50:00,13,8,5,0,57.8,0.58,2,1,False,새벽(0-5),원활,0.0
2017-04-25 02:55:00,7,4,2,1,56.9,0.36,2,1,False,새벽(0-5),원활,14.29
2017-04-25 03:00:00,10,4,6,0,60.1,0.46,3,1,False,새벽(0-5),원활,0.0
2017-04-25 03:05:00,10,9,1,0,61.9,0.36,3,1,False,새벽(0-5),원활,0.0
2017-04-25 03:10:00,9,4,5,0,65.1,0.36,3,1,False,새벽(0-5),원활,0.0
2017-04-25 03:15:00,9,6,3,0,55.3,0.37,3,1,False,새벽(0-5),원활,0.0
2017-04-25 03:20:00,12,8,4,0,55.6,0.6,3,1,False,새벽(0-5),원활,0.0
2017-04-25 03:25:00,11,8,2,1,58.7,0.48,3,1,False,새벽(0-5),원활,9.09
2017-04-25 03:30:00,11,5,6,0,50.6,0.51,3,1,False,새벽(0-5),원활,0.0
2017-04-25 03:35:00,13,10,2,1,53.5,0.56,3,1,False,새벽(0-5),원활,7.69
2017-04-25 03:40:00,9,7,2,0,54.5,0.5,3,1,False,새벽(0-5),원활,0.0
2017-04-25 03:45:00,22,14,8,0,63.1,0.98,3,1,False,새벽(0-5),원활,0.0
2017-04-25 03:50:00,8,3,5,0,58.3,0.43,3,1,False,새벽(0-5),원활,0.0
2017-04-25 03:55:00,9,6,3,0,53.0,0.53,3,1,False,새벽(0-5),원활,0.0
2017-04-25 04:00:00,14,10,4,0,58.9,0.64,4,1,False,새벽(0-5),원활,0.0
2017-04-25 04:05:00,13,7,6,0,58.1,0.65,4,1,False,새벽(0-5),원활,0.0
2017-04-25 04:10:00,15,11,4,0,48.4,0.52,4,1,False,새벽(0-5),원활,0.0
2017-04-25 04:15:00,8,4,4,0,51.1,0.42,4,1,False,새벽(0-5),원활,0.0
2017-04-25 04:20:00,16,11,5,0,62.1,0.66,4,1,False,새벽(0-5),원활,0.0
2017-04-25 04:25:00,12,9,3,0,66.9,0.57,4,1,False,새벽(0-5),원활,0.0
2017-04-25 04:30:00,12,9,3,0,65.6,0.5,4,1,False,새벽(0-5),원활,0.0
2017-04-25 04:35:00,25,15,10,0,58.4,1.14,4,1,False,새벽(0-5),원활,0.0
2017-04-25 04:40:00,19,10,9,0,54.8,0.95,4,1,False,새벽(0-5),원활,0.0
2017-04-25 04:45:00,16,9,7,0,63.1,0.62,4,1,False,새벽(0-5),원활,0.0
2017-04-25 04:50:00,26,15,11,0,65.4,1.08,4,1,False,새벽(0-5),원활,0.0
2017-04-25 04:55:00,30,22,8,0,59.0,1.43,4,1,False,새벽(0-5),원활,0.0
2017-04-25 05:00:00,27,18,9,0,54.3,1.08,5,1,False,새벽(0-5),원활,0.0
2017-04-25 05:05:00,24,15,9,0,54.7,1.06,5,1,False,새벽(0-5),원활,0.0
2017-04-25 05:10:00,33,26,7,0,51.0,1.48,5,1,False,새벽(0-5),원활,0.0
2017-04-25 05:15:00,37,26,11,0,63.9,1.58,5,1,False,새벽(0-5),원활,0.0
2017-04-25 05:20:00,53,31,22,0,61.6,2.49,5,1,False,새벽(0-5),원활,0.0
2017-04-25 05:25:00,65,48,17,0,58.4,2.65,5,1,False,새벽(0-5),원활,0.0
2017-04-25 05:30:00,47,29,16,2,59.6,1.86,5,1,False,새벽(0-5),원활,4.26
2017-04-25 05:35:00,43,28,13,2,63.0,1.66,5,1,False,새벽(0-5),원활,4.65
2017-04-25 05:40:00,48,33,14,1,62.5,1.71,5,1,False,새벽(0-5),원활,2.08
2017-04-25 05:45:00,50,36,13,1,60.1,1.7,5,1,False,새벽(0-5),원활,2.0
2017-04-25 05:50:00,45,31,14,0,63.9,1.52,5,1,False,새벽(0-5),원활,0.0
2017-04-25 05:55:00,98,65,33,0,57.7,3.45,5,1,False,새벽(0-5),원활,0.0
2017-04-25 06:00:00,77,44,33,0,56.4,2.89,6,1,False,오전(6-11),원활,0.0
2017-04-25 06:05:00,101,66,33,2,57.9,3.77,6,1,False,오전(6-11),원활,1.98
2017-04-25 06:10:00,78,50,28,0,57.6,3.02,6,1,False,오전(6-11),원활,0.0
2017-04-25 06:15:00,92,56,34,2,53.3,3.78,6,1,False,오전(6-11),원활,2.17
2017-04-25 06:20:00,74,52,21,1,64.3,2.34,6,1,False,오전(6-11),원활,1.35
2017-04-25 06:25:00,116,76,37,3,56.5,4.22,6,1,False,오전(6-11),원활,2.59
2017-04-25 06:30:00,95,56,38,1,64.6,3.43,6,1,False,오전(6-11),원활,1.05
2017-04-25 06:35:00,121,70,51,0,54.3,4.85,6,1,False,오전(6-11),원활,0.0
2017-04-25 06:40:00,119,70,47,2,55.5,4.61,6,1,False,오전(6-11),원활,1.68
2017-04-25 06:45:00,121,64,54,3,57.1,4.68,6,1,False,오전(6-11),원활,2.48
2017-04-25 06:50:00,101,66,35,0,53.7,3.97,6,1,False,오전(6-11),원활,0.0
2017-04-25 06:55:00,131,78,52,1,51.3,5.43,6,1,False,오전(6-11),원활,0.76
2017-04-25 07:00:00,113,65,46,2,52.5,4.45,7,1,False,오전(6-11),원활,1.77
2017-04-25 07:05:00,161,101,59,1,53.1,6.46,7,1,False,오전(6-11),혼잡,0.62
2017-04-25 07:10:00,197,128,63,6,49.3,8.77,7,1,False,오전(6-11),혼잡,3.05
2017-04-25 07:15:00,209,134,73,2,48.1,9.77,7,1,False,오전(6-11),혼잡,0.96
2017-04-25 07:20:00,209,160,49,0,43.6,10.03,7,1,False,오전(6-11),혼잡,0.0
2017-04-25 07:25:00,224,155,66,3,39.8,12.18,7,1,False,오전(6-11),혼잡,1.34
2017-04-25 07:30:00,252,179,71,2,36.5,15.63,7,1,False,오전(6-11),혼잡,0.79
2017-04-25 07:35:00,273,205,60,8,34.4,19.99,7,1,False,오전(6-11),혼잡,2.93
2017-04-25 07:40:00,247,171,73,3,38.1,28.84,7,1,False,오전(6-11),혼잡,1.21
2017-04-25 07:45:00,240,161,77,2,41.0,11.12,7,1,False,오전(6-11),혼잡,0.83
2017-04-25 07:50:00,262,182,79,1,39.2,19.47,7,1,False,오전(6-11),혼잡,0.38
2017-04-25 07:55:00,280,196,81,3,35.2,20.36,7,1,False,오전(6-11),혼잡,1.07
2017-04-25 08:00:00,273,187,81,5,34.7,28.78,8,1,False,오전(6-11),혼잡,1.83
2017-04-25 08:05:00,229,170,54,5,32.1,34.33,8,1,False,오전(6-11),혼잡,2.18
2017-04-25 08:10:00,270,190,77,3,33.2,29.94,8,1,False,오전(6-11),혼잡,1.11
2017-04-25 08:15:00,301,212,81,8,36.5,30.85,8,1,False,오전(6-11),혼잡,2.66
2017-04-25 08:20:00,207,142,63,2,39.1,14.55,8,1,False,오전(6-11),혼잡,0.97
2017-04-25 08:25:00,224,166,53,5,33.5,46.34,8,1,False,오전(6-11),혼잡,2.23
2017-04-25 08:30:00,207,155,50,2,35.0,14.83,8,1,False,오전(6-11),혼잡,0.97
2017-04-25 08:35:00,267,184,80,3,35.1,17.0,8,1,False,오전(6-11),혼잡,1.12
2017-04-25 08:40:00,212,161,51,0,44.0,11.14,8,1,False,오전(6-11),혼잡,0.0
2017-04-25 08:45:00,181,137,44,0,43.8,8.72,8,1,False,오전(6-11),혼잡,0.0
2017-04-25 08:50:00,153,113,39,1,46.3,6.8,8,1,False,오전(6-11),혼잡,0.65
2017-04-25 08:55:00,179,116,57,6,50.1,8.21,8,1,False,오전(6-11),혼잡,3.35
2017-04-25 09:00:00,176,126,46,4,50.1,7.22,9,1,False,오전(6-11),혼잡,2.27
2017-04-25 09:05:00,140,97,39,4,49.7,5.97,9,1,False,오전(6-11),혼잡,2.86
2017-04-25 09:10:00,140,92,47,1,49.3,5.91,9,1,False,오전(6-11),혼잡,0.71
2017-04-25 09:15:00,154,111,42,1,49.3,6.12,9,1,False,오전(6-11),혼잡,0.65
2017-04-25 09:20:00,204,132,69,3,47.5,9.06,9,1,False,오전(6-11),혼잡,1.47
2017-04-25 09:25:00,199,130,66,3,47.1,8.1,9,1,False,오전(6-11),혼잡,1.51
2017-04-25 09:30:00,164,116,47,1,49.2,6.76,9,1,False,오전(6-11),혼잡,0.61
2017-04-25 09:35:00,146,99,45,2,46.9,6.58,9,1,False,오전(6-11),혼잡,1.37
2017-04-25 09:40:00,145,94,47,4,48.3,5.91,9,1,False,오전(6-11),혼잡,2.76
2017-04-25 09:45:00,141,92,49,0,50.2,5.94,9,1,False,오전(6-11),혼잡,0.0
2017-04-25 09:50:00,163,113,47,3,51.4,6.82,9,1,False,오전(6-11),혼잡,1.84
2017-04-25 09:55:00,172,111,60,1,50.2,7.78,9,1,False,오전(6-11),혼잡,0.58
2017-04-25 10:00:00,169,111,58,0,50.6,8.37,10,1,False,오전(6-11),혼잡,0.0
2017-04-25 10:05:00,167,118,49,0,49.1,7.27,10,1,False,오전(6-11),혼잡,0.0
2017-04-25 10:10:00,134,80,53,1,47.0,5.64,10,1,False,오전(6-11),혼잡,0.75
2017-04-25 10:15:00,149,85,62,2,50.7,6.36,10,1,False,오전(6-11),혼잡,1.34
2017-04-25 10:20:00,124,80,43,1,51.2,5.14,10,1,False,오전(6-11),원활,0.81
2017-04-25 10:25:00,115,76,39,0,50.1,4.73,10,1,False,오전(6-11),원활,0.0
2017-04-25 10:30:00,136,85,49,2,51.1,5.7,10,1,False,오전(6-11),혼잡,1.47
2017-04-25 10:35:00,139,83,56,0,48.3,6.32,10,1,False,오전(6-11),혼잡,0.0
2017-04-25 10:40:00,156,107,48,1,46.9,6.85,10,1,False,오전(6-11),혼잡,0.64
2017-04-25 10:45:00,164,105,56,3,48.9,8.46,10,1,False,오전(6-11),혼잡,1.83
2017-04-25 10:50:00,111,71,39,1,54.2,4.28,10,1,False,오전(6-11),원활,0.9
2017-04-25 10:55:00,133,88,43,2,50.3,5.47,10,1,False,오전(6-11),원활,1.5
2017-04-25 11:00:00,107,68,38,1,49.4,4.37,11,1,False,오전(6-11),원활,0.93
2017-04-25 11:05:00,146,104,42,0,51.7,5.7,11,1,False,오전(6-11),혼잡,0.0
2017-04-25 11:10:00,137,91,45,1,46.3,6.71,11,1,False,오전(6-11),혼잡,0.73
2017-04-25 11:15:00,143,101,42,0,48.7,6.24,11,1,False,오전(6-11),혼잡,0.0
2017-04-25 11:20:00,139,87,51,1,49.4,5.83,11,1,False,오전(6-11),혼잡,0.72
2017-04-25 11:25:00,136,98,36,2,50.3,5.89,11,1,False,오전(6-11),혼잡,1.47
2017-04-25 11:30:00,157,101,56,0,46.8,6.77,11,1,False,오전(6-11),혼잡,0.0
2017-04-25 11:35:00,149,101,48,0,46.6,6.56,11,1,False,오전(6-11),혼잡,0.0
2017-04-25 11:40:00,144,97,45,2,48.1,6.3,11,1,False,오전(6-11),혼잡,1.39
2017-04-25 11:45:00,173,118,52,3,43.2,8.13,11,1,False,오전(6-11),혼잡,1.73
2017-04-25 11:50:00,160,111,49,0,49.9,7.02,11,1,False,오전(6-11),혼잡,0.0
2017-04-25 11:55:00,189,135,53,1,44.1,8.84,11,1,False,오전(6-11),혼잡,0.53
2017-04-25 12:00:00,158,101,55,2,46.9,6.73,12,1,False,오후(12-17),혼잡,1.27
2017-04-25 12:05:00,141,99,39,3,44.7,9.26,12,1,False,오후(12-17),혼잡,2.13
2017-04-25 12:10:00,111,91,20,0,50.2,4.2,12,1,False,오후(12-17),원활,0.0
2017-04-25 12:15:00,132,92,40,0,45.8,5.93,12,1,False,오후(12-17),혼잡,0.0
2017-04-25 12:20:00,123,93,30,0,50.6,5.08,12,1,False,오후(12-17),원활,0.0
2017-04-25 12:25:00,135,92,42,1,45.6,5.96,12,1,False,오후(12-17),혼잡,0.74
2017-04-25 12:30:00,119,75,44,0,49.1,5.08,12,1,False,오후(12-17),원활,0.0
2017-04-25 12:35:00,157,102,53,2,47.7,7.0,12,1,False,오후(12-17),혼잡,1.27
2017-04-25 12:40:00,145,101,44,0,49.5,5.83,12,1,False,오후(12-17),혼잡,0.0
2017-04-25 12:45:00,146,106,37,3,43.3,7.78,12,1,False,오후(12-17),혼잡,2.05
2017-04-25 12:50:00,140,87,51,2,46.8,6.32,12,1,False,오후(12-17),혼잡,1.43
2017-04-25 12:55:00,134,90,43,1,50.4,5.61,12,1,False,오후(12-17),혼잡,0.75
2017-04-25 13:00:00,152,111,39,2,49.8,6.73,13,1,False,오후(12-17),혼잡,1.32
2017-04-25 13:05:00,149,103,44,2,44.2,7.36,13,1,False,오후(12-17),혼잡,1.34
2017-04-25 13:10:00,174,120,53,1,44.3,8.1,13,1,False,오후(12-17),혼잡,0.57
2017-04-25 13:15:00,172,116,55,1,45.8,7.93,13,1,False,오후(12-17),혼잡,0.58
2017-04-25 13:20:00,149,104,45,0,47.1,6.2,13,1,False,오후(12-17),혼잡,0.0
2017-04-25 13:25:00,186,140,45,1,44.7,8.17,13,1,False,오후(12-17),혼잡,0.54
2017-04-25 13:30:00,139,93,45,1,47.7,5.96,13,1,False,오후(12-17),혼잡,0.72
2017-04-25 13:35:00,155,102,51,2,45.1,7.12,13,1,False,오후(12-17),혼잡,1.29
2017-04-25 13:40:00,113,78,34,1,50.6,4.64,13,1,False,오후(12-17),원활,0.88
2017-04-25 13:45:00,126,82,44,0,51.0,5.19,13,1,False,오후(12-17),원활,0.0
2017-04-25 13:50:00,146,100,45,1,48.8,6.3,13,1,False,오후(12-17),혼잡,0.68
2017-04-25 13:55:00,184,129,54,1,45.7,7.48,13,1,False,오후(12-17),혼잡,0.54
2017-04-25 14:00:00,137,104,33,0,48.3,6.05,14,1,False,오후(12-17),혼잡,0.0
2017-04-25 14:05:00,154,93,58,3,49.7,6.77,14,1,False,오후(12-17),혼잡,1.95
2017-04-25 14:10:00,129,94,34,1,43.1,5.88,14,1,False,오후(12-17),혼잡,0.78
2017-04-25 14:15:00,143,92,49,2,51.3,6.31,14,1,False,오후(12-17),혼잡,1.4
2017-04-25 14:20:00,139,95,41,3,50.1,5.45,14,1,False,오후(12-17),원활,2.16
2017-04-25 14:25:00,141,92,49,0,49.5,5.63,14,1,False,오후(12-17),혼잡,0.0
2017-04-25 14:30:00,148,107,40,1,42.1,7.86,14,1,False,오후(12-17),혼잡,0.68
2017-04-25 14:35:00,172,112,59,1,46.6,7.9,14,1,False,오후(12-17),혼잡,0.58
2017-04-25 14:40:00,186,130,54,2,43.7,8.6,14,1,False,오후(12-17),혼잡,1.08
2017-04-25 14:45:00,181,125,52,4,44.1,8.17,14,1,False,오후(12-17),혼잡,2.21
2017-04-25 14:50:00,148,113,35,0,47.3,6.43,14,1,False,오후(12-17),혼잡,0.0
2017-04-25 14:55:00,137,90,47,0,49.7,6.06,14,1,False,오후(12-17),혼잡,0.0
2017-04-25 15:00:00,122,82,38,2,51.0,5.06,15,1,False,오후(12-17),원활,1.64
2017-04-25 15:05:00,131,99,32,0,51.9,4.99,15,1,False,오후(12-17),원활,0.0
2017-04-25 15:10:00,155,109,45,1,49.6,6.6,15,1,False,오후(12-17),혼잡,0.65
2017-04-25 15:15:00,136,96,40,0,50.0,5.48,15,1,False,오후(12-17),원활,0.0
2017-04-25 15:20:00,161,107,53,1,49.3,6.66,15,1,False,오후(12-17),혼잡,0.62
2017-04-25 15:25:00,126,89,36,1,49.9,4.98,15,1,False,오후(12-17),원활,0.79
2017-04-25 15:30:00,157,116,40,1,48.0,6.81,15,1,False,오후(12-17),혼잡,0.64
2017-04-25 15:35:00,143,102,40,1,45.6,6.58,15,1,False,오후(12-17),혼잡,0.7
2017-04-25 15:40:00,139,93,44,2,46.9,5.88,15,1,False,오후(12-17),혼잡,1.44
2017-04-25 15:45:00,129,93,36,0,47.0,5.64,15,1,False,오후(12-17),혼잡,0.0
2017-04-25 15:50:00,145,111,33,1,48.4,6.08,15,1,False,오후(12-17),혼잡,0.69
2017-04-25 15:55:00,164,118,45,1,45.7,7.2,15,1,False,오후(12-17),혼잡,0.61
2017-04-25 16:00:00,173,131,42,0,46.4,7.71,16,1,False,오후(12-17),혼잡,0.0
2017-04-25 16:05:00,164,122,39,3,45.8,7.42,16,1,False,오후(12-17),혼잡,1.83
2017-04-25 16:10:00,142,111,31,0,45.0,6.24,16,1,False,오후(12-17),혼잡,0.0
2017-04-25 16:15:00,141,107,33,1,48.1,5.86,16,1,False,오후(12-17),혼잡,0.71
2017-04-25 16:20:00,140,110,30,0,45.1,6.22,16,1,False,오후(12-17),혼잡,0.0
2017-04-25 16:25:00,145,105,38,2,47.7,6.12,16,1,False,오후(12-17),혼잡,1.38
2017-04-25 16:30:00,117,92,25,0,49.8,4.91,16,1,False,오후(12-17),원활,0.0
2017-04-25 16:35:00,170,117,52,1,47.4,7.35,16,1,False,오후(12-17),혼잡,0.59
2017-04-25 16:40:00,160,112,47,1,45.4,7.13,16,1,False,오후(12-17),혼잡,0.62
2017-04-25 16:45:00,163,123,37,3,50.0,6.58,16,1,False,오후(12-17),혼잡,1.84
2017-04-25 16:50:00,129,92,37,0,49.1,5.24,16,1,False,오후(12-17),원활,0.0
2017-04-25 16:55:00,138,105,31,2,51.6,5.46,16,1,False,오후(12-17),원활,1.45
2017-04-25 17:00:00,137,101,36,0,47.7,5.66,17,1,False,오후(12-17),혼잡,0.0
2017-04-25 17:05:00,171,134,35,2,48.5,7.28,17,1,False,오후(12-17),혼잡,1.17
2017-04-25 17:10:00,147,109,37,1,42.6,7.06,17,1,False,오후(12-17),혼잡,0.68
2017-04-25 17:15:00,138,100,36,2,48.7,5.67,17,1,False,오후(12-17),혼잡,1.45
2017-04-25 17:20:00,163,118,44,1,46.6,7.11,17,1,False,오후(12-17),혼잡,0.61
2017-04-25 17:25:00,171,122,49,0,50.1,6.67,17,1,False,오후(12-17),혼잡,0.0
2017-04-25 17:30:00,135,100,34,1,49.8,5.45,17,1,False,오후(12-17),원활,0.74
2017-04-25 17:35:00,134,94,38,2,45.6,5.58,17,1,False,오후(12-17),혼잡,1.49
2017-04-25 17:40:00,176,127,45,4,44.6,7.86,17,1,False,오후(12-17),혼잡,2.27
2017-04-25 17:45:00,172,122,48,2,45.3,7.85,17,1,False,오후(12-17),혼잡,1.16
2017-04-25 17:50:00,149,107,40,2,45.2,6.27,17,1,False,오후(12-17),혼잡,1.34
2017-04-25 17:55:00,129,89,39,1,49.3,5.58,17,1,False,오후(12-17),혼잡,0.78
2017-04-25 18:00:00,151,104,45,2,49.1,6.0,18,1,False,저녁(18-23),혼잡,1.32
2017-04-25 18:05:00,193,148,45,0,44.2,8.33,18,1,False,저녁(18-23),혼잡,0.0
2017-04-25 18:10:00,219,157,61,1,36.3,15.56,18,1,False,저녁(18-23),혼잡,0.46
2017-04-25 18:15:00,188,135,47,6,35.2,14.57,18,1,False,저녁(18-23),혼잡,3.19
2017-04-25 18:20:00,207,137,65,5,37.2,17.63,18,1,False,저녁(18-23),혼잡,2.42
2017-04-25 18:25:00,211,149,57,5,37.3,18.0,18,1,False,저녁(18-23),혼잡,2.37
2017-04-25 18:30:00,188,134,51,3,41.4,13.67,18,1,False,저녁(18-23),혼잡,1.6
2017-04-25 18:35:00,141,102,36,3,34.6,20.8,18,1,False,저녁(18-23),혼잡,2.13
2017-04-25 18:40:00,170,125,38,7,31.3,16.93,18,1,False,저녁(18-23),혼잡,4.12
2017-04-25 18:45:00,202,143,50,9,37.5,21.96,18,1,False,저녁(18-23),혼잡,4.46
2017-04-25 18:50:00,162,107,49,6,44.8,6.65,18,1,False,저녁(18-23),혼잡,3.7
2017-04-25 18:55:00,139,95,41,3,42.2,6.85,18,1,False,저녁(18-23),혼잡,2.16
2017-04-25 19:00:00,102,78,23,1,40.8,11.96,19,1,False,저녁(18-23),혼잡,0.98
2017-04-25 19:05:00,180,118,57,5,42.3,8.21,19,1,False,저녁(18-23),혼잡,2.78
2017-04-25 19:10:00,162,111,48,3,42.3,7.52,19,1,False,저녁(18-23),혼잡,1.85
2017-04-25 19:15:00,162,111,46,5,42.1,7.73,19,1,False,저녁(18-23),혼잡,3.09
2017-04-25 19:20:00,109,90,17,2,44.8,5.06,19,1,False,저녁(18-23),원활,1.83
2017-04-25 19:25:00,147,116,30,1,43.0,7.5,19,1,False,저녁(18-23),혼잡,0.68
2017-04-25 19:30:00,143,116,27,0,45.2,6.77,19,1,False,저녁(18-23),혼잡,0.0
2017-04-25 19:35:00,114,92,22,0,46.1,5.44,19,1,False,저녁(18-23),원활,0.0
2017-04-25 19:40:00,118,89,28,1,44.5,6.03,19,1,False,저녁(18-23),혼잡,0.85
2017-04-25 19:45:00,125,95,29,1,44.1,6.8,19,1,False,저녁(18-23),혼잡,0.8
2017-04-25 19:50:00,113,87,26,0,49.0,5.85,19,1,False,저녁(18-23),혼잡,0.0
2017-04-25 19:55:00,106,88,18,0,45.0,5.41,19,1,False,저녁(18-23),원활,0.0
2017-04-25 20:00:00,114,92,22,0,43.7,5.56,20,1,False,저녁(18-23),혼잡,0.0
2017-04-25 20:05:00,112,92,20,0,47.2,8.55,20,1,False,저녁(18-23),혼잡,0.0
2017-04-25 20:10:00,110,83,24,3,49.6,4.71,20,1,False,저녁(18-23),원활,2.73
2017-04-25 20:15:00,129,101,27,1,49.1,6.19,20,1,False,저녁(18-23),혼잡,0.78
2017-04-25 20:20:00,81,63,18,0,46.0,4.04,20,1,False,저녁(18-23),원활,0.0
2017-04-25 20:25:00,112,82,29,1,47.5,5.68,20,1,False,저녁(18-23),혼잡,0.89
2017-04-25 20:30:00,122,95,26,1,45.6,6.38,20,1,False,저녁(18-23),혼잡,0.82
2017-04-25 20:35:00,133,107,26,0,45.4,7.13,20,1,False,저녁(18-23),혼잡,0.0
2017-04-25 20:40:00,131,104,27,0,44.7,6.34,20,1,False,저녁(18-23),혼잡,0.0
2017-04-25 20:45:00,109,91,18,0,45.3,5.14,20,1,False,저녁(18-23),원활,0.0
2017-04-25 20:50:00,102,82,20,0,45.5,5.28,20,1,False,저녁(18-23),원활,0.0
2017-04-25 20:55:00,140,120,19,1,49.3,6.04,20,1,False,저녁(18-23),혼잡,0.71
2017-04-25 21:00:00,79,56,23,0,49.6,3.73,21,1,False,저녁(18-23),원활,0.0
2017-04-25 21:05:00,100,86,13,1,46.5,4.99,21,1,False,저녁(18-23),원활,1.0
2017-04-25 21:10:00,94,71,21,2,46.6,4.93,21,1,False,저녁(18-23),원활,2.13
2017-04-25 21:15:00,102,81,21,0,45.0,5.7,21,1,False,저녁(18-23),혼잡,0.0
2017-04-25 21:20:00,127,102,25,0,43.5,6.28,21,1,False,저녁(18-23),혼잡,0.0
2017-04-25 21:25:00,118,91,25,2,41.1,6.11,21,1,False,저녁(18-23),혼잡,1.69
2017-04-25 21:30:00,105,78,27,0,50.3,5.15,21,1,False,저녁(18-23),원활,0.0
2017-04-25 21:35:00,116,94,22,0,44.0,6.5,21,1,False,저녁(18-23),혼잡,0.0
2017-04-25 21:40:00,87,70,17,0,44.9,4.36,21,1,False,저녁(18-23),원활,0.0
2017-04-25 21:45:00,128,103,21,4,41.2,7.24,21,1,False,저녁(18-23),혼잡,3.12
2017-04-25 21:50:00,82,62,20,0,45.3,4.19,21,1,False,저녁(18-23),원활,0.0
2017-04-25 21:55:00,85,66,19,0,48.2,4.28,21,1,False,저녁(18-23),원활,0.0
2017-04-25 22:00:00,95,80,15,0,45.6,4.55,22,1,False,저녁(18-23),원활,0.0
2017-04-25 22:05:00,115,85,29,1,50.2,5.77,22,1,False,저녁(18-23),혼잡,0.87
2017-04-25 22:10:00,107,88,19,0,46.8,5.32,22,1,False,저녁(18-23),원활,0.0
2017-04-25 22:15:00,96,71,25,0,47.0,4.55,22,1,False,저녁(18-23),원활,0.0
2017-04-25 22:20:00,70,57,13,0,50.3,3.42,22,1,False,저녁(18-23),원활,0.0
2017-04-25 22:25:00,78,60,18,0,48.8,4.0,22,1,False,저녁(18-23),원활,0.0
2017-04-25 22:30:00,77,59,18,0,47.0,3.32,22,1,False,저녁(18-23),원활,0.0
2017-04-25 22:35:00,83,71,12,0,46.0,3.98,22,1,False,저녁(18-23),원활,0.0
2017-04-25 22:40:00,76,57,19,0,49.7,11.34,22,1,False,저녁(18-23),혼잡,0.0
2017-04-25 22:45:00,84,64,20,0,49.4,3.92,22,1,False,저녁(18-23),원활,0.0
2017-04-25 22:50:00,70,54,16,0,53.9,3.03,22,1,False,저녁(18-23),원활,0.0
2017-04-25 22:55:00,82,63,19,0,54.4,3.65,22,1,False,저녁(18-23),원활,0.0
2017-04-25 23:00:00,68,48,20,0,50.1,3.19,23,1,False,저녁(18-23),원활,0.0
2017-04-25 23:05:00,60,42,17,1,48.3,3.14,23,1,False,저녁(18-23),원활,1.67
2017-04-25 23:10:00,52,41,11,0,54.6,2.19,23,1,False,저녁(18-23),원활,0.0
2017-04-25 23:15:00,54,42,12,0,48.9,2.37,23,1,False,저녁(18-23),원활,0.0
2017-04-25 23:20:00,62,46,15,1,54.0,2.53,23,1,False,저녁(18-23),원활,1.61
2017-04-25 23:25:00,49,39,10,0,54.4,2.12,23,1,False,저녁(18-23),원활,0.0
2017-04-25 23:30:00,58,44,13,1,53.2,2.52,23,1,False,저녁(18-23),원활,1.72
2017-04-25 23:35:00,57,46,11,0,50.9,2.48,23,1,False,저녁(18-23),원활,0.0
2017-04-25 23:40:00,52,43,9,0,51.1,2.2,23,1,False,저녁(18-23),원활,0.0
2017-04-25 23:45:00,49,32,17,0,53.4,1.9,23,1,False,저녁(18-23),원활,0.0
2017-04-25 23:50:00,37,26,11,0,53.7,1.48,23,1,False,저녁(18-23),원활,0.0
2017-04-25 23:55:00,37,29,8,0,54.4,1.59,23,1,False,저녁(18-23),원활,0.0
2017-04-26 00:00:00,41,32,9,0,61.9,1.71,0,2,False,새벽(0-5),원활,0.0
2017-04-26 00:05:00,36,26,10,0,52.2,1.48,0,2,False,새벽(0-5),원활,0.0
2017-04-26 00:10:00,34,25,8,1,59.7,1.42,0,2,False,새벽(0-5),원활,2.94
2017-04-26 00:15:00,28,20,8,0,55.5,1.04,0,2,False,새벽(0-5),원활,0.0
2017-04-26 00:20:00,29,18,11,0,54.9,1.25,0,2,False,새벽(0-5),원활,0.0
2017-04-26 00:25:00,28,18,10,0,59.0,1.04,0,2,False,새벽(0-5),원활,0.0
2017-04-26 00:30:00,33,21,12,0,55.0,1.46,0,2,False,새벽(0-5),원활,0.0
2017-04-26 00:35:00,33,23,10,0,59.8,1.35,0,2,False,새벽(0-5),원활,0.0
2017-04-26 00:40:00,23,19,4,0,53.2,1.03,0,2,False,새벽(0-5),원활,0.0
2017-04-26 00:45:00,28,16,12,0,54.7,1.29,0,2,False,새벽(0-5),원활,0.0
2017-04-26 00:50:00,30,22,8,0,56.3,1.28,0,2,False,새벽(0-5),원활,0.0
2017-04-26 00:55:00,28,23,5,0,53.5,1.22,0,2,False,새벽(0-5),원활,0.0
2017-04-26 01:00:00,18,15,2,1,81.5,0.57,1,2,False,새벽(0-5),원활,5.56
2017-04-26 01:05:00,21,11,10,0,55.6,0.89,1,2,False,새벽(0-5),원활,0.0
2017-04-26 01:10:00,17,11,6,0,52.9,0.7,1,2,False,새벽(0-5),원활,0.0
2017-04-26 01:15:00,15,4,11,0,56.1,0.62,1,2,False,새벽(0-5),원활,0.0
2017-04-26 01:20:00,20,13,7,0,54.8,0.92,1,2,False,새벽(0-5),원활,0.0
2017-04-26 01:25:00,18,12,6,0,52.2,0.82,1,2,False,새벽(0-5),원활,0.0
2017-04-26 01:30:00,17,9,8,0,50.6,0.68,1,2,False,새벽(0-5),원활,0.0
2017-04-26 01:35:00,17,12,5,0,48.5,0.85,1,2,False,새벽(0-5),원활,0.0
2017-04-26 01:40:00,22,10,12,0,50.1,1.06,1,2,False,새벽(0-5),원활,0.0
2017-04-26 01:45:00,17,13,4,0,53.0,0.7,1,2,False,새벽(0-5),원활,0.0
2017-04-26 01:50:00,20,9,11,0,51.6,0.83,1,2,False,새벽(0-5),원활,0.0
2017-04-26 01:55:00,17,7,10,0,44.7,0.86,1,2,False,새벽(0-5),원활,0.0
2017-04-26 02:00:00,11,4,7,0,53.9,5.47,2,2,False,새벽(0-5),원활,0.0
2017-04-26 02:05:00,14,7,6,1,51.8,0.54,2,2,False,새벽(0-5),원활,7.14
2017-04-26 02:10:00,15,11,4,0,54.1,0.73,2,2,False,새벽(0-5),원활,0.0
2017-04-26 02:15:00,18,7,11,0,55.3,1.02,2,2,False,새벽(0-5),원활,0.0
2017-04-26 02:20:00,11,5,6,0,56.7,0.95,2,2,False,새벽(0-5),원활,0.0
2017-04-26 02:25:00,13,8,5,0,52.1,0.61,2,2,False,새벽(0-5),원활,0.0
2017-04-26 02:30:00,11,9,2,0,61.9,0.43,2,2,False,새벽(0-5),원활,0.0
2017-04-26 02:35:00,14,10,4,0,60.8,0.56,2,2,False,새벽(0-5),원활,0.0
2017-04-26 02:40:00,13,8,5,0,49.1,0.66,2,2,False,새벽(0-5),원활,0.0
2017-04-26 02:45:00,10,7,3,0,47.9,0.46,2,2,False,새벽(0-5),원활,0.0
2017-04-26 02:50:00,9,8,1,0,46.3,0.42,2,2,False,새벽(0-5),원활,0.0
2017-04-26 02:55:00,9,6,3,0,49.6,0.31,2,2,False,새벽(0-5),원활,0.0
2017-04-26 03:00:00,12,6,6,0,55.1,0.51,3,2,False,새벽(0-5),원활,0.0
2017-04-26 03:05:00,16,14,2,0,55.1,0.61,3,2,False,새벽(0-5),원활,0.0
2017-04-26 03:10:00,10,6,4,0,55.4,0.39,3,2,False,새벽(0-5),원활,0.0
2017-04-26 03:15:00,10,6,4,0,53.7,0.39,3,2,False,새벽(0-5),원활,0.0
2017-04-26 03:20:00,10,6,3,1,51.1,0.39,3,2,False,새벽(0-5),원활,10.0
2017-04-26 03:25:00,13,7,5,1,53.5,0.55,3,2,False,새벽(0-5),원활,7.69
2017-04-26 03:30:00,8,4,4,0,52.3,0.42,3,2,False,새벽(0-5),원활,0.0
2017-04-26 03:35:00,14,10,4,0,49.6,0.74,3,2,False,새벽(0-5),원활,0.0
2017-04-26 03:40:00,10,8,2,0,53.3,0.56,3,2,False,새벽(0-5),원활,0.0
2017-04-26 03:45:00,14,8,5,1,57.6,0.57,3,2,False,새벽(0-5),원활,7.14
2017-04-26 03:50:00,10,6,4,0,56.3,0.5,3,2,False,새벽(0-5),원활,0.0
2017-04-26 03:55:00,20,15,5,0,50.2,0.81,3,2,False,새벽(0-5),원활,0.0
2017-04-26 04:00:00,8,5,3,0,62.6,0.46,4,2,False,새벽(0-5),원활,0.0
2017-04-26 04:05:00,14,10,4,0,76.3,0.56,4,2,False,새벽(0-5),원활,0.0
2017-04-26 04:10:00,17,13,4,0,58.4,0.74,4,2,False,새벽(0-5),원활,0.0
2017-04-26 04:15:00,8,3,5,0,66.7,0.42,4,2,False,새벽(0-5),원활,0.0
2017-04-26 04:20:00,13,10,3,0,57.8,0.58,4,2,False,새벽(0-5),원활,0.0
2017-04-26 04:25:00,15,5,10,0,51.5,0.7,4,2,False,새벽(0-5),원활,0.0
2017-04-26 04:30:00,16,10,6,0,57.5,0.71,4,2,False,새벽(0-5),원활,0.0
2017-04-26 04:35:00,30,22,8,0,63.1,1.15,4,2,False,새벽(0-5),원활,0.0
2017-04-26 04:40:00,17,11,6,0,50.9,0.74,4,2,False,새벽(0-5),원활,0.0
2017-04-26 04:45:00,21,12,9,0,46.9,0.91,4,2,False,새벽(0-5),원활,0.0
2017-04-26 04:50:00,19,15,4,0,52.4,0.82,4,2,False,새벽(0-5),원활,0.0
2017-04-26 04:55:00,17,7,10,0,55.6,0.7,4,2,False,새벽(0-5),원활,0.0
2017-04-26 05:00:00,41,28,13,0,50.8,1.8,5,2,False,새벽(0-5),원활,0.0
2017-04-26 05:05:00,29,17,11,1,56.3,1.25,5,2,False,새벽(0-5),원활,3.45
2017-04-26 05:10:00,30,20,10,0,60.4,1.32,5,2,False,새벽(0-5),원활,0.0
2017-04-26 05:15:00,34,21,13,0,50.1,1.54,5,2,False,새벽(0-5),원활,0.0
2017-04-26 05:20:00,68,42,25,1,54.6,3.15,5,2,False,새벽(0-5),원활,1.47
2017-04-26 05:25:00,59,31,24,4,66.7,2.57,5,2,False,새벽(0-5),원활,6.78
2017-04-26 05:30:00,36,19,16,1,48.8,1.74,5,2,False,새벽(0-5),원활,2.78
2017-04-26 05:35:00,51,28,19,4,55.6,2.14,5,2,False,새벽(0-5),원활,7.84
2017-04-26 05:40:00,46,34,12,0,63.7,1.78,5,2,False,새벽(0-5),원활,0.0
2017-04-26 05:45:00,54,36,18,0,56.4,2.11,5,2,False,새벽(0-5),원활,0.0
2017-04-26 05:50:00,67,42,25,0,66.0,2.29,5,2,False,새벽(0-5),원활,0.0
2017-04-26 05:55:00,64,39,23,2,56.9,2.49,5,2,False,새벽(0-5),원활,3.12
2017-04-26 06:00:00,78,49,29,0,55.1,2.94,6,2,False,오전(6-11),원활,0.0
2017-04-26 06:05:00,92,62,26,4,55.4,3.47,6,2,False,오전(6-11),원활,4.35
2017-04-26 06:10:00,81,44,37,0,55.5,2.97,6,2,False,오전(6-11),원활,0.0
2017-04-26 06:15:00,90,63,26,1,56.6,3.23,6,2,False,오전(6-11),원활,1.11
2017-04-26 06:20:00,80,54,26,0,61.7,2.74,6,2,False,오전(6-11),원활,0.0
2017-04-26 06:25:00,110,70,39,1,57.7,4.01,6,2,False,오전(6-11),원활,0.91
2017-04-26 06:30:00,98,61,36,1,63.7,3.33,6,2,False,오전(6-11),원활,1.02
2017-04-26 06:35:00,119,73,43,3,57.3,4.93,6,2,False,오전(6-11),원활,2.52
2017-04-26 06:40:00,120,76,43,1,54.3,4.64,6,2,False,오전(6-11),원활,0.83
2017-04-26 06:45:00,119,77,38,4,54.3,4.33,6,2,False,오전(6-11),원활,3.36
2017-04-26 06:50:00,113,73,39,1,56.3,4.2,6,2,False,오전(6-11),원활,0.88
2017-04-26 06:55:00,124,87,36,1,47.7,5.39,6,2,False,오전(6-11),원활,0.81
2017-04-26 07:00:00,124,75,46,3,51.9,5.11,7,2,False,오전(6-11),원활,2.42
2017-04-26 07:05:00,164,110,52,2,50.3,6.88,7,2,False,오전(6-11),혼잡,1.22
2017-04-26 07:10:00,211,146,62,3,51.0,8.4,7,2,False,오전(6-11),혼잡,1.42
2017-04-26 07:15:00,224,147,74,3,50.8,9.5,7,2,False,오전(6-11),혼잡,1.34
2017-04-26 07:20:00,170,120,48,2,42.7,10.91,7,2,False,오전(6-11),혼잡,1.18
2017-04-26 07:25:00,217,166,49,2,37.6,13.09,7,2,False,오전(6-11),혼잡,0.92
2017-04-26 07:30:00,256,182,72,2,37.4,17.29,7,2,False,오전(6-11),혼잡,0.78
2017-04-26 07:35:00,291,219,68,4,40.5,14.45,7,2,False,오전(6-11),혼잡,1.37
2017-04-26 07:40:00,243,186,56,1,37.4,14.39,7,2,False,오전(6-11),혼잡,0.41
2017-04-26 07:45:00,220,162,57,1,37.6,17.0,7,2,False,오전(6-11),혼잡,0.45
2017-04-26 07:50:00,257,201,55,1,40.4,13.76,7,2,False,오전(6-11),혼잡,0.39
2017-04-26 07:55:00,276,205,69,2,36.8,16.15,7,2,False,오전(6-11),혼잡,0.72
2017-04-26 08:00:00,270,192,77,1,41.0,12.91,8,2,False,오전(6-11),혼잡,0.37
2017-04-26 08:05:00,214,157,54,3,39.4,11.25,8,2,False,오전(6-11),혼잡,1.4
2017-04-26 08:10:00,239,178,57,4,39.3,14.11,8,2,False,오전(6-11),혼잡,1.67
2017-04-26 08:15:00,252,187,62,3,35.1,25.75,8,2,False,오전(6-11),혼잡,1.19
2017-04-26 08:20:00,250,187,60,3,32.4,36.61,8,2,False,오전(6-11),혼잡,1.2
2017-04-26 08:25:00,207,158,47,2,34.0,13.6,8,2,False,오전(6-11),혼잡,0.97
2017-04-26 08:30:00,226,169,55,2,37.9,11.58,8,2,False,오전(6-11),혼잡,0.88
2017-04-26 08:35:00,263,201,57,5,34.6,15.55,8,2,False,오전(6-11),혼잡,1.9
2017-04-26 08:40:00,252,190,58,4,38.8,14.07,8,2,False,오전(6-11),혼잡,1.59
2017-04-26 08:45:00,185,142,43,0,42.5,9.42,8,2,False,오전(6-11),혼잡,0.0
2017-04-26 08:50:00,158,116,40,2,45.5,8.13,8,2,False,오전(6-11),혼잡,1.27
2017-04-26 08:55:00,204,147,50,7,44.5,9.54,8,2,False,오전(6-11),혼잡,3.43
2017-04-26 09:00:00,171,131,37,3,52.0,6.77,9,2,False,오전(6-11),혼잡,1.75
2017-04-26 09:05:00,181,123,55,3,46.1,9.18,9,2,False,오전(6-11),혼잡,1.66
2017-04-26 09:10:00,154,104,48,2,45.3,6.68,9,2,False,오전(6-11),혼잡,1.3
2017-04-26 09:15:00,211,138,73,0,45.5,9.57,9,2,False,오전(6-11),혼잡,0.0
2017-04-26 09:20:00,188,133,54,1,52.9,7.31,9,2,False,오전(6-11),혼잡,0.53
2017-04-26 09:25:00,192,124,63,5,47.7,10.06,9,2,False,오전(6-11),혼잡,2.6
2017-04-26 09:30:00,144,101,39,4,48.2,6.33,9,2,False,오전(6-11),혼잡,2.78
2017-04-26 09:35:00,173,110,59,4,48.3,7.01,9,2,False,오전(6-11),혼잡,2.31
2017-04-26 09:40:00,151,98,50,3,48.6,6.37,9,2,False,오전(6-11),혼잡,1.99
2017-04-26 09:45:00,130,82,46,2,51.0,5.36,9,2,False,오전(6-11),원활,1.54
2017-04-26 09:50:00,172,115,57,0,50.0,7.51,9,2,False,오전(6-11),혼잡,0.0
2017-04-26 09:55:00,176,112,64,0,49.0,7.33,9,2,False,오전(6-11),혼잡,0.0
2017-04-26 10:00:00,143,100,42,1,51.7,5.61,10,2,False,오전(6-11),혼잡,0.7
2017-04-26 10:05:00,159,101,56,2,48.6,7.02,10,2,False,오전(6-11),혼잡,1.26
2017-04-26 10:10:00,121,78,42,1,47.7,4.96,10,2,False,오전(6-11),원활,0.83
2017-04-26 10:15:00,136,82,52,2,48.3,5.41,10,2,False,오전(6-11),원활,1.47
2017-04-26 10:20:00,115,73,42,0,49.4,6.25,10,2,False,오전(6-11),혼잡,0.0
2017-04-26 10:25:00,145,87,58,0,50.2,7.45,10,2,False,오전(6-11),혼잡,0.0
2017-04-26 10:30:00,119,82,37,0,51.6,5.14,10,2,False,오전(6-11),원활,0.0
2017-04-26 10:35:00,139,90,46,3,46.2,5.97,10,2,False,오전(6-11),혼잡,2.16
2017-04-26 10:40:00,140,94,46,0,49.5,5.73,10,2,False,오전(6-11),혼잡,0.0
2017-04-26 10:45:00,153,105,48,0,45.5,7.39,10,2,False,오전(6-11),혼잡,0.0
2017-04-26 10:50:00,125,82,43,0,47.0,5.24,10,2,False,오전(6-11),원활,0.0
2017-04-26 10:55:00,134,83,51,0,48.2,6.0,10,2,False,오전(6-11),혼잡,0.0
2017-04-26 11:00:00,94,56,36,2,56.2,3.63,11,2,False,오전(6-11),원활,2.13
2017-04-26 11:05:00,124,84,38,2,50.1,5.14,11,2,False,오전(6-11),원활,1.61
2017-04-26 11:10:00,130,91,38,1,51.6,5.26,11,2,False,오전(6-11),원활,0.77
2017-04-26 11:15:00,141,96,44,1,52.1,5.77,11,2,False,오전(6-11),혼잡,0.71
2017-04-26 11:20:00,122,77,44,1,49.6,5.09,11,2,False,오전(6-11),원활,0.82
2017-04-26 11:25:00,146,97,48,1,48.7,6.5,11,2,False,오전(6-11),혼잡,0.68
2017-04-26 11:30:00,121,80,39,2,48.8,5.0,11,2,False,오전(6-11),원활,1.65
2017-04-26 11:35:00,126,87,38,1,51.2,5.63,11,2,False,오전(6-11),혼잡,0.79
2017-04-26 11:40:00,139,102,32,5,46.2,7.92,11,2,False,오전(6-11),혼잡,3.6
2017-04-26 11:45:00,156,109,45,2,43.3,10.63,11,2,False,오전(6-11),혼잡,1.28
2017-04-26 11:50:00,158,112,44,2,44.9,9.19,11,2,False,오전(6-11),혼잡,1.27
2017-04-26 11:55:00,163,108,50,5,46.6,9.71,11,2,False,오전(6-11),혼잡,3.07
2017-04-26 12:00:00,159,107,51,1,46.5,8.14,12,2,False,오후(12-17),혼잡,0.63
2017-04-26 12:05:00,163,108,53,2,44.9,8.4,12,2,False,오후(12-17),혼잡,1.23
2017-04-26 12:10:00,130,86,43,1,45.2,5.75,12,2,False,오후(12-17),혼잡,0.77
2017-04-26 12:15:00,137,95,40,2,47.4,6.27,12,2,False,오후(12-17),혼잡,1.46
2017-04-26 12:20:00,121,93,26,2,49.5,5.19,12,2,False,오후(12-17),원활,1.65
2017-04-26 12:25:00,165,125,40,0,44.9,7.41,12,2,False,오후(12-17),혼잡,0.0
2017-04-26 12:30:00,159,108,50,1,47.6,6.83,12,2,False,오후(12-17),혼잡,0.63
2017-04-26 12:35:00,158,100,56,2,46.3,7.88,12,2,False,오후(12-17),혼잡,1.27
2017-04-26 12:40:00,160,112,46,2,47.7,6.77,12,2,False,오후(12-17),혼잡,1.25
2017-04-26 12:45:00,155,113,40,2,46.6,6.95,12,2,False,오후(12-17),혼잡,1.29
2017-04-26 12:50:00,144,102,41,1,48.1,5.96,12,2,False,오후(12-17),혼잡,0.69
2017-04-26 12:55:00,144,93,50,1,46.7,6.48,12,2,False,오후(12-17),혼잡,0.69
2017-04-26 13:00:00,107,76,31,0,50.8,4.45,13,2,False,오후(12-17),원활,0.0
2017-04-26 13:05:00,166,120,44,2,46.2,7.52,13,2,False,오후(12-17),혼잡,1.2
2017-04-26 13:10:00,164,114,49,1,44.9,7.53,13,2,False,오후(12-17),혼잡,0.61
2017-04-26 13:15:00,168,119,49,0,46.4,7.47,13,2,False,오후(12-17),혼잡,0.0
2017-04-26 13:20:00,170,128,42,0,48.9,6.91,13,2,False,오후(12-17),혼잡,0.0
2017-04-26 13:25:00,152,97,55,0,47.2,7.16,13,2,False,오후(12-17),혼잡,0.0
2017-04-26 13:30:00,134,92,42,0,46.9,5.88,13,2,False,오후(12-17),혼잡,0.0
2017-04-26 13:35:00,141,100,40,1,48.1,6.67,13,2,False,오후(12-17),혼잡,0.71
2017-04-26 13:40:00,122,86,33,3,52.9,4.69,13,2,False,오후(12-17),원활,2.46
2017-04-26 13:45:00,136,91,44,1,51.3,5.56,13,2,False,오후(12-17),혼잡,0.74
2017-04-26 13:50:00,153,104,49,0,48.5,6.52,13,2,False,오후(12-17),혼잡,0.0
2017-04-26 13:55:00,165,117,46,2,46.8,7.17,13,2,False,오후(12-17),혼잡,1.21
2017-04-26 14:00:00,158,116,42,0,47.6,6.14,14,2,False,오후(12-17),혼잡,0.0
2017-04-26 14:05:00,165,118,45,2,49.4,6.77,14,2,False,오후(12-17),혼잡,1.21
2017-04-26 14:10:00,150,121,29,0,45.5,7.27,14,2,False,오후(12-17),혼잡,0.0
2017-04-26 14:15:00,162,113,47,2,48.6,7.36,14,2,False,오후(12-17),혼잡,1.23
2017-04-26 14:20:00,148,104,39,5,45.0,7.43,14,2,False,오후(12-17),혼잡,3.38
2017-04-26 14:25:00,128,96,32,0,47.3,7.19,14,2,False,오후(12-17),혼잡,0.0
2017-04-26 14:30:00,148,98,50,0,49.4,6.21,14,2,False,오후(12-17),혼잡,0.0
2017-04-26 14:35:00,176,125,49,2,45.0,8.41,14,2,False,오후(12-17),혼잡,1.14
2017-04-26 14:40:00,148,97,50,1,50.1,6.3,14,2,False,오후(12-17),혼잡,0.68
2017-04-26 14:45:00,161,116,44,1,43.4,9.09,14,2,False,오후(12-17),혼잡,0.62
2017-04-26 14:50:00,153,113,39,1,48.0,6.15,14,2,False,오후(12-17),혼잡,0.65
2017-04-26 14:55:00,168,115,50,3,44.6,7.26,14,2,False,오후(12-17),혼잡,1.79
2017-04-26 15:00:00,132,99,32,1,50.2,5.51,15,2,False,오후(12-17),원활,0.76
2017-04-26 15:05:00,172,127,45,0,45.3,7.5,15,2,False,오후(12-17),혼잡,0.0
2017-04-26 15:10:00,132,95,36,1,49.8,5.56,15,2,False,오후(12-17),혼잡,0.76
2017-04-26 15:15:00,156,97,58,1,46.7,6.72,15,2,False,오후(12-17),혼잡,0.64
2017-04-26 15:20:00,152,112,40,0,48.7,6.21,15,2,False,오후(12-17),혼잡,0.0
2017-04-26 15:25:00,126,92,33,1,50.5,4.93,15,2,False,오후(12-17),원활,0.79
2017-04-26 15:30:00,163,128,34,1,46.5,6.76,15,2,False,오후(12-17),혼잡,0.61
2017-04-26 15:35:00,152,115,33,4,44.0,6.89,15,2,False,오후(12-17),혼잡,2.63
2017-04-26 15:40:00,142,113,28,1,49.0,5.39,15,2,False,오후(12-17),원활,0.7
2017-04-26 15:45:00,143,103,40,0,44.8,6.39,15,2,False,오후(12-17),혼잡,0.0
2017-04-26 15:50:00,151,115,36,0,50.2,5.84,15,2,False,오후(12-17),혼잡,0.0
2017-04-26 15:55:00,164,122,39,3,49.2,6.39,15,2,False,오후(12-17),혼잡,1.83
2017-04-26 16:00:00,157,120,37,0,45.1,7.34,16,2,False,오후(12-17),혼잡,0.0
2017-04-26 16:05:00,180,134,44,2,44.7,8.54,16,2,False,오후(12-17),혼잡,1.11
2017-04-26 16:10:00,187,128,56,3,39.9,9.56,16,2,False,오후(12-17),혼잡,1.6
2017-04-26 16:15:00,158,110,45,3,48.5,6.68,16,2,False,오후(12-17),혼잡,1.9
2017-04-26 16:20:00,145,101,40,4,45.5,5.84,16,2,False,오후(12-17),혼잡,2.76
2017-04-26 16:25:00,138,96,42,0,48.2,5.61,16,2,False,오후(12-17),혼잡,0.0
2017-04-26 16:30:00,145,99,44,2,45.9,6.25,16,2,False,오후(12-17),혼잡,1.38
2017-04-26 16:35:00,164,117,43,4,43.4,7.7,16,2,False,오후(12-17),혼잡,2.44
2017-04-26 16:40:00,156,100,55,1,48.9,6.78,16,2,False,오후(12-17),혼잡,0.64
2017-04-26 16:45:00,154,102,51,1,46.4,6.77,16,2,False,오후(12-17),혼잡,0.65
2017-04-26 16:50:00,164,129,35,0,39.0,9.44,16,2,False,오후(12-17),혼잡,0.0
2017-04-26 16:55:00,143,107,35,1,48.5,5.9,16,2,False,오후(12-17),혼잡,0.7
2017-04-26 17:00:00,143,102,38,3,47.7,5.56,17,2,False,오후(12-17),혼잡,2.1
2017-04-26 17:05:00,165,118,46,1,49.2,6.9,17,2,False,오후(12-17),혼잡,0.61
2017-04-26 17:10:00,141,108,30,3,44.7,5.66,17,2,False,오후(12-17),혼잡,2.13
2017-04-26 17:15:00,141,104,34,3,42.3,6.33,17,2,False,오후(12-17),혼잡,2.13
2017-04-26 17:20:00,156,120,35,1,43.5,7.15,17,2,False,오후(12-17),혼잡,0.64
2017-04-26 17:25:00,146,110,36,0,50.9,5.46,17,2,False,오후(12-17),원활,0.0
2017-04-26 17:30:00,132,96,36,0,43.6,5.98,17,2,False,오후(12-17),혼잡,0.0
2017-04-26 17:35:00,143,104,36,3,43.9,6.35,17,2,False,오후(12-17),혼잡,2.1
2017-04-26 17:40:00,186,129,55,2,45.3,8.4,17,2,False,오후(12-17),혼잡,1.08
2017-04-26 17:45:00,161,117,41,3,48.2,6.57,17,2,False,오후(12-17),혼잡,1.86
2017-04-26 17:50:00,175,130,43,2,41.9,8.72,17,2,False,오후(12-17),혼잡,1.14
2017-04-26 17:55:00,159,119,38,2,40.5,13.24,17,2,False,오후(12-17),혼잡,1.26
2017-04-26 18:00:00,140,102,34,4,46.5,6.31,18,2,False,저녁(18-23),혼잡,2.86
2017-04-26 18:05:00,190,135,50,5,45.9,7.99,18,2,False,저녁(18-23),혼잡,2.63
2017-04-26 18:10:00,178,121,55,2,44.1,7.76,18,2,False,저녁(18-23),혼잡,1.12
2017-04-26 18:15:00,190,123,63,4,36.4,10.65,18,2,False,저녁(18-23),혼잡,2.11
2017-04-26 18:20:00,196,148,47,1,37.8,10.12,18,2,False,저녁(18-23),혼잡,0.51
2017-04-26 18:25:00,225,170,54,1,37.8,11.91,18,2,False,저녁(18-23),혼잡,0.44
2017-04-26 18:30:00,210,146,60,4,35.6,16.68,18,2,False,저녁(18-23),혼잡,1.9
2017-04-26 18:35:00,163,122,37,4,39.2,8.36,18,2,False,저녁(18-23),혼잡,2.45
2017-04-26 18:40:00,166,131,35,0,41.6,7.36,18,2,False,저녁(18-23),혼잡,0.0
2017-04-26 18:45:00,185,126,55,4,45.8,8.06,18,2,False,저녁(18-23),혼잡,2.16
2017-04-26 18:50:00,195,135,58,2,42.9,8.62,18,2,False,저녁(18-23),혼잡,1.03
2017-04-26 18:55:00,170,115,51,4,38.4,8.85,18,2,False,저녁(18-23),혼잡,2.35
2017-04-26 19:00:00,99,77,22,0,48.3,3.8,19,2,False,저녁(18-23),원활,0.0
2017-04-26 19:05:00,170,124,43,3,44.8,7.48,19,2,False,저녁(18-23),혼잡,1.76
2017-04-26 19:10:00,150,102,45,3,48.8,6.2,19,2,False,저녁(18-23),혼잡,2.0
2017-04-26 19:15:00,138,92,45,1,43.2,6.53,19,2,False,저녁(18-23),혼잡,0.72
2017-04-26 19:20:00,137,102,33,2,39.6,6.97,19,2,False,저녁(18-23),혼잡,1.46
2017-04-26 19:25:00,134,121,12,1,41.0,6.9,19,2,False,저녁(18-23),혼잡,0.75
2017-04-26 19:30:00,167,134,31,2,43.1,8.7,19,2,False,저녁(18-23),혼잡,1.2
2017-04-26 19:35:00,124,94,27,3,44.0,6.07,19,2,False,저녁(18-23),혼잡,2.42
2017-04-26 19:40:00,91,69,22,0,44.0,4.44,19,2,False,저녁(18-23),원활,0.0
2017-04-26 19:45:00,119,96,23,0,42.4,6.56,19,2,False,저녁(18-23),혼잡,0.0
2017-04-26 19:50:00,132,94,36,2,45.5,7.43,19,2,False,저녁(18-23),혼잡,1.52
2017-04-26 19:55:00,130,104,25,1,44.0,6.98,19,2,False,저녁(18-23),혼잡,0.77
2017-04-26 20:00:00,79,67,11,1,43.2,4.5,20,2,False,저녁(18-23),원활,1.27
2017-04-26 20:05:00,95,68,25,2,42.9,5.19,20,2,False,저녁(18-23),원활,2.11
2017-04-26 20:10:00,100,71,28,1,45.9,4.84,20,2,False,저녁(18-23),원활,1.0
2017-04-26 20:15:00,120,94,26,0,44.5,5.9,20,2,False,저녁(18-23),혼잡,0.0
2017-04-26 20:20:00,110,88,20,2,45.8,5.52,20,2,False,저녁(18-23),원활,1.82
2017-04-26 20:25:00,98,72,26,0,43.2,4.75,20,2,False,저녁(18-23),원활,0.0
2017-04-26 20:30:00,127,112,15,0,46.1,5.82,20,2,False,저녁(18-23),혼잡,0.0
2017-04-26 20:35:00,124,101,23,0,44.3,6.24,20,2,False,저녁(18-23),혼잡,0.0
2017-04-26 20:40:00,105,85,20,0,44.5,5.16,20,2,False,저녁(18-23),원활,0.0
2017-04-26 20:45:00,99,78,21,0,48.7,4.68,20,2,False,저녁(18-23),원활,0.0
2017-04-26 20:50:00,117,84,31,2,45.1,5.79,20,2,False,저녁(18-23),혼잡,1.71
2017-04-26 20:55:00,132,110,20,2,44.1,6.41,20,2,False,저녁(18-23),혼잡,1.52
2017-04-26 21:00:00,96,76,20,0,46.9,4.99,21,2,False,저녁(18-23),원활,0.0
2017-04-26 21:05:00,100,86,14,0,46.7,5.18,21,2,False,저녁(18-23),원활,0.0
2017-04-26 21:10:00,103,79,24,0,46.7,5.13,21,2,False,저녁(18-23),원활,0.0
2017-04-26 21:15:00,121,91,29,1,45.9,5.75,21,2,False,저녁(18-23),혼잡,0.83
2017-04-26 21:20:00,118,91,27,0,41.8,11.8,21,2,False,저녁(18-23),혼잡,0.0
2017-04-26 21:25:00,132,105,27,0,46.8,6.77,21,2,False,저녁(18-23),혼잡,0.0
2017-04-26 21:30:00,103,78,25,0,45.5,5.19,21,2,False,저녁(18-23),원활,0.0
2017-04-26 21:35:00,122,93,28,1,45.4,5.92,21,2,False,저녁(18-23),혼잡,0.82
2017-04-26 21:40:00,71,49,20,2,44.0,3.84,21,2,False,저녁(18-23),원활,2.82
2017-04-26 21:45:00,74,54,19,1,46.3,3.97,21,2,False,저녁(18-23),원활,1.35
2017-04-26 21:50:00,98,84,14,0,41.4,4.35,21,2,False,저녁(18-23),원활,0.0
2017-04-26 21:55:00,117,94,23,0,43.8,6.17,21,2,False,저녁(18-23),혼잡,0.0
2017-04-26 22:00:00,89,69,20,0,47.5,4.5,22,2,False,저녁(18-23),원활,0.0
2017-04-26 22:05:00,121,84,37,0,48.9,6.1,22,2,False,저녁(18-23),혼잡,0.0
2017-04-26 22:10:00,113,92,20,1,49.7,5.44,22,2,False,저녁(18-23),원활,0.88
2017-04-26 22:15:00,95,76,19,0,47.1,5.17,22,2,False,저녁(18-23),원활,0.0
2017-04-26 22:20:00,94,72,21,1,48.3,4.57,22,2,False,저녁(18-23),원활,1.06
2017-04-26 22:25:00,79,52,26,1,49.5,3.57,22,2,False,저녁(18-23),원활,1.27
2017-04-26 22:30:00,67,52,15,0,53.1,3.04,22,2,False,저녁(18-23),원활,0.0
2017-04-26 22:35:00,96,69,27,0,47.5,6.87,22,2,False,저녁(18-23),혼잡,0.0
2017-04-26 22:40:00,80,60,20,0,48.6,4.0,22,2,False,저녁(18-23),원활,0.0
2017-04-26 22:45:00,73,53,20,0,47.5,3.5,22,2,False,저녁(18-23),원활,0.0
2017-04-26 22:50:00,63,49,14,0,50.7,2.95,22,2,False,저녁(18-23),원활,0.0
2017-04-26 22:55:00,77,54,23,0,53.5,3.56,22,2,False,저녁(18-23),원활,0.0
2017-04-26 23:00:00,63,49,14,0,50.5,2.82,23,2,False,저녁(18-23),원활,0.0
2017-04-26 23:05:00,86,62,23,1,49.6,4.32,23,2,False,저녁(18-23),원활,1.16
2017-04-26 23:10:00,62,46,15,1,51.2,2.82,23,2,False,저녁(18-23),원활,1.61
2017-04-26 23:15:00,51,38,13,0,49.9,2.26,23,2,False,저녁(18-23),원활,0.0
2017-04-26 23:20:00,62,44,18,0,54.1,2.88,23,2,False,저녁(18-23),원활,0.0
2017-04-26 23:25:00,60,47,13,0,51.0,2.68,23,2,False,저녁(18-23),원활,0.0
2017-04-26 23:30:00,48,40,8,0,57.9,1.93,23,2,False,저녁(18-23),원활,0.0
2017-04-26 23:35:00,51,36,14,1,55.7,2.12,23,2,False,저녁(18-23),원활,1.96
2017-04-26 23:40:00,34,29,5,0,55.9,1.32,23,2,False,저녁(18-23),원활,0.0
2017-04-26 23:45:00,48,34,14,0,54.7,1.99,23,2,False,저녁(18-23),원활,0.0
2017-04-26 23:50:00,27,21,6,0,64.6,1.02,23,2,False,저녁(18-23),원활,0.0
2017-04-26 23:55:00,36,24,12,0,52.4,1.44,23,2,False,저녁(18-23),원활,0.0
2017-04-27 00:00:00,45,31,13,1,54.2,1.83,0,3,False,새벽(0-5),원활,2.22
2017-04-27 00:05:00,57,39,18,0,58.0,2.21,0,3,False,새벽(0-5),원활,0.0
2017-04-27 00:10:00,47,31,16,0,58.1,1.86,0,3,False,새벽(0-5),원활,0.0
2017-04-27 00:15:00,28,18,10,0,56.5,1.14,0,3,False,새벽(0-5),원활,0.0
2017-04-27 00:20:00,43,34,9,0,53.6,1.66,0,3,False,새벽(0-5),원활,0.0
2017-04-27 00:25:00,40,28,12,0,53.9,1.65,0,3,False,새벽(0-5),원활,0.0
2017-04-27 00:30:00,31,22,9,0,57.4,1.38,0,3,False,새벽(0-5),원활,0.0
2017-04-27 00:35:00,22,18,4,0,58.6,1.33,0,3,False,새벽(0-5),원활,0.0
2017-04-27 00:40:00,25,16,9,0,56.5,1.04,0,3,False,새벽(0-5),원활,0.0
2017-04-27 00:45:00,34,21,13,0,53.1,1.43,0,3,False,새벽(0-5),원활,0.0
2017-04-27 00:50:00,33,28,5,0,58.3,1.33,0,3,False,새벽(0-5),원활,0.0
2017-04-27 00:55:00,33,25,7,1,56.0,1.8,0,3,False,새벽(0-5),원활,3.03
2017-04-27 01:00:00,24,15,9,0,55.1,1.09,1,3,False,새벽(0-5),원활,0.0
2017-04-27 01:05:00,27,18,9,0,58.4,1.51,1,3,False,새벽(0-5),원활,0.0
2017-04-27 01:10:00,23,15,8,0,65.0,0.85,1,3,False,새벽(0-5),원활,0.0
2017-04-27 01:15:00,27,19,8,0,65.4,1.04,1,3,False,새벽(0-5),원활,0.0
2017-04-27 01:20:00,25,17,8,0,64.0,0.98,1,3,False,새벽(0-5),원활,0.0
2017-04-27 01:25:00,23,11,12,0,63.7,0.95,1,3,False,새벽(0-5),원활,0.0
2017-04-27 01:30:00,18,13,5,0,60.1,0.66,1,3,False,새벽(0-5),원활,0.0
2017-04-27 01:35:00,23,14,9,0,63.3,1.25,1,3,False,새벽(0-5),원활,0.0
2017-04-27 01:40:00,16,9,7,0,62.6,0.66,1,3,False,새벽(0-5),원활,0.0
2017-04-27 01:45:00,18,12,6,0,56.5,0.69,1,3,False,새벽(0-5),원활,0.0
2017-04-27 01:50:00,20,11,8,1,55.0,0.76,1,3,False,새벽(0-5),원활,5.0
2017-04-27 01:55:00,17,12,5,0,62.7,0.69,1,3,False,새벽(0-5),원활,0.0
2017-04-27 02:00:00,10,6,4,0,62.4,0.41,2,3,False,새벽(0-5),원활,0.0
2017-04-27 02:05:00,16,12,4,0,58.2,0.66,2,3,False,새벽(0-5),원활,0.0
2017-04-27 02:10:00,15,11,4,0,55.8,0.63,2,3,False,새벽(0-5),원활,0.0
2017-04-27 02:15:00,15,10,5,0,49.9,0.71,2,3,False,새벽(0-5),원활,0.0
2017-04-27 02:20:00,11,6,5,0,65.0,0.52,2,3,False,새벽(0-5),원활,0.0
2017-04-27 02:25:00,12,8,4,0,59.3,0.44,2,3,False,새벽(0-5),원활,0.0
2017-04-27 02:30:00,17,12,5,0,62.2,0.62,2,3,False,새벽(0-5),원활,0.0
2017-04-27 02:35:00,14,7,7,0,63.6,0.64,2,3,False,새벽(0-5),원활,0.0
2017-04-27 02:40:00,15,13,2,0,50.8,0.65,2,3,False,새벽(0-5),원활,0.0
2017-04-27 02:45:00,19,11,7,1,57.2,0.78,2,3,False,새벽(0-5),원활,5.26
2017-04-27 02:50:00,14,11,3,0,56.6,0.59,2,3,False,새벽(0-5),원활,0.0
2017-04-27 02:55:00,9,5,4,0,61.3,0.31,2,3,False,새벽(0-5),원활,0.0
2017-04-27 03:00:00,12,9,3,0,57.3,0.55,3,3,False,새벽(0-5),원활,0.0
2017-04-27 03:05:00,9,6,3,0,59.8,0.4,3,3,False,새벽(0-5),원활,0.0
2017-04-27 03:10:00,13,8,4,1,56.0,0.69,3,3,False,새벽(0-5),원활,7.69
2017-04-27 03:15:00,11,9,2,0,58.8,0.53,3,3,False,새벽(0-5),원활,0.0
2017-04-27 03:20:00,12,10,1,1,63.3,0.4,3,3,False,새벽(0-5),원활,8.33
2017-04-27 03:25:00,14,12,2,0,55.4,0.53,3,3,False,새벽(0-5),원활,0.0
2017-04-27 03:30:00,11,9,2,0,56.4,0.44,3,3,False,새벽(0-5),원활,0.0
2017-04-27 03:35:00,9,8,1,0,56.1,0.35,3,3,False,새벽(0-5),원활,0.0
2017-04-27 03:40:00,11,10,1,0,55.0,0.49,3,3,False,새벽(0-5),원활,0.0
2017-04-27 03:45:00,13,9,3,1,54.0,0.56,3,3,False,새벽(0-5),원활,7.69
2017-04-27 03:50:00,17,9,8,0,53.7,0.79,3,3,False,새벽(0-5),원활,0.0
2017-04-27 03:55:00,16,13,3,0,57.2,0.62,3,3,False,새벽(0-5),원활,0.0
2017-04-27 04:00:00,15,10,5,0,53.6,0.75,4,3,False,새벽(0-5),원활,0.0
2017-04-27 04:05:00,15,9,6,0,70.1,0.56,4,3,False,새벽(0-5),원활,0.0
2017-04-27 04:10:00,8,4,4,0,55.3,0.44,4,3,False,새벽(0-5),원활,0.0
2017-04-27 04:15:00,12,7,5,0,54.3,0.56,4,3,False,새벽(0-5),원활,0.0
2017-04-27 04:20:00,16,11,5,0,60.7,0.77,4,3,False,새벽(0-5),원활,0.0
2017-04-27 04:25:00,19,11,8,0,57.2,0.88,4,3,False,새벽(0-5),원활,0.0
2017-04-27 04:30:00,11,8,3,0,56.8,0.49,4,3,False,새벽(0-5),원활,0.0
2017-04-27 04:35:00,17,12,5,0,60.7,0.72,4,3,False,새벽(0-5),원활,0.0
2017-04-27 04:40:00,20,13,7,0,55.2,0.74,4,3,False,새벽(0-5),원활,0.0
2017-04-27 04:45:00,30,18,11,1,64.7,1.33,4,3,False,새벽(0-5),원활,3.33
2017-04-27 04:50:00,30,20,10,0,58.4,1.25,4,3,False,새벽(0-5),원활,0.0
2017-04-27 04:55:00,17,12,5,0,56.2,0.86,4,3,False,새벽(0-5),원활,0.0
2017-04-27 05:00:00,19,15,3,1,55.8,0.96,5,3,False,새벽(0-5),원활,5.26
2017-04-27 05:05:00,28,15,12,1,61.2,1.22,5,3,False,새벽(0-5),원활,3.57
2017-04-27 05:10:00,27,22,5,0,54.5,1.1,5,3,False,새벽(0-5),원활,0.0
2017-04-27 05:15:00,43,25,18,0,56.9,1.81,5,3,False,새벽(0-5),원활,0.0
2017-04-27 05:20:00,66,42,24,0,57.6,4.02,5,3,False,새벽(0-5),원활,0.0
2017-04-27 05:25:00,54,38,16,0,58.5,2.36,5,3,False,새벽(0-5),원활,0.0
2017-04-27 05:30:00,43,24,18,1,67.9,1.49,5,3,False,새벽(0-5),원활,2.33
2017-04-27 05:35:00,42,30,12,0,60.1,1.62,5,3,False,새벽(0-5),원활,0.0
2017-04-27 05:40:00,42,32,10,0,60.4,1.53,5,3,False,새벽(0-5),원활,0.0
2017-04-27 05:45:00,54,39,14,1,63.0,1.74,5,3,False,새벽(0-5),원활,1.85
2017-04-27 05:50:00,78,54,23,1,64.0,2.4,5,3,False,새벽(0-5),원활,1.28
2017-04-27 05:55:00,86,59,26,1,54.6,3.13,5,3,False,새벽(0-5),원활,1.16
2017-04-27 06:00:00,71,43,28,0,53.8,3.02,6,3,False,오전(6-11),원활,0.0
2017-04-27 06:05:00,93,59,34,0,59.4,3.36,6,3,False,오전(6-11),원활,0.0
2017-04-27 06:10:00,83,53,30,0,58.2,3.0,6,3,False,오전(6-11),원활,0.0
2017-04-27 06:15:00,88,54,33,1,57.8,3.13,6,3,False,오전(6-11),원활,1.14
2017-04-27 06:20:00,74,48,24,2,63.8,2.46,6,3,False,오전(6-11),원활,2.7
2017-04-27 06:25:00,114,67,44,3,55.3,4.39,6,3,False,오전(6-11),원활,2.63
2017-04-27 06:30:00,112,69,43,0,56.8,4.12,6,3,False,오전(6-11),원활,0.0
2017-04-27 06:35:00,138,67,69,2,51.0,5.58,6,3,False,오전(6-11),혼잡,1.45
2017-04-27 06:40:00,136,83,51,2,52.0,5.68,6,3,False,오전(6-11),혼잡,1.47
2017-04-27 06:45:00,118,78,37,3,57.8,4.22,6,3,False,오전(6-11),원활,2.54
2017-04-27 06:50:00,120,74,46,0,51.3,4.76,6,3,False,오전(6-11),원활,0.0
2017-04-27 06:55:00,126,72,50,4,48.7,5.49,6,3,False,오전(6-11),원활,3.17
2017-04-27 07:00:00,148,92,54,2,51.7,5.77,7,3,False,오전(6-11),혼잡,1.35
2017-04-27 07:05:00,156,104,48,4,52.8,6.07,7,3,False,오전(6-11),혼잡,2.56
2017-04-27 07:10:00,189,128,58,3,51.2,8.05,7,3,False,오전(6-11),혼잡,1.59
2017-04-27 07:15:00,226,159,64,3,51.4,8.84,7,3,False,오전(6-11),혼잡,1.33
2017-04-27 07:20:00,182,121,60,1,45.4,8.65,7,3,False,오전(6-11),혼잡,0.55
2017-04-27 07:25:00,193,136,53,4,42.9,9.12,7,3,False,오전(6-11),혼잡,2.07
2017-04-27 07:30:00,264,183,79,2,36.8,15.79,7,3,False,오전(6-11),혼잡,0.76
2017-04-27 07:35:00,282,200,73,9,37.0,18.27,7,3,False,오전(6-11),혼잡,3.19
2017-04-27 07:40:00,211,155,53,3,33.4,16.7,7,3,False,오전(6-11),혼잡,1.42
2017-04-27 07:45:00,220,168,47,5,35.1,15.3,7,3,False,오전(6-11),혼잡,2.27
2017-04-27 07:50:00,255,191,62,2,35.7,17.05,7,3,False,오전(6-11),혼잡,0.78
2017-04-27 07:55:00,254,190,61,3,33.4,22.43,7,3,False,오전(6-11),혼잡,1.18
2017-04-27 08:00:00,234,169,63,2,34.5,17.01,8,3,False,오전(6-11),혼잡,0.85
2017-04-27 08:05:00,197,141,46,10,36.3,22.94,8,3,False,오전(6-11),혼잡,5.08
2017-04-27 08:10:00,215,158,50,7,34.6,23.49,8,3,False,오전(6-11),혼잡,3.26
2017-04-27 08:15:00,283,208,71,4,40.4,14.88,8,3,False,오전(6-11),혼잡,1.41
2017-04-27 08:20:00,242,187,53,2,35.0,17.55,8,3,False,오전(6-11),혼잡,0.83
2017-04-27 08:25:00,195,138,55,2,39.8,15.35,8,3,False,오전(6-11),혼잡,1.03
2017-04-27 08:30:00,238,181,56,1,34.4,16.03,8,3,False,오전(6-11),혼잡,0.42
2017-04-27 08:35:00,270,212,56,2,31.5,19.28,8,3,False,오전(6-11),혼잡,0.74
2017-04-27 08:40:00,263,209,53,1,33.4,19.08,8,3,False,오전(6-11),혼잡,0.38
2017-04-27 08:45:00,173,138,35,0,40.1,9.11,8,3,False,오전(6-11),혼잡,0.0
2017-04-27 08:50:00,171,129,40,2,45.4,7.4,8,3,False,오전(6-11),혼잡,1.17
2017-04-27 08:55:00,207,161,45,1,41.6,12.1,8,3,False,오전(6-11),혼잡,0.48
2017-04-27 09:00:00,180,145,34,1,47.6,11.31,9,3,False,오전(6-11),혼잡,0.56
2017-04-27 09:05:00,163,118,41,4,45.4,8.53,9,3,False,오전(6-11),혼잡,2.45
2017-04-27 09:10:00,149,119,28,2,48.9,6.01,9,3,False,오전(6-11),혼잡,1.34
2017-04-27 09:15:00,175,129,45,1,47.4,8.36,9,3,False,오전(6-11),혼잡,0.57
2017-04-27 09:20:00,187,141,43,3,47.2,10.89,9,3,False,오전(6-11),혼잡,1.6
2017-04-27 09:25:00,198,130,65,3,48.0,11.56,9,3,False,오전(6-11),혼잡,1.52
2017-04-27 09:30:00,173,119,49,5,48.5,10.07,9,3,False,오전(6-11),혼잡,2.89
2017-04-27 09:35:00,178,114,61,3,45.3,10.94,9,3,False,오전(6-11),혼잡,1.69
2017-04-27 09:40:00,146,107,39,0,47.6,6.3,9,3,False,오전(6-11),혼잡,0.0
2017-04-27 09:45:00,153,97,54,2,45.9,7.78,9,3,False,오전(6-11),혼잡,1.31
2017-04-27 09:50:00,174,112,62,0,48.2,7.96,9,3,False,오전(6-11),혼잡,0.0
2017-04-27 09:55:00,176,116,58,2,46.0,8.57,9,3,False,오전(6-11),혼잡,1.14
2017-04-27 10:00:00,182,111,68,3,46.6,9.03,10,3,False,오전(6-11),혼잡,1.65
2017-04-27 10:05:00,165,105,57,3,48.5,9.95,10,3,False,오전(6-11),혼잡,1.82
2017-04-27 10:10:00,153,103,46,4,47.0,9.3,10,3,False,오전(6-11),혼잡,2.61
2017-04-27 10:15:00,120,79,38,3,48.8,5.85,10,3,False,오전(6-11),혼잡,2.5
2017-04-27 10:20:00,126,69,53,4,50.7,6.81,10,3,False,오전(6-11),혼잡,3.17
2017-04-27 10:25:00,112,76,34,2,48.3,7.95,10,3,False,오전(6-11),혼잡,1.79
2017-04-27 10:30:00,152,95,54,3,45.8,9.31,10,3,False,오전(6-11),혼잡,1.97
2017-04-27 10:35:00,120,80,36,4,47.4,11.81,10,3,False,오전(6-11),혼잡,3.33
2017-04-27 10:40:00,135,91,42,2,49.6,6.71,10,3,False,오전(6-11),혼잡,1.48
2017-04-27 10:45:00,121,74,46,1,45.5,20.14,10,3,False,오전(6-11),혼잡,0.83
2017-04-27 10:50:00,143,87,56,0,48.4,12.46,10,3,False,오전(6-11),혼잡,0.0
2017-04-27 10:55:00,134,89,44,1,47.1,6.29,10,3,False,오전(6-11),혼잡,0.75
2017-04-27 11:00:00,123,76,43,4,52.1,5.26,11,3,False,오전(6-11),원활,3.25
2017-04-27 11:05:00,111,62,46,3,51.5,5.2,11,3,False,오전(6-11),원활,2.7
2017-04-27 11:10:00,126,86,40,0,48.8,6.17,11,3,False,오전(6-11),혼잡,0.0
2017-04-27 11:15:00,136,91,41,4,48.4,17.99,11,3,False,오전(6-11),혼잡,2.94
2017-04-27 11:20:00,125,82,39,4,50.0,10.89,11,3,False,오전(6-11),혼잡,3.2
2017-04-27 11:25:00,154,100,52,2,48.5,7.27,11,3,False,오전(6-11),혼잡,1.3
2017-04-27 11:30:00,149,100,48,1,48.6,6.48,11,3,False,오전(6-11),혼잡,0.67
2017-04-27 11:35:00,147,101,45,1,50.0,7.65,11,3,False,오전(6-11),혼잡,0.68
2017-04-27 11:40:00,139,101,38,0,47.0,7.79,11,3,False,오전(6-11),혼잡,0.0
2017-04-27 11:45:00,158,85,66,7,42.6,11.76,11,3,False,오전(6-11),혼잡,4.43
2017-04-27 11:50:00,157,113,41,3,48.6,8.75,11,3,False,오전(6-11),혼잡,1.91
2017-04-27 11:55:00,154,102,45,7,46.8,10.93,11,3,False,오전(6-11),혼잡,4.55
2017-04-27 12:00:00,158,109,46,3,46.5,10.55,12,3,False,오후(12-17),혼잡,1.9
2017-04-27 12:05:00,144,102,41,1,47.9,7.37,12,3,False,오후(12-17),혼잡,0.69
2017-04-27 12:10:00,105,77,28,0,48.2,5.25,12,3,False,오후(12-17),원활,0.0
2017-04-27 12:15:00,139,100,37,2,48.6,6.43,12,3,False,오후(12-17),혼잡,1.44
2017-04-27 12:20:00,98,59,39,0,48.4,4.62,12,3,False,오후(12-17),원활,0.0
2017-04-27 12:25:00,135,86,48,1,43.5,6.84,12,3,False,오후(12-17),혼잡,0.74
2017-04-27 12:30:00,137,90,44,3,47.5,5.96,12,3,False,오후(12-17),혼잡,2.19
2017-04-27 12:35:00,127,88,39,0,47.6,5.64,12,3,False,오후(12-17),혼잡,0.0
2017-04-27 12:40:00,152,103,48,1,49.7,6.34,12,3,False,오후(12-17),혼잡,0.66
2017-04-27 12:45:00,136,96,40,0,45.9,5.56,12,3,False,오후(12-17),혼잡,0.0
2017-04-27 12:50:00,159,103,54,2,45.0,7.28,12,3,False,오후(12-17),혼잡,1.26
2017-04-27 12:55:00,132,97,35,0,48.1,5.71,12,3,False,오후(12-17),혼잡,0.0
2017-04-27 13:00:00,135,90,41,4,47.0,9.9,13,3,False,오후(12-17),혼잡,2.96
2017-04-27 13:05:00,153,110,42,1,43.6,8.08,13,3,False,오후(12-17),혼잡,0.65
2017-04-27 13:10:00,167,126,41,0,45.6,7.7,13,3,False,오후(12-17),혼잡,0.0
2017-04-27 13:15:00,157,108,46,3,47.7,6.88,13,3,False,오후(12-17),혼잡,1.91
2017-04-27 13:20:00,144,99,44,1,48.5,6.01,13,3,False,오후(12-17),혼잡,0.69
2017-04-27 13:25:00,156,104,52,0,46.3,7.09,13,3,False,오후(12-17),혼잡,0.0
2017-04-27 13:30:00,136,106,29,1,49.7,5.57,13,3,False,오후(12-17),혼잡,0.74
2017-04-27 13:35:00,140,95,44,1,46.8,6.04,13,3,False,오후(12-17),혼잡,0.71
2017-04-27 13:40:00,144,99,45,0,45.8,6.25,13,3,False,오후(12-17),혼잡,0.0
2017-04-27 13:45:00,136,100,36,0,49.1,5.97,13,3,False,오후(12-17),혼잡,0.0
2017-04-27 13:50:00,151,107,43,1,43.9,7.43,13,3,False,오후(12-17),혼잡,0.66
2017-04-27 13:55:00,144,104,39,1,47.0,6.2,13,3,False,오후(12-17),혼잡,0.69
2017-04-27 14:00:00,175,119,53,3,46.6,7.1,14,3,False,오후(12-17),혼잡,1.71
2017-04-27 14:05:00,173,125,47,1,47.2,7.36,14,3,False,오후(12-17),혼잡,0.58
2017-04-27 14:10:00,121,84,35,2,46.6,5.29,14,3,False,오후(12-17),원활,1.65
2017-04-27 14:15:00,138,102,36,0,47.4,5.87,14,3,False,오후(12-17),혼잡,0.0
2017-04-27 14:20:00,123,89,33,1,47.5,5.11,14,3,False,오후(12-17),원활,0.81
2017-04-27 14:25:00,150,102,48,0,47.4,6.22,14,3,False,오후(12-17),혼잡,0.0
2017-04-27 14:30:00,158,113,44,1,47.8,6.67,14,3,False,오후(12-17),혼잡,0.63
2017-04-27 14:35:00,189,126,60,3,46.2,8.33,14,3,False,오후(12-17),혼잡,1.59
2017-04-27 14:40:00,163,114,49,0,47.0,7.21,14,3,False,오후(12-17),혼잡,0.0
2017-04-27 14:45:00,151,103,48,0,48.8,6.11,14,3,False,오후(12-17),혼잡,0.0
2017-04-27 14:50:00,154,115,38,1,46.3,6.58,14,3,False,오후(12-17),혼잡,0.65
2017-04-27 14:55:00,153,105,46,2,43.3,7.42,14,3,False,오후(12-17),혼잡,1.31
2017-04-27 15:00:00,140,100,38,2,48.5,5.7,15,3,False,오후(12-17),혼잡,1.43
2017-04-27 15:05:00,129,90,36,3,49.7,5.08,15,3,False,오후(12-17),원활,2.33
2017-04-27 15:10:00,152,103,49,0,48.7,6.23,15,3,False,오후(12-17),혼잡,0.0
2017-04-27 15:15:00,160,113,46,1,44.9,7.18,15,3,False,오후(12-17),혼잡,0.62
2017-04-27 15:20:00,178,138,40,0,42.6,9.46,15,3,False,오후(12-17),혼잡,0.0
2017-04-27 15:25:00,173,131,41,1,45.7,7.27,15,3,False,오후(12-17),혼잡,0.58
2017-04-27 15:30:00,141,107,32,2,50.6,5.5,15,3,False,오후(12-17),원활,1.42
2017-04-27 15:35:00,135,98,35,2,46.1,6.09,15,3,False,오후(12-17),혼잡,1.48
2017-04-27 15:40:00,136,107,29,0,47.5,5.41,15,3,False,오후(12-17),원활,0.0
2017-04-27 15:45:00,137,108,29,0,43.4,6.09,15,3,False,오후(12-17),혼잡,0.0
2017-04-27 15:50:00,188,145,41,2,46.2,7.89,15,3,False,오후(12-17),혼잡,1.06
2017-04-27 15:55:00,173,133,38,2,45.3,7.48,15,3,False,오후(12-17),혼잡,1.16
2017-04-27 16:00:00,181,135,44,2,47.9,7.51,16,3,False,오후(12-17),혼잡,1.1
2017-04-27 16:05:00,190,133,51,6,43.2,9.87,16,3,False,오후(12-17),혼잡,3.16
2017-04-27 16:10:00,142,98,41,3,48.4,6.08,16,3,False,오후(12-17),혼잡,2.11
2017-04-27 16:15:00,150,108,42,0,47.3,10.02,16,3,False,오후(12-17),혼잡,0.0
2017-04-27 16:20:00,105,78,24,3,48.2,35.81,16,3,False,오후(12-17),혼잡,2.86
2017-04-27 16:25:00,121,81,39,1,51.3,17.56,16,3,False,오후(12-17),혼잡,0.83
2017-04-27 16:30:00,166,117,48,1,44.0,19.72,16,3,False,오후(12-17),혼잡,0.6
2017-04-27 16:35:00,159,113,44,2,48.9,6.94,16,3,False,오후(12-17),혼잡,1.26
2017-04-27 16:40:00,152,105,43,4,47.5,6.48,16,3,False,오후(12-17),혼잡,2.63
2017-04-27 16:45:00,173,135,37,1,49.1,8.13,16,3,False,오후(12-17),혼잡,0.58
2017-04-27 16:50:00,136,84,52,0,44.8,21.19,16,3,False,오후(12-17),혼잡,0.0
2017-04-27 16:55:00,154,110,40,4,48.1,12.56,16,3,False,오후(12-17),혼잡,2.6
2017-04-27 17:00:00,139,94,38,7,48.2,5.98,17,3,False,오후(12-17),혼잡,5.04
2017-04-27 17:05:00,170,128,41,1,48.7,6.88,17,3,False,오후(12-17),혼잡,0.59
2017-04-27 17:10:00,135,103,32,0,43.7,5.69,17,3,False,오후(12-17),혼잡,0.0
2017-04-27 17:15:00,138,104,33,1,46.9,5.84,17,3,False,오후(12-17),혼잡,0.72
2017-04-27 17:20:00,171,128,42,1,43.6,9.01,17,3,False,오후(12-17),혼잡,0.58
2017-04-27 17:25:00,163,116,44,3,47.4,6.58,17,3,False,오후(12-17),혼잡,1.84
2017-04-27 17:30:00,127,85,40,2,44.4,5.86,17,3,False,오후(12-17),혼잡,1.57
2017-04-27 17:35:00,132,93,36,3,47.2,5.66,17,3,False,오후(12-17),혼잡,2.27
2017-04-27 17:40:00,184,137,45,2,44.9,8.18,17,3,False,오후(12-17),혼잡,1.09
2017-04-27 17:45:00,184,125,58,1,46.9,7.89,17,3,False,오후(12-17),혼잡,0.54
2017-04-27 17:50:00,129,90,38,1,47.0,5.48,17,3,False,오후(12-17),원활,0.78
2017-04-27 17:55:00,142,94,43,5,43.5,6.47,17,3,False,오후(12-17),혼잡,3.52
2017-04-27 18:00:00,184,137,44,3,43.8,7.83,18,3,False,저녁(18-23),혼잡,1.63
2017-04-27 18:05:00,195,145,47,3,44.5,8.22,18,3,False,저녁(18-23),혼잡,1.54
2017-04-27 18:10:00,192,138,52,2,40.9,8.42,18,3,False,저녁(18-23),혼잡,1.04
2017-04-27 18:15:00,185,133,49,3,37.5,9.71,18,3,False,저녁(18-23),혼잡,1.62
2017-04-27 18:20:00,203,147,53,3,37.3,9.94,18,3,False,저녁(18-23),혼잡,1.48
2017-04-27 18:25:00,221,162,59,0,38.1,11.9,18,3,False,저녁(18-23),혼잡,0.0
2017-04-27 18:30:00,197,139,57,1,38.9,9.24,18,3,False,저녁(18-23),혼잡,0.51
2017-04-27 18:35:00,177,127,50,0,38.9,8.58,18,3,False,저녁(18-23),혼잡,0.0
2017-04-27 18:40:00,142,99,40,3,47.0,6.06,18,3,False,저녁(18-23),혼잡,2.11
2017-04-27 18:45:00,175,128,46,1,45.4,7.18,18,3,False,저녁(18-23),혼잡,0.57
2017-04-27 18:50:00,183,121,60,2,43.2,8.45,18,3,False,저녁(18-23),혼잡,1.09
2017-04-27 18:55:00,137,97,38,2,41.1,6.49,18,3,False,저녁(18-23),혼잡,1.46
2017-04-27 19:00:00,122,86,35,1,44.3,5.38,19,3,False,저녁(18-23),원활,0.82
2017-04-27 19:05:00,145,100,40,5,45.9,6.22,19,3,False,저녁(18-23),혼잡,3.45
2017-04-27 19:10:00,149,95,52,2,44.7,6.57,19,3,False,저녁(18-23),혼잡,1.34
2017-04-27 19:15:00,153,114,34,5,43.1,7.05,19,3,False,저녁(18-23),혼잡,3.27
2017-04-27 19:20:00,107,76,30,1,44.1,4.79,19,3,False,저녁(18-23),원활,0.93
2017-04-27 19:25:00,143,119,24,0,42.5,6.97,19,3,False,저녁(18-23),혼잡,0.0
2017-04-27 19:30:00,164,135,28,1,43.3,7.95,19,3,False,저녁(18-23),혼잡,0.61
2017-04-27 19:35:00,126,107,19,0,45.6,6.01,19,3,False,저녁(18-23),혼잡,0.0
2017-04-27 19:40:00,122,92,30,0,42.1,6.68,19,3,False,저녁(18-23),혼잡,0.0
2017-04-27 19:45:00,98,80,16,2,47.0,4.76,19,3,False,저녁(18-23),원활,2.04
2017-04-27 19:50:00,132,99,33,0,44.4,6.35,19,3,False,저녁(18-23),혼잡,0.0
2017-04-27 19:55:00,116,90,24,2,49.0,8.55,19,3,False,저녁(18-23),혼잡,1.72
2017-04-27 20:00:00,108,88,20,0,41.8,5.62,20,3,False,저녁(18-23),혼잡,0.0
2017-04-27 20:05:00,100,77,21,2,49.0,4.73,20,3,False,저녁(18-23),원활,2.0
2017-04-27 20:10:00,119,93,25,1,46.7,5.96,20,3,False,저녁(18-23),혼잡,0.84
2017-04-27 20:15:00,134,109,24,1,46.5,6.53,20,3,False,저녁(18-23),혼잡,0.75
2017-04-27 20:20:00,131,105,26,0,43.1,6.34,20,3,False,저녁(18-23),혼잡,0.0
2017-04-27 20:25:00,85,68,17,0,45.1,3.99,20,3,False,저녁(18-23),원활,0.0
2017-04-27 20:30:00,123,101,21,1,46.2,6.71,20,3,False,저녁(18-23),혼잡,0.81
2017-04-27 20:35:00,156,129,26,1,43.3,13.6,20,3,False,저녁(18-23),혼잡,0.64
2017-04-27 20:40:00,97,77,19,1,46.4,4.52,20,3,False,저녁(18-23),원활,1.03
2017-04-27 20:45:00,93,66,27,0,50.6,4.52,20,3,False,저녁(18-23),원활,0.0
2017-04-27 20:50:00,115,85,29,1,44.9,5.88,20,3,False,저녁(18-23),혼잡,0.87
2017-04-27 20:55:00,121,98,23,0,45.0,6.72,20,3,False,저녁(18-23),혼잡,0.0
2017-04-27 21:00:00,104,87,17,0,49.0,4.97,21,3,False,저녁(18-23),원활,0.0
2017-04-27 21:05:00,100,81,18,1,43.2,4.87,21,3,False,저녁(18-23),원활,1.0
2017-04-27 21:10:00,96,71,25,0,43.5,5.31,21,3,False,저녁(18-23),원활,0.0
2017-04-27 21:15:00,126,100,25,1,46.1,7.36,21,3,False,저녁(18-23),혼잡,0.79
2017-04-27 21:20:00,125,104,20,1,43.2,6.82,21,3,False,저녁(18-23),혼잡,0.8
2017-04-27 21:25:00,135,108,27,0,43.0,7.01,21,3,False,저녁(18-23),혼잡,0.0
2017-04-27 21:30:00,125,107,18,0,42.6,6.59,21,3,False,저녁(18-23),혼잡,0.0
2017-04-27 21:35:00,105,90,14,1,43.9,5.38,21,3,False,저녁(18-23),원활,0.95
2017-04-27 21:40:00,91,73,18,0,45.3,4.61,21,3,False,저녁(18-23),원활,0.0
2017-04-27 21:45:00,100,84,15,1,44.8,5.23,21,3,False,저녁(18-23),원활,1.0
2017-04-27 21:50:00,90,72,18,0,45.3,5.03,21,3,False,저녁(18-23),원활,0.0
2017-04-27 21:55:00,112,83,27,2,45.1,6.04,21,3,False,저녁(18-23),혼잡,1.79
2017-04-27 22:00:00,106,85,20,1,43.8,5.61,22,3,False,저녁(18-23),혼잡,0.94
2017-04-27 22:05:00,103,77,26,0,47.2,5.16,22,3,False,저녁(18-23),원활,0.0
2017-04-27 22:10:00,123,104,19,0,45.3,5.67,22,3,False,저녁(18-23),혼잡,0.0
2017-04-27 22:15:00,126,89,37,0,43.6,7.89,22,3,False,저녁(18-23),혼잡,0.0
2017-04-27 22:20:00,81,68,13,0,48.1,3.49,22,3,False,저녁(18-23),원활,0.0
2017-04-27 22:25:00,92,64,27,1,48.5,4.85,22,3,False,저녁(18-23),원활,1.09
2017-04-27 22:30:00,53,40,13,0,51.1,3.13,22,3,False,저녁(18-23),원활,0.0
2017-04-27 22:35:00,80,59,21,0,49.4,3.87,22,3,False,저녁(18-23),원활,0.0
2017-04-27 22:40:00,66,50,16,0,46.4,3.01,22,3,False,저녁(18-23),원활,0.0
2017-04-27 22:45:00,79,63,16,0,52.3,3.28,22,3,False,저녁(18-23),원활,0.0
2017-04-27 22:50:00,71,53,18,0,51.7,3.45,22,3,False,저녁(18-23),원활,0.0
2017-04-27 22:55:00,76,57,19,0,49.9,3.97,22,3,False,저녁(18-23),원활,0.0
2017-04-27 23:00:00,76,56,19,1,49.9,3.65,23,3,False,저녁(18-23),원활,1.32
2017-04-27 23:05:00,76,53,22,1,45.1,3.8,23,3,False,저녁(18-23),원활,1.32
2017-04-27 23:10:00,67,48,19,0,48.8,2.87,23,3,False,저녁(18-23),원활,0.0
2017-04-27 23:15:00,81,65,16,0,49.6,3.9,23,3,False,저녁(18-23),원활,0.0
2017-04-27 23:20:00,79,58,21,0,51.0,3.33,23,3,False,저녁(18-23),원활,0.0
2017-04-27 23:25:00,64,48,16,0,49.9,2.94,23,3,False,저녁(18-23),원활,0.0
2017-04-27 23:30:00,52,38,14,0,52.2,2.21,23,3,False,저녁(18-23),원활,0.0
2017-04-27 23:35:00,56,43,13,0,56.5,2.43,23,3,False,저녁(18-23),원활,0.0
2017-04-27 23:40:00,30,21,9,0,54.8,1.32,23,3,False,저녁(18-23),원활,0.0
2017-04-27 23:45:00,50,39,11,0,52.4,2.02,23,3,False,저녁(18-23),원활,0.0
2017-04-27 23:50:00,42,27,15,0,55.4,2.17,23,3,False,저녁(18-23),원활,0.0
2017-04-27 23:55:00,39,29,10,0,54.4,1.51,23,3,False,저녁(18-23),원활,0.0
2017-04-28 00:00:00,45,32,13,0,56.6,1.85,0,4,False,새벽(0-5),원활,0.0
2017-04-28 00:05:00,37,25,12,0,64.1,1.7,0,4,False,새벽(0-5),원활,0.0
2017-04-28 00:10:00,46,33,13,0,59.8,1.71,0,4,False,새벽(0-5),원활,0.0
2017-04-28 00:15:00,30,22,8,0,52.6,1.18,0,4,False,새벽(0-5),원활,0.0
2017-04-28 00:20:00,28,19,9,0,49.0,1.29,0,4,False,새벽(0-5),원활,0.0
2017-04-28 00:25:00,32,23,8,1,57.7,1.15,0,4,False,새벽(0-5),원활,3.12
2017-04-28 00:30:00,39,27,12,0,57.5,1.59,0,4,False,새벽(0-5),원활,0.0
2017-04-28 00:35:00,36,21,14,1,60.3,1.39,0,4,False,새벽(0-5),원활,2.78
2017-04-28 00:40:00,46,31,15,0,54.6,1.9,0,4,False,새벽(0-5),원활,0.0
2017-04-28 00:45:00,30,20,10,0,63.2,1.15,0,4,False,새벽(0-5),원활,0.0
2017-04-28 00:50:00,19,13,5,1,52.5,0.99,0,4,False,새벽(0-5),원활,5.26
2017-04-28 00:55:00,35,24,10,1,58.9,1.37,0,4,False,새벽(0-5),원활,2.86
2017-04-28 01:00:00,24,18,6,0,54.1,0.95,1,4,False,새벽(0-5),원활,0.0
2017-04-28 01:05:00,27,22,4,1,52.7,1.19,1,4,False,새벽(0-5),원활,3.7
2017-04-28 01:10:00,25,14,11,0,60.5,0.92,1,4,False,새벽(0-5),원활,0.0
2017-04-28 01:15:00,26,17,9,0,59.3,0.97,1,4,False,새벽(0-5),원활,0.0
2017-04-28 01:20:00,27,18,9,0,70.3,1.09,1,4,False,새벽(0-5),원활,0.0
2017-04-28 01:25:00,26,17,9,0,52.4,1.03,1,4,False,새벽(0-5),원활,0.0
2017-04-28 01:30:00,26,19,7,0,54.7,1.06,1,4,False,새벽(0-5),원활,0.0
2017-04-28 01:35:00,18,8,10,0,63.9,0.82,1,4,False,새벽(0-5),원활,0.0
2017-04-28 01:40:00,30,17,13,0,63.4,1.13,1,4,False,새벽(0-5),원활,0.0
2017-04-28 01:45:00,15,11,4,0,52.2,0.67,1,4,False,새벽(0-5),원활,0.0
2017-04-28 01:50:00,18,12,6,0,46.5,0.94,1,4,False,새벽(0-5),원활,0.0
2017-04-28 01:55:00,10,8,2,0,53.8,0.36,1,4,False,새벽(0-5),원활,0.0
2017-04-28 02:00:00,13,10,3,0,52.0,0.68,2,4,False,새벽(0-5),원활,0.0
2017-04-28 02:05:00,27,14,12,1,67.5,1.04,2,4,False,새벽(0-5),원활,3.7
2017-04-28 02:10:00,15,11,4,0,69.9,0.64,2,4,False,새벽(0-5),원활,0.0
2017-04-28 02:15:00,13,6,7,0,62.9,0.5,2,4,False,새벽(0-5),원활,0.0
2017-04-28 02:20:00,17,9,8,0,65.9,0.75,2,4,False,새벽(0-5),원활,0.0
2017-04-28 02:25:00,19,14,5,0,60.9,0.82,2,4,False,새벽(0-5),원활,0.0
2017-04-28 02:30:00,16,12,4,0,52.0,0.72,2,4,False,새벽(0-5),원활,0.0
2017-04-28 02:35:00,16,11,5,0,58.6,0.69,2,4,False,새벽(0-5),원활,0.0
2017-04-28 02:40:00,19,10,9,0,58.0,3.73,2,4,False,새벽(0-5),원활,0.0
2017-04-28 02:45:00,18,11,7,0,60.3,0.64,2,4,False,새벽(0-5),원활,0.0
2017-04-28 02:50:00,9,3,6,0,64.8,0.34,2,4,False,새벽(0-5),원활,0.0
2017-04-28 02:55:00,15,11,4,0,65.6,0.74,2,4,False,새벽(0-5),원활,0.0
2017-04-28 03:00:00,12,7,5,0,62.0,0.5,3,4,False,새벽(0-5),원활,0.0
2017-04-28 03:05:00,22,16,6,0,57.0,0.88,3,4,False,새벽(0-5),원활,0.0
2017-04-28 03:10:00,15,10,5,0,58.9,11.89,3,4,False,새벽(0-5),혼잡,0.0
2017-04-28 03:15:00,14,11,3,0,55.1,5.26,3,4,False,새벽(0-5),원활,0.0
2017-04-28 03:20:00,12,11,1,0,57.0,0.54,3,4,False,새벽(0-5),원활,0.0
2017-04-28 03:25:00,9,5,4,0,69.1,0.37,3,4,False,새벽(0-5),원활,0.0
2017-04-28 03:30:00,21,12,9,0,53.2,0.83,3,4,False,새벽(0-5),원활,0.0
2017-04-28 03:35:00,15,10,5,0,66.1,0.61,3,4,False,새벽(0-5),원활,0.0
2017-04-28 03:40:00,10,9,1,0,62.6,0.38,3,4,False,새벽(0-5),원활,0.0
2017-04-28 03:45:00,17,11,6,0,58.1,0.66,3,4,False,새벽(0-5),원활,0.0
2017-04-28 03:50:00,21,13,7,1,59.1,1.0,3,4,False,새벽(0-5),원활,4.76
2017-04-28 03:55:00,16,10,5,1,50.4,0.8,3,4,False,새벽(0-5),원활,6.25
2017-04-28 04:00:00,11,7,4,0,60.6,0.41,4,4,False,새벽(0-5),원활,0.0
2017-04-28 04:05:00,11,8,3,0,51.8,0.59,4,4,False,새벽(0-5),원활,0.0
2017-04-28 04:10:00,17,10,7,0,53.2,0.83,4,4,False,새벽(0-5),원활,0.0
2017-04-28 04:15:00,10,7,3,0,56.3,0.58,4,4,False,새벽(0-5),원활,0.0
2017-04-28 04:20:00,22,18,4,0,59.6,0.79,4,4,False,새벽(0-5),원활,0.0
2017-04-28 04:25:00,11,6,5,0,65.8,0.47,4,4,False,새벽(0-5),원활,0.0
2017-04-28 04:30:00,20,13,7,0,55.1,0.89,4,4,False,새벽(0-5),원활,0.0
2017-04-28 04:35:00,21,14,7,0,49.9,0.83,4,4,False,새벽(0-5),원활,0.0
2017-04-28 04:40:00,25,17,8,0,51.3,1.25,4,4,False,새벽(0-5),원활,0.0
2017-04-28 04:45:00,26,15,11,0,55.2,1.05,4,4,False,새벽(0-5),원활,0.0
2017-04-28 04:50:00,18,14,4,0,56.8,0.75,4,4,False,새벽(0-5),원활,0.0
2017-04-28 04:55:00,18,11,7,0,49.8,0.97,4,4,False,새벽(0-5),원활,0.0
2017-04-28 05:00:00,31,24,7,0,54.9,1.3,5,4,False,새벽(0-5),원활,0.0
2017-04-28 05:05:00,25,19,6,0,55.1,1.14,5,4,False,새벽(0-5),원활,0.0
2017-04-28 05:10:00,34,20,14,0,61.5,1.5,5,4,False,새벽(0-5),원활,0.0
2017-04-28 05:15:00,40,28,12,0,55.6,1.8,5,4,False,새벽(0-5),원활,0.0
2017-04-28 05:20:00,52,40,12,0,52.0,2.43,5,4,False,새벽(0-5),원활,0.0
2017-04-28 05:25:00,57,37,19,1,62.1,2.58,5,4,False,새벽(0-5),원활,1.75
2017-04-28 05:30:00,42,23,19,0,59.2,1.8,5,4,False,새벽(0-5),원활,0.0
2017-04-28 05:35:00,66,46,18,2,63.2,2.06,5,4,False,새벽(0-5),원활,3.03
2017-04-28 05:40:00,57,38,19,0,63.4,2.13,5,4,False,새벽(0-5),원활,0.0
2017-04-28 05:45:00,53,31,22,0,67.4,1.94,5,4,False,새벽(0-5),원활,0.0
2017-04-28 05:50:00,62,41,20,1,61.1,1.85,5,4,False,새벽(0-5),원활,1.61
2017-04-28 05:55:00,77,46,29,2,57.4,2.73,5,4,False,새벽(0-5),원활,2.6
2017-04-28 06:00:00,78,46,32,0,58.6,3.21,6,4,False,오전(6-11),원활,0.0
2017-04-28 06:05:00,84,59,25,0,58.8,2.74,6,4,False,오전(6-11),원활,0.0
2017-04-28 06:10:00,74,50,24,0,56.8,2.63,6,4,False,오전(6-11),원활,0.0
2017-04-28 06:15:00,74,49,24,1,53.7,3.16,6,4,False,오전(6-11),원활,1.35
2017-04-28 06:20:00,117,77,39,1,59.9,3.88,6,4,False,오전(6-11),원활,0.85
2017-04-28 06:25:00,114,64,47,3,55.4,4.41,6,4,False,오전(6-11),원활,2.63
2017-04-28 06:30:00,113,76,37,0,61.9,4.35,6,4,False,오전(6-11),원활,0.0
2017-04-28 06:35:00,115,74,41,0,54.8,4.05,6,4,False,오전(6-11),원활,0.0
2017-04-28 06:40:00,147,84,63,0,54.8,5.62,6,4,False,오전(6-11),혼잡,0.0
2017-04-28 06:45:00,119,78,39,2,59.2,4.79,6,4,False,오전(6-11),원활,1.68
2017-04-28 06:50:00,125,80,44,1,56.6,4.19,6,4,False,오전(6-11),원활,0.8
2017-04-28 06:55:00,127,87,38,2,53.6,5.22,6,4,False,오전(6-11),원활,1.57
2017-04-28 07:00:00,111,73,37,1,52.9,4.72,7,4,False,오전(6-11),원활,0.9
2017-04-28 07:05:00,167,108,55,4,53.0,5.97,7,4,False,오전(6-11),혼잡,2.4
2017-04-28 07:10:00,172,113,58,1,51.6,6.84,7,4,False,오전(6-11),혼잡,0.58
2017-04-28 07:15:00,182,127,52,3,46.2,9.89,7,4,False,오전(6-11),혼잡,1.65
2017-04-28 07:20:00,220,145,71,4,44.6,10.21,7,4,False,오전(6-11),혼잡,1.82
2017-04-28 07:25:00,207,149,55,3,40.9,12.59,7,4,False,오전(6-11),혼잡,1.45
2017-04-28 07:30:00,256,176,80,0,40.2,14.92,7,4,False,오전(6-11),혼잡,0.0
2017-04-28 07:35:00,291,215,69,7,37.2,17.32,7,4,False,오전(6-11),혼잡,2.41
2017-04-28 07:40:00,202,154,45,3,38.4,15.73,7,4,False,오전(6-11),혼잡,1.49
2017-04-28 07:45:00,282,207,73,2,40.7,15.4,7,4,False,오전(6-11),혼잡,0.71
2017-04-28 07:50:00,170,120,49,1,43.2,7.57,7,4,False,오전(6-11),혼잡,0.59
2017-04-28 07:55:00,314,225,83,6,42.6,17.16,7,4,False,오전(6-11),혼잡,1.91
2017-04-28 08:00:00,208,160,46,2,38.6,15.1,8,4,False,오전(6-11),혼잡,0.96
2017-04-28 08:05:00,245,184,56,5,39.9,14.74,8,4,False,오전(6-11),혼잡,2.04
2017-04-28 08:10:00,273,197,73,3,38.1,15.94,8,4,False,오전(6-11),혼잡,1.1
2017-04-28 08:15:00,177,131,44,2,43.2,7.96,8,4,False,오전(6-11),혼잡,1.13
2017-04-28 08:20:00,181,145,32,4,35.2,32.45,8,4,False,오전(6-11),혼잡,2.21
2017-04-28 08:25:00,259,192,65,2,35.5,14.67,8,4,False,오전(6-11),혼잡,0.77
2017-04-28 08:30:00,222,180,40,2,35.7,13.36,8,4,False,오전(6-11),혼잡,0.9
2017-04-28 08:35:00,238,183,50,5,39.0,14.4,8,4,False,오전(6-11),혼잡,2.1
2017-04-28 08:40:00,242,182,57,3,43.5,10.48,8,4,False,오전(6-11),혼잡,1.24
2017-04-28 08:45:00,169,135,33,1,42.9,7.92,8,4,False,오전(6-11),혼잡,0.59
2017-04-28 08:50:00,142,106,35,1,45.4,7.76,8,4,False,오전(6-11),혼잡,0.7
2017-04-28 08:55:00,204,156,46,2,47.5,8.5,8,4,False,오전(6-11),혼잡,0.98
2017-04-28 09:00:00,171,129,39,3,48.1,10.09,9,4,False,오전(6-11),혼잡,1.75
2017-04-28 09:05:00,159,120,35,4,50.0,6.03,9,4,False,오전(6-11),혼잡,2.52
2017-04-28 09:10:00,126,96,28,2,48.4,6.1,9,4,False,오전(6-11),혼잡,1.59
2017-04-28 09:15:00,192,141,45,6,49.5,8.45,9,4,False,오전(6-11),혼잡,3.12
2017-04-28 09:20:00,206,137,66,3,49.5,11.72,9,4,False,오전(6-11),혼잡,1.46
2017-04-28 09:25:00,150,120,28,2,40.8,11.16,9,4,False,오전(6-11),혼잡,1.33
2017-04-28 09:30:00,189,131,54,4,48.0,9.74,9,4,False,오전(6-11),혼잡,2.12
2017-04-28 09:35:00,129,85,40,4,48.1,9.66,9,4,False,오전(6-11),혼잡,3.1
2017-04-28 09:40:00,189,122,65,2,47.7,7.69,9,4,False,오전(6-11),혼잡,1.06
2017-04-28 09:45:00,152,105,46,1,49.0,7.9,9,4,False,오전(6-11),혼잡,0.66
2017-04-28 09:50:00,159,103,56,0,49.4,7.24,9,4,False,오전(6-11),혼잡,0.0
2017-04-28 09:55:00,194,134,59,1,48.8,8.72,9,4,False,오전(6-11),혼잡,0.52
2017-04-28 10:00:00,163,109,51,3,46.7,10.68,10,4,False,오전(6-11),혼잡,1.84
2017-04-28 10:05:00,164,97,64,3,47.7,8.94,10,4,False,오전(6-11),혼잡,1.83
2017-04-28 10:10:00,111,75,34,2,47.1,10.61,10,4,False,오전(6-11),혼잡,1.8
2017-04-28 10:15:00,164,95,65,4,45.6,10.18,10,4,False,오전(6-11),혼잡,2.44
2017-04-28 10:20:00,78,47,28,3,52.6,6.31,10,4,False,오전(6-11),혼잡,3.85
2017-04-28 10:25:00,135,86,48,1,53.3,6.33,10,4,False,오전(6-11),혼잡,0.74
2017-04-28 10:30:00,144,78,64,2,49.8,8.89,10,4,False,오전(6-11),혼잡,1.39
2017-04-28 10:35:00,158,106,48,4,50.5,10.32,10,4,False,오전(6-11),혼잡,2.53
2017-04-28 10:40:00,130,83,46,1,52.3,5.54,10,4,False,오전(6-11),원활,0.77
2017-04-28 10:45:00,141,92,46,3,47.3,8.08,10,4,False,오전(6-11),혼잡,2.13
2017-04-28 10:50:00,143,93,48,2,52.7,5.87,10,4,False,오전(6-11),혼잡,1.4
2017-04-28 10:55:00,103,70,31,2,52.4,5.09,10,4,False,오전(6-11),원활,1.94
2017-04-28 11:00:00,162,101,58,3,45.9,10.47,11,4,False,오전(6-11),혼잡,1.85
2017-04-28 11:05:00,113,81,32,0,51.1,5.72,11,4,False,오전(6-11),혼잡,0.0
2017-04-28 11:10:00,141,86,53,2,47.7,6.21,11,4,False,오전(6-11),혼잡,1.42
2017-04-28 11:15:00,145,96,48,1,48.7,6.18,11,4,False,오전(6-11),혼잡,0.69
2017-04-28 11:20:00,135,86,47,2,50.8,6.16,11,4,False,오전(6-11),혼잡,1.48
2017-04-28 11:25:00,161,118,42,1,49.4,6.87,11,4,False,오전(6-11),혼잡,0.62
2017-04-28 11:30:00,127,83,41,3,44.8,8.45,11,4,False,오전(6-11),혼잡,2.36
2017-04-28 11:35:00,185,125,59,1,48.6,8.78,11,4,False,오전(6-11),혼잡,0.54
2017-04-28 11:40:00,152,112,36,4,46.4,10.73,11,4,False,오전(6-11),혼잡,2.63
2017-04-28 11:45:00,165,105,56,4,45.5,10.31,11,4,False,오전(6-11),혼잡,2.42
2017-04-28 11:50:00,172,116,55,1,42.0,16.69,11,4,False,오전(6-11),혼잡,0.58
2017-04-28 11:55:00,158,108,47,3,45.0,9.78,11,4,False,오전(6-11),혼잡,1.9
2017-04-28 12:00:00,169,120,45,4,47.3,10.57,12,4,False,오후(12-17),혼잡,2.37
2017-04-28 12:05:00,173,112,59,2,50.0,9.07,12,4,False,오후(12-17),혼잡,1.16
2017-04-28 12:10:00,145,104,40,1,48.1,8.51,12,4,False,오후(12-17),혼잡,0.69
2017-04-28 12:15:00,112,75,36,1,48.4,5.56,12,4,False,오후(12-17),혼잡,0.89
2017-04-28 12:20:00,141,93,46,2,47.9,5.99,12,4,False,오후(12-17),혼잡,1.42
2017-04-28 12:25:00,137,96,41,0,49.7,5.52,12,4,False,오후(12-17),원활,0.0
2017-04-28 12:30:00,142,96,46,0,48.1,7.04,12,4,False,오후(12-17),혼잡,0.0
2017-04-28 12:35:00,125,86,36,3,49.2,4.66,12,4,False,오후(12-17),원활,2.4
2017-04-28 12:40:00,174,116,57,1,49.0,7.3,12,4,False,오후(12-17),혼잡,0.57
2017-04-28 12:45:00,130,90,39,1,48.2,6.3,12,4,False,오후(12-17),혼잡,0.77
2017-04-28 12:50:00,135,94,41,0,50.6,5.32,12,4,False,오후(12-17),원활,0.0
2017-04-28 12:55:00,170,109,58,3,51.1,6.65,12,4,False,오후(12-17),혼잡,1.76
2017-04-28 13:00:00,105,69,35,1,49.7,4.81,13,4,False,오후(12-17),원활,0.95
2017-04-28 13:05:00,180,130,49,1,47.3,6.94,13,4,False,오후(12-17),혼잡,0.56
2017-04-28 13:10:00,150,108,41,1,51.6,6.55,13,4,False,오후(12-17),혼잡,0.67
2017-04-28 13:15:00,159,103,53,3,47.8,6.96,13,4,False,오후(12-17),혼잡,1.89
2017-04-28 13:20:00,155,101,52,2,47.4,6.88,13,4,False,오후(12-17),혼잡,1.29
2017-04-28 13:25:00,154,111,42,1,43.2,8.09,13,4,False,오후(12-17),혼잡,0.65
2017-04-28 13:30:00,184,132,52,0,45.3,7.49,13,4,False,오후(12-17),혼잡,0.0
2017-04-28 13:35:00,94,66,27,1,43.8,4.93,13,4,False,오후(12-17),원활,1.06
2017-04-28 13:40:00,201,135,65,1,46.3,8.27,13,4,False,오후(12-17),혼잡,0.5
2017-04-28 13:45:00,163,113,49,1,51.6,6.83,13,4,False,오후(12-17),혼잡,0.61
2017-04-28 13:50:00,159,118,40,1,47.8,7.09,13,4,False,오후(12-17),혼잡,0.63
2017-04-28 13:55:00,175,127,48,0,48.7,6.54,13,4,False,오후(12-17),혼잡,0.0
2017-04-28 14:00:00,167,123,44,0,46.0,8.11,14,4,False,오후(12-17),혼잡,0.0
2017-04-28 14:05:00,171,118,52,1,46.4,6.61,14,4,False,오후(12-17),혼잡,0.58
2017-04-28 14:10:00,126,91,34,1,47.8,5.83,14,4,False,오후(12-17),혼잡,0.79
2017-04-28 14:15:00,145,110,33,2,45.7,6.87,14,4,False,오후(12-17),혼잡,1.38
2017-04-28 14:20:00,181,133,46,2,45.4,7.74,14,4,False,오후(12-17),혼잡,1.1
2017-04-28 14:25:00,135,93,42,0,47.3,6.56,14,4,False,오후(12-17),혼잡,0.0
2017-04-28 14:30:00,187,134,53,0,47.8,7.08,14,4,False,오후(12-17),혼잡,0.0
2017-04-28 14:35:00,181,115,63,3,45.7,8.85,14,4,False,오후(12-17),혼잡,1.66
2017-04-28 14:40:00,189,129,60,0,47.0,7.21,14,4,False,오후(12-17),혼잡,0.0
2017-04-28 14:45:00,165,110,52,3,46.3,8.43,14,4,False,오후(12-17),혼잡,1.82
2017-04-28 14:50:00,132,94,38,0,46.7,5.72,14,4,False,오후(12-17),혼잡,0.0
2017-04-28 14:55:00,216,144,70,2,42.4,10.57,14,4,False,오후(12-17),혼잡,0.93
2017-04-28 15:00:00,135,97,34,4,43.1,7.48,15,4,False,오후(12-17),혼잡,2.96
2017-04-28 15:05:00,168,119,46,3,46.3,6.58,15,4,False,오후(12-17),혼잡,1.79
2017-04-28 15:10:00,180,130,49,1,46.0,8.5,15,4,False,오후(12-17),혼잡,0.56
2017-04-28 15:15:00,168,117,50,1,44.3,6.88,15,4,False,오후(12-17),혼잡,0.6
2017-04-28 15:20:00,159,112,46,1,48.4,7.16,15,4,False,오후(12-17),혼잡,0.63
2017-04-28 15:25:00,143,104,39,0,49.3,5.63,15,4,False,오후(12-17),혼잡,0.0
2017-04-28 15:30:00,129,93,34,2,49.6,5.9,15,4,False,오후(12-17),혼잡,1.55
2017-04-28 15:35:00,149,107,40,2,48.7,6.14,15,4,False,오후(12-17),혼잡,1.34
2017-04-28 15:40:00,169,108,59,2,46.8,6.38,15,4,False,오후(12-17),혼잡,1.18
2017-04-28 15:45:00,151,107,43,1,48.3,7.04,15,4,False,오후(12-17),혼잡,0.66
2017-04-28 15:50:00,164,127,36,1,45.4,6.11,15,4,False,오후(12-17),혼잡,0.61
2017-04-28 15:55:00,183,139,43,1,47.5,7.62,15,4,False,오후(12-17),혼잡,0.55
2017-04-28 16:00:00,197,140,56,1,45.1,9.46,16,4,False,오후(12-17),혼잡,0.51
2017-04-28 16:05:00,175,133,41,1,46.1,7.28,16,4,False,오후(12-17),혼잡,0.57
2017-04-28 16:10:00,135,92,43,0,43.3,6.82,16,4,False,오후(12-17),혼잡,0.0
2017-04-28 16:15:00,231,164,64,3,43.0,10.35,16,4,False,오후(12-17),혼잡,1.3
2017-04-28 16:20:00,154,115,39,0,45.2,7.16,16,4,False,오후(12-17),혼잡,0.0
2017-04-28 16:25:00,150,110,39,1,49.8,6.87,16,4,False,오후(12-17),혼잡,0.67
2017-04-28 16:30:00,167,128,38,1,46.6,6.22,16,4,False,오후(12-17),혼잡,0.6
2017-04-28 16:35:00,161,112,46,3,47.9,7.93,16,4,False,오후(12-17),혼잡,1.86
2017-04-28 16:40:00,170,127,42,1,45.3,6.55,16,4,False,오후(12-17),혼잡,0.59
2017-04-28 16:45:00,132,86,43,3,48.9,6.05,16,4,False,오후(12-17),혼잡,2.27
2017-04-28 16:50:00,163,120,43,0,50.3,6.02,16,4,False,오후(12-17),혼잡,0.0
2017-04-28 16:55:00,143,109,34,0,48.0,6.04,16,4,False,오후(12-17),혼잡,0.0
2017-04-28 17:00:00,127,85,42,0,51.2,5.6,17,4,False,오후(12-17),혼잡,0.0
2017-04-28 17:05:00,195,133,59,3,44.9,7.75,17,4,False,오후(12-17),혼잡,1.54
2017-04-28 17:10:00,119,75,44,0,43.4,6.06,17,4,False,오후(12-17),혼잡,0.0
2017-04-28 17:15:00,185,136,46,3,44.7,7.76,17,4,False,오후(12-17),혼잡,1.62
2017-04-28 17:20:00,168,115,53,0,48.5,7.95,17,4,False,오후(12-17),혼잡,0.0
2017-04-28 17:25:00,163,134,29,0,46.7,6.64,17,4,False,오후(12-17),혼잡,0.0
2017-04-28 17:30:00,168,120,47,1,47.0,6.76,17,4,False,오후(12-17),혼잡,0.6
2017-04-28 17:35:00,127,91,32,4,47.0,5.88,17,4,False,오후(12-17),혼잡,3.15
2017-04-28 17:40:00,196,136,57,3,44.3,8.03,17,4,False,오후(12-17),혼잡,1.53
2017-04-28 17:45:00,142,108,34,0,51.0,6.26,17,4,False,오후(12-17),혼잡,0.0
2017-04-28 17:50:00,203,149,53,1,39.9,9.04,17,4,False,오후(12-17),혼잡,0.49
2017-04-28 17:55:00,151,122,29,0,40.0,7.52,17,4,False,오후(12-17),혼잡,0.0
2017-04-28 18:00:00,194,147,44,3,39.5,10.56,18,4,False,저녁(18-23),혼잡,1.55
2017-04-28 18:05:00,227,171,53,3,41.7,9.5,18,4,False,저녁(18-23),혼잡,1.32
2017-04-28 18:10:00,197,151,45,1,31.3,28.61,18,4,False,저녁(18-23),혼잡,0.51
2017-04-28 18:15:00,161,124,34,3,29.4,25.71,18,4,False,저녁(18-23),혼잡,1.86
2017-04-28 18:20:00,235,167,63,5,25.5,31.77,18,4,False,저녁(18-23),혼잡,2.13
2017-04-28 18:25:00,225,182,37,6,26.4,42.53,18,4,False,저녁(18-23),혼잡,2.67
2017-04-28 18:30:00,169,128,35,6,28.6,46.16,18,4,False,저녁(18-23),혼잡,3.55
2017-04-28 18:35:00,188,143,36,9,28.0,23.77,18,4,False,저녁(18-23),혼잡,4.79
2017-04-28 18:40:00,219,162,49,8,34.2,21.32,18,4,False,저녁(18-23),혼잡,3.65
2017-04-28 18:45:00,195,148,43,4,42.3,9.33,18,4,False,저녁(18-23),혼잡,2.05
2017-04-28 18:50:00,182,130,49,3,35.3,17.13,18,4,False,저녁(18-23),혼잡,1.65
2017-04-28 18:55:00,167,112,53,2,40.5,7.64,18,4,False,저녁(18-23),혼잡,1.2
2017-04-28 19:00:00,145,101,41,3,39.5,7.96,19,4,False,저녁(18-23),혼잡,2.07
2017-04-28 19:05:00,145,108,37,0,47.8,6.7,19,4,False,저녁(18-23),혼잡,0.0
2017-04-28 19:10:00,212,138,70,4,45.3,8.06,19,4,False,저녁(18-23),혼잡,1.89
2017-04-28 19:15:00,159,111,46,2,42.3,7.4,19,4,False,저녁(18-23),혼잡,1.26
2017-04-28 19:20:00,91,66,24,1,45.4,4.43,19,4,False,저녁(18-23),원활,1.1
2017-04-28 19:25:00,146,112,30,4,45.2,6.15,19,4,False,저녁(18-23),혼잡,2.74
2017-04-28 19:30:00,178,147,29,2,42.5,8.7,19,4,False,저녁(18-23),혼잡,1.12
2017-04-28 19:35:00,109,87,22,0,44.9,6.39,19,4,False,저녁(18-23),혼잡,0.0
2017-04-28 19:40:00,133,107,26,0,41.5,6.71,19,4,False,저녁(18-23),혼잡,0.0
2017-04-28 19:45:00,131,95,35,1,46.1,6.17,19,4,False,저녁(18-23),혼잡,0.76
2017-04-28 19:50:00,157,123,33,1,41.3,10.11,19,4,False,저녁(18-23),혼잡,0.64
2017-04-28 19:55:00,106,89,17,0,44.8,5.63,19,4,False,저녁(18-23),혼잡,0.0
2017-04-28 20:00:00,149,118,30,1,42.5,6.65,20,4,False,저녁(18-23),혼잡,0.67
2017-04-28 20:05:00,104,86,18,0,48.5,5.57,20,4,False,저녁(18-23),혼잡,0.0
2017-04-28 20:10:00,135,104,31,0,45.3,6.84,20,4,False,저녁(18-23),혼잡,0.0
2017-04-28 20:15:00,134,103,31,0,42.9,6.09,20,4,False,저녁(18-23),혼잡,0.0
2017-04-28 20:20:00,121,91,29,1,47.0,5.91,20,4,False,저녁(18-23),혼잡,0.83
2017-04-28 20:25:00,95,75,20,0,45.7,4.69,20,4,False,저녁(18-23),원활,0.0
2017-04-28 20:30:00,132,105,27,0,46.5,5.53,20,4,False,저녁(18-23),원활,0.0
2017-04-28 20:35:00,136,100,35,1,42.4,7.6,20,4,False,저녁(18-23),혼잡,0.74
2017-04-28 20:40:00,89,72,17,0,44.8,4.11,20,4,False,저녁(18-23),원활,0.0
2017-04-28 20:45:00,104,78,25,1,45.5,5.88,20,4,False,저녁(18-23),혼잡,0.96
2017-04-28 20:50:00,125,107,18,0,47.3,5.15,20,4,False,저녁(18-23),원활,0.0
2017-04-28 20:55:00,124,104,20,0,43.6,6.51,20,4,False,저녁(18-23),혼잡,0.0
2017-04-28 21:00:00,131,102,26,3,42.6,5.9,21,4,False,저녁(18-23),혼잡,2.29
2017-04-28 21:05:00,120,104,14,2,39.8,6.76,21,4,False,저녁(18-23),혼잡,1.67
2017-04-28 21:10:00,94,72,21,1,43.6,5.53,21,4,False,저녁(18-23),원활,1.06
2017-04-28 21:15:00,131,105,26,0,42.2,7.49,21,4,False,저녁(18-23),혼잡,0.0
2017-04-28 21:20:00,126,106,20,0,46.6,6.09,21,4,False,저녁(18-23),혼잡,0.0
2017-04-28 21:25:00,108,90,18,0,44.4,6.4,21,4,False,저녁(18-23),혼잡,0.0
2017-04-28 21:30:00,85,61,24,0,46.9,3.91,21,4,False,저녁(18-23),원활,0.0
2017-04-28 21:35:00,110,86,24,0,43.2,5.91,21,4,False,저녁(18-23),혼잡,0.0
2017-04-28 21:40:00,96,80,16,0,44.9,5.51,21,4,False,저녁(18-23),원활,0.0
2017-04-28 21:45:00,64,50,14,0,46.7,3.84,21,4,False,저녁(18-23),원활,0.0
2017-04-28 21:50:00,92,70,21,1,46.3,4.03,21,4,False,저녁(18-23),원활,1.09
2017-04-28 21:55:00,106,81,25,0,44.2,5.05,21,4,False,저녁(18-23),원활,0.0
2017-04-28 22:00:00,101,80,21,0,44.9,5.62,22,4,False,저녁(18-23),혼잡,0.0
2017-04-28 22:05:00,108,87,20,1,44.5,5.08,22,4,False,저녁(18-23),원활,0.93
2017-04-28 22:10:00,104,78,26,0,47.6,4.83,22,4,False,저녁(18-23),원활,0.0
2017-04-28 22:15:00,89,77,12,0,44.6,4.95,22,4,False,저녁(18-23),원활,0.0
2017-04-28 22:20:00,84,65,19,0,45.8,4.06,22,4,False,저녁(18-23),원활,0.0
2017-04-28 22:25:00,102,84,18,0,45.5,11.9,22,4,False,저녁(18-23),혼잡,0.0
2017-04-28 22:30:00,78,62,16,0,48.5,4.28,22,4,False,저녁(18-23),원활,0.0
2017-04-28 22:35:00,82,64,16,2,47.6,3.87,22,4,False,저녁(18-23),원활,2.44
2017-04-28 22:40:00,98,73,24,1,47.3,4.31,22,4,False,저녁(18-23),원활,1.02
2017-04-28 22:45:00,94,73,20,1,46.0,4.52,22,4,False,저녁(18-23),원활,1.06
2017-04-28 22:50:00,74,60,14,0,54.0,3.6,22,4,False,저녁(18-23),원활,0.0
2017-04-28 22:55:00,92,70,20,2,49.1,4.08,22,4,False,저녁(18-23),원활,2.17
2017-04-28 23:00:00,62,48,14,0,48.8,3.27,23,4,False,저녁(18-23),원활,0.0
2017-04-28 23:05:00,51,39,12,0,53.8,2.59,23,4,False,저녁(18-23),원활,0.0
2017-04-28 23:10:00,82,59,23,0,50.9,3.34,23,4,False,저녁(18-23),원활,0.0
2017-04-28 23:15:00,73,53,18,2,50.6,3.4,23,4,False,저녁(18-23),원활,2.74
2017-04-28 23:20:00,63,47,16,0,49.2,3.46,23,4,False,저녁(18-23),원활,0.0
2017-04-28 23:25:00,70,52,18,0,53.1,2.95,23,4,False,저녁(18-23),원활,0.0
2017-04-28 23:30:00,60,45,15,0,49.9,3.1,23,4,False,저녁(18-23),원활,0.0
2017-04-28 23:35:00,46,39,7,0,51.7,2.09,23,4,False,저녁(18-23),원활,0.0
2017-04-28 23:40:00,55,38,17,0,58.1,2.29,23,4,False,저녁(18-23),원활,0.0
2017-04-28 23:45:00,81,69,12,0,56.6,3.0,23,4,False,저녁(18-23),원활,0.0
2017-04-28 23:50:00,45,32,13,0,56.5,1.69,23,4,False,저녁(18-23),원활,0.0
2017-04-28 23:55:00,53,43,10,0,51.9,2.46,23,4,False,저녁(18-23),원활,0.0
2017-04-29 00:00:00,51,42,9,0,62.3,1.87,0,5,True,새벽(0-5),원활,0.0
2017-04-29 00:05:00,54,40,14,0,60.1,2.08,0,5,True,새벽(0-5),원활,0.0
2017-04-29 00:10:00,42,28,13,1,57.8,2.08,0,5,True,새벽(0-5),원활,2.38
2017-04-29 00:15:00,54,33,20,1,51.6,2.33,0,5,True,새벽(0-5),원활,1.85
2017-04-29 00:20:00,44,36,8,0,57.5,1.7,0,5,True,새벽(0-5),원활,0.0
2017-04-29 00:25:00,52,35,16,1,58.8,2.14,0,5,True,새벽(0-5),원활,1.92
2017-04-29 00:30:00,46,32,14,0,57.9,2.03,0,5,True,새벽(0-5),원활,0.0
2017-04-29 00:35:00,52,37,15,0,57.7,2.08,0,5,True,새벽(0-5),원활,0.0
2017-04-29 00:40:00,35,27,7,1,51.5,1.52,0,5,True,새벽(0-5),원활,2.86
2017-04-29 00:45:00,36,25,11,0,52.9,1.63,0,5,True,새벽(0-5),원활,0.0
2017-04-29 00:50:00,33,24,8,1,57.3,1.35,0,5,True,새벽(0-5),원활,3.03
2017-04-29 00:55:00,30,22,7,1,56.9,1.36,0,5,True,새벽(0-5),원활,3.33
2017-04-29 01:00:00,29,17,12,0,56.4,1.24,1,5,True,새벽(0-5),원활,0.0
2017-04-29 01:05:00,39,26,13,0,64.6,1.6,1,5,True,새벽(0-5),원활,0.0
2017-04-29 01:10:00,32,23,9,0,58.3,1.28,1,5,True,새벽(0-5),원활,0.0
2017-04-29 01:15:00,35,19,16,0,60.3,4.71,1,5,True,새벽(0-5),원활,0.0
2017-04-29 01:20:00,29,19,9,1,56.6,1.22,1,5,True,새벽(0-5),원활,3.45
2017-04-29 01:25:00,32,21,11,0,61.4,1.21,1,5,True,새벽(0-5),원활,0.0
2017-04-29 01:30:00,21,14,7,0,57.2,0.82,1,5,True,새벽(0-5),원활,0.0
2017-04-29 01:35:00,15,12,3,0,59.1,0.55,1,5,True,새벽(0-5),원활,0.0
2017-04-29 01:40:00,30,21,9,0,64.7,1.17,1,5,True,새벽(0-5),원활,0.0
2017-04-29 01:45:00,29,21,8,0,58.6,1.23,1,5,True,새벽(0-5),원활,0.0
2017-04-29 01:50:00,27,19,8,0,58.3,1.11,1,5,True,새벽(0-5),원활,0.0
2017-04-29 01:55:00,20,13,7,0,64.5,0.74,1,5,True,새벽(0-5),원활,0.0
2017-04-29 02:00:00,23,13,10,0,72.9,0.86,2,5,True,새벽(0-5),원활,0.0
2017-04-29 02:05:00,34,21,12,1,62.1,1.38,2,5,True,새벽(0-5),원활,2.94
2017-04-29 02:10:00,30,20,10,0,58.4,1.23,2,5,True,새벽(0-5),원활,0.0
2017-04-29 02:15:00,22,17,5,0,56.8,0.85,2,5,True,새벽(0-5),원활,0.0
2017-04-29 02:20:00,15,11,4,0,65.6,0.57,2,5,True,새벽(0-5),원활,0.0
2017-04-29 02:25:00,23,16,7,0,60.2,0.92,2,5,True,새벽(0-5),원활,0.0
2017-04-29 02:30:00,26,15,11,0,62.8,0.95,2,5,True,새벽(0-5),원활,0.0
2017-04-29 02:35:00,26,16,9,1,65.2,1.04,2,5,True,새벽(0-5),원활,3.85
2017-04-29 02:40:00,20,15,5,0,63.6,0.74,2,5,True,새벽(0-5),원활,0.0
2017-04-29 02:45:00,29,21,8,0,60.4,0.97,2,5,True,새벽(0-5),원활,0.0
2017-04-29 02:50:00,21,14,6,1,55.1,0.87,2,5,True,새벽(0-5),원활,4.76
2017-04-29 02:55:00,21,15,6,0,62.1,0.84,2,5,True,새벽(0-5),원활,0.0
2017-04-29 03:00:00,17,14,3,0,61.3,0.7,3,5,True,새벽(0-5),원활,0.0
2017-04-29 03:05:00,25,19,5,1,68.7,0.88,3,5,True,새벽(0-5),원활,4.0
2017-04-29 03:10:00,26,20,6,0,62.7,1.11,3,5,True,새벽(0-5),원활,0.0
2017-04-29 03:15:00,27,10,17,0,59.8,1.12,3,5,True,새벽(0-5),원활,0.0
2017-04-29 03:20:00,25,13,12,0,61.4,1.06,3,5,True,새벽(0-5),원활,0.0
2017-04-29 03:25:00,16,11,5,0,58.3,3.18,3,5,True,새벽(0-5),원활,0.0
2017-04-29 03:30:00,24,16,8,0,75.8,0.95,3,5,True,새벽(0-5),원활,0.0
2017-04-29 03:35:00,18,8,10,0,63.2,0.78,3,5,True,새벽(0-5),원활,0.0
2017-04-29 03:40:00,25,14,11,0,67.4,1.12,3,5,True,새벽(0-5),원활,0.0
2017-04-29 03:45:00,18,12,6,0,64.3,0.71,3,5,True,새벽(0-5),원활,0.0
2017-04-29 03:50:00,23,14,9,0,63.2,0.91,3,5,True,새벽(0-5),원활,0.0
2017-04-29 03:55:00,22,15,7,0,56.1,1.02,3,5,True,새벽(0-5),원활,0.0
2017-04-29 04:00:00,26,19,7,0,55.8,1.0,4,5,True,새벽(0-5),원활,0.0
2017-04-29 04:05:00,27,22,5,0,65.1,1.04,4,5,True,새벽(0-5),원활,0.0
2017-04-29 04:10:00,29,20,8,1,64.9,1.02,4,5,True,새벽(0-5),원활,3.45
2017-04-29 04:15:00,19,16,3,0,54.1,0.86,4,5,True,새벽(0-5),원활,0.0
2017-04-29 04:20:00,16,11,5,0,63.4,0.74,4,5,True,새벽(0-5),원활,0.0
2017-04-29 04:25:00,33,23,10,0,66.0,1.45,4,5,True,새벽(0-5),원활,0.0
2017-04-29 04:30:00,18,14,4,0,70.1,0.68,4,5,True,새벽(0-5),원활,0.0
2017-04-29 04:35:00,33,24,9,0,57.6,1.3,4,5,True,새벽(0-5),원활,0.0
2017-04-29 04:40:00,27,20,6,1,57.3,1.01,4,5,True,새벽(0-5),원활,3.7
2017-04-29 04:45:00,29,15,14,0,64.3,1.26,4,5,True,새벽(0-5),원활,0.0
2017-04-29 04:50:00,28,19,9,0,58.7,1.22,4,5,True,새벽(0-5),원활,0.0
2017-04-29 04:55:00,24,16,8,0,62.4,0.89,4,5,True,새벽(0-5),원활,0.0
2017-04-29 05:00:00,29,23,6,0,52.8,1.32,5,5,True,새벽(0-5),원활,0.0
2017-04-29 05:05:00,31,20,11,0,71.9,1.15,5,5,True,새벽(0-5),원활,0.0
2017-04-29 05:10:00,24,15,8,1,63.4,1.0,5,5,True,새벽(0-5),원활,4.17
2017-04-29 05:15:00,35,22,13,0,55.4,1.53,5,5,True,새벽(0-5),원활,0.0
2017-04-29 05:20:00,30,20,10,0,53.5,1.28,5,5,True,새벽(0-5),원활,0.0
2017-04-29 05:25:00,53,30,21,2,55.2,2.22,5,5,True,새벽(0-5),원활,3.77
2017-04-29 05:30:00,46,32,14,0,68.6,1.7,5,5,True,새벽(0-5),원활,0.0
2017-04-29 05:35:00,34,25,9,0,59.9,1.24,5,5,True,새벽(0-5),원활,0.0
2017-04-29 05:40:00,28,23,4,1,66.6,0.85,5,5,True,새벽(0-5),원활,3.57
2017-04-29 05:45:00,39,28,11,0,73.7,1.18,5,5,True,새벽(0-5),원활,0.0
2017-04-29 05:50:00,57,41,16,0,64.0,1.92,5,5,True,새벽(0-5),원활,0.0
2017-04-29 05:55:00,62,38,24,0,55.0,2.42,5,5,True,새벽(0-5),원활,0.0
2017-04-29 06:00:00,69,47,22,0,52.8,3.35,6,5,True,오전(6-11),원활,0.0
2017-04-29 06:05:00,71,46,23,2,52.2,3.04,6,5,True,오전(6-11),원활,2.82
2017-04-29 06:10:00,71,46,23,2,60.7,2.76,6,5,True,오전(6-11),원활,2.82
2017-04-29 06:15:00,74,52,21,1,47.9,3.09,6,5,True,오전(6-11),원활,1.35
2017-04-29 06:20:00,81,59,21,1,58.4,2.88,6,5,True,오전(6-11),원활,1.23
2017-04-29 06:25:00,105,67,38,0,52.7,4.58,6,5,True,오전(6-11),원활,0.0
2017-04-29 06:30:00,102,72,30,0,56.9,3.88,6,5,True,오전(6-11),원활,0.0
2017-04-29 06:35:00,96,63,32,1,53.5,4.1,6,5,True,오전(6-11),원활,1.04
2017-04-29 06:40:00,104,83,21,0,54.7,3.99,6,5,True,오전(6-11),원활,0.0
2017-04-29 06:45:00,106,64,41,1,46.1,5.23,6,5,True,오전(6-11),원활,0.94
2017-04-29 06:50:00,98,62,35,1,45.8,5.13,6,5,True,오전(6-11),원활,1.02
2017-04-29 06:55:00,100,64,34,2,47.1,5.84,6,5,True,오전(6-11),혼잡,2.0
2017-04-29 07:00:00,105,71,32,2,50.4,4.38,7,5,True,오전(6-11),원활,1.9
2017-04-29 07:05:00,116,81,32,3,52.1,5.72,7,5,True,오전(6-11),혼잡,2.59
2017-04-29 07:10:00,126,93,31,2,49.3,5.32,7,5,True,오전(6-11),원활,1.59
2017-04-29 07:15:00,115,84,30,1,49.4,6.16,7,5,True,오전(6-11),혼잡,0.87
2017-04-29 07:20:00,116,82,34,0,43.3,6.76,7,5,True,오전(6-11),혼잡,0.0
2017-04-29 07:25:00,108,71,34,3,47.5,5.23,7,5,True,오전(6-11),원활,2.78
2017-04-29 07:30:00,122,86,36,0,50.4,4.46,7,5,True,오전(6-11),원활,0.0
2017-04-29 07:35:00,168,118,46,4,47.3,10.53,7,5,True,오전(6-11),혼잡,2.38
2017-04-29 07:40:00,144,100,42,2,47.2,9.28,7,5,True,오전(6-11),혼잡,1.39
2017-04-29 07:45:00,120,90,27,3,44.1,5.66,7,5,True,오전(6-11),혼잡,2.5
2017-04-29 07:50:00,159,121,35,3,48.1,7.45,7,5,True,오전(6-11),혼잡,1.89
2017-04-29 07:55:00,123,94,28,1,48.4,4.88,7,5,True,오전(6-11),원활,0.81
2017-04-29 08:00:00,114,83,30,1,49.3,5.05,8,5,True,오전(6-11),원활,0.88
2017-04-29 08:05:00,89,64,23,2,44.5,4.73,8,5,True,오전(6-11),원활,2.25
2017-04-29 08:10:00,117,87,30,0,55.8,4.79,8,5,True,오전(6-11),원활,0.0
2017-04-29 08:15:00,134,94,40,0,52.8,5.32,8,5,True,오전(6-11),원활,0.0
2017-04-29 08:20:00,123,106,16,1,37.7,6.43,8,5,True,오전(6-11),혼잡,0.81
2017-04-29 08:25:00,113,85,26,2,29.1,9.86,8,5,True,오전(6-11),혼잡,1.77
2017-04-29 08:30:00,134,100,30,4,18.1,29.97,8,5,True,오전(6-11),혼잡,2.99
2017-04-29 08:35:00,135,103,27,5,15.0,52.84,8,5,True,오전(6-11),혼잡,3.7
2017-04-29 08:40:00,126,91,29,6,11.2,58.67,8,5,True,오전(6-11),혼잡,4.76
2017-04-29 08:45:00,142,95,34,13,13.4,53.78,8,5,True,오전(6-11),혼잡,9.15
2017-04-29 08:50:00,175,140,33,2,19.7,23.9,8,5,True,오전(6-11),혼잡,1.14
2017-04-29 08:55:00,118,84,33,1,19.1,32.62,8,5,True,오전(6-11),혼잡,0.85
2017-04-29 09:00:00,104,70,31,3,16.6,41.69,9,5,True,오전(6-11),혼잡,2.88
2017-04-29 09:05:00,152,106,41,5,20.2,22.75,9,5,True,오전(6-11),혼잡,3.29
2017-04-29 09:10:00,119,98,21,0,28.6,7.34,9,5,True,오전(6-11),혼잡,0.0
2017-04-29 09:15:00,144,95,43,6,34.4,14.64,9,5,True,오전(6-11),혼잡,4.17
2017-04-29 09:20:00,157,121,35,1,47.1,7.73,9,5,True,오전(6-11),혼잡,0.64
2017-04-29 09:25:00,130,97,32,1,47.7,8.01,9,5,True,오전(6-11),혼잡,0.77
2017-04-29 09:30:00,105,74,31,0,51.8,5.18,9,5,True,오전(6-11),원활,0.0
2017-04-29 09:35:00,141,97,44,0,47.1,8.04,9,5,True,오전(6-11),혼잡,0.0
2017-04-29 09:40:00,115,80,34,1,50.2,5.75,9,5,True,오전(6-11),혼잡,0.87
2017-04-29 09:45:00,134,88,44,2,47.7,5.92,9,5,True,오전(6-11),혼잡,1.49
2017-04-29 09:50:00,142,96,46,0,45.8,6.45,9,5,True,오전(6-11),혼잡,0.0
2017-04-29 09:55:00,139,99,37,3,47.8,6.74,9,5,True,오전(6-11),혼잡,2.16
2017-04-29 10:00:00,125,74,50,1,52.4,5.67,10,5,True,오전(6-11),혼잡,0.8
2017-04-29 10:05:00,151,105,45,1,44.3,8.26,10,5,True,오전(6-11),혼잡,0.66
2017-04-29 10:10:00,113,69,43,1,50.6,5.23,10,5,True,오전(6-11),원활,0.88
2017-04-29 10:15:00,133,95,35,3,43.7,7.31,10,5,True,오전(6-11),혼잡,2.26
2017-04-29 10:20:00,100,77,21,2,48.6,7.9,10,5,True,오전(6-11),혼잡,2.0
2017-04-29 10:25:00,130,87,41,2,49.5,7.43,10,5,True,오전(6-11),혼잡,1.54
2017-04-29 10:30:00,129,85,39,5,47.9,8.09,10,5,True,오전(6-11),혼잡,3.88
2017-04-29 10:35:00,149,90,52,7,43.2,10.35,10,5,True,오전(6-11),혼잡,4.7
2017-04-29 10:40:00,152,106,44,2,51.9,6.61,10,5,True,오전(6-11),혼잡,1.32
2017-04-29 10:45:00,151,108,42,1,45.5,7.63,10,5,True,오전(6-11),혼잡,0.66
2017-04-29 10:50:00,121,89,32,0,48.9,7.89,10,5,True,오전(6-11),혼잡,0.0
2017-04-29 10:55:00,140,107,32,1,45.4,7.18,10,5,True,오전(6-11),혼잡,0.71
2017-04-29 11:00:00,123,86,35,2,46.2,5.33,11,5,True,오전(6-11),원활,1.63
2017-04-29 11:05:00,125,89,34,2,48.9,7.19,11,5,True,오전(6-11),혼잡,1.6
2017-04-29 11:10:00,158,113,43,2,47.9,7.11,11,5,True,오전(6-11),혼잡,1.27
2017-04-29 11:15:00,161,121,40,0,46.6,7.27,11,5,True,오전(6-11),혼잡,0.0
2017-04-29 11:20:00,187,136,49,2,43.5,8.54,11,5,True,오전(6-11),혼잡,1.07
2017-04-29 11:25:00,179,134,44,1,41.3,10.23,11,5,True,오전(6-11),혼잡,0.56
2017-04-29 11:30:00,147,96,50,1,41.9,7.19,11,5,True,오전(6-11),혼잡,0.68
2017-04-29 11:35:00,133,101,28,4,45.2,10.04,11,5,True,오전(6-11),혼잡,3.01
2017-04-29 11:40:00,196,147,45,4,39.3,16.26,11,5,True,오전(6-11),혼잡,2.04
2017-04-29 11:45:00,181,131,47,3,34.5,18.92,11,5,True,오전(6-11),혼잡,1.66
2017-04-29 11:50:00,154,100,49,5,32.8,25.05,11,5,True,오전(6-11),혼잡,3.25
2017-04-29 11:55:00,141,92,44,5,26.2,35.39,11,5,True,오전(6-11),혼잡,3.55
2017-04-29 12:00:00,171,122,46,3,29.9,35.98,12,5,True,오후(12-17),혼잡,1.75
2017-04-29 12:05:00,187,143,42,2,25.2,39.17,12,5,True,오후(12-17),혼잡,1.07
2017-04-29 12:10:00,139,95,40,4,27.9,28.09,12,5,True,오후(12-17),혼잡,2.88
2017-04-29 12:15:00,140,91,44,5,48.2,7.66,12,5,True,오후(12-17),혼잡,3.57
2017-04-29 12:20:00,176,129,47,0,43.3,7.71,12,5,True,오후(12-17),혼잡,0.0
2017-04-29 12:25:00,150,97,52,1,48.2,6.06,12,5,True,오후(12-17),혼잡,0.67
2017-04-29 12:30:00,149,101,46,2,48.1,5.96,12,5,True,오후(12-17),혼잡,1.34
2017-04-29 12:35:00,138,87,49,2,45.0,6.4,12,5,True,오후(12-17),혼잡,1.45
2017-04-29 12:40:00,160,116,44,0,44.1,6.56,12,5,True,오후(12-17),혼잡,0.0
2017-04-29 12:45:00,199,145,52,2,44.8,8.81,12,5,True,오후(12-17),혼잡,1.01
2017-04-29 12:50:00,168,120,46,2,45.8,7.25,12,5,True,오후(12-17),혼잡,1.19
2017-04-29 12:55:00,155,110,45,0,43.2,7.11,12,5,True,오후(12-17),혼잡,0.0
2017-04-29 13:00:00,149,112,35,2,42.3,7.61,13,5,True,오후(12-17),혼잡,1.34
2017-04-29 13:05:00,168,129,38,1,45.4,7.51,13,5,True,오후(12-17),혼잡,0.6
2017-04-29 13:10:00,179,128,50,1,44.1,7.71,13,5,True,오후(12-17),혼잡,0.56
2017-04-29 13:15:00,151,113,36,2,46.3,6.9,13,5,True,오후(12-17),혼잡,1.32
2017-04-29 13:20:00,140,97,43,0,44.7,6.08,13,5,True,오후(12-17),혼잡,0.0
2017-04-29 13:25:00,175,133,41,1,47.0,7.32,13,5,True,오후(12-17),혼잡,0.57
2017-04-29 13:30:00,179,119,58,2,45.9,7.7,13,5,True,오후(12-17),혼잡,1.12
2017-04-29 13:35:00,157,116,40,1,42.9,7.01,13,5,True,오후(12-17),혼잡,0.64
2017-04-29 13:40:00,137,95,42,0,44.4,6.22,13,5,True,오후(12-17),혼잡,0.0
2017-04-29 13:45:00,182,128,54,0,43.3,9.46,13,5,True,오후(12-17),혼잡,0.0
2017-04-29 13:50:00,190,131,57,2,44.7,8.54,13,5,True,오후(12-17),혼잡,1.05
2017-04-29 13:55:00,178,124,54,0,45.7,7.38,13,5,True,오후(12-17),혼잡,0.0
2017-04-29 14:00:00,121,92,28,1,47.5,4.79,14,5,True,오후(12-17),원활,0.83
2017-04-29 14:05:00,154,117,37,0,46.0,6.47,14,5,True,오후(12-17),혼잡,0.0
2017-04-29 14:10:00,160,118,42,0,48.4,6.59,14,5,True,오후(12-17),혼잡,0.0
2017-04-29 14:15:00,182,132,48,2,47.2,7.24,14,5,True,오후(12-17),혼잡,1.1
2017-04-29 14:20:00,145,113,32,0,42.8,6.34,14,5,True,오후(12-17),혼잡,0.0
2017-04-29 14:25:00,155,106,49,0,42.5,7.15,14,5,True,오후(12-17),혼잡,0.0
2017-04-29 14:30:00,187,129,56,2,45.7,8.53,14,5,True,오후(12-17),혼잡,1.07
2017-04-29 14:35:00,194,151,43,0,44.6,8.51,14,5,True,오후(12-17),혼잡,0.0
2017-04-29 14:40:00,156,125,31,0,48.0,6.45,14,5,True,오후(12-17),혼잡,0.0
2017-04-29 14:45:00,148,117,31,0,40.2,8.7,14,5,True,오후(12-17),혼잡,0.0
2017-04-29 14:50:00,162,125,37,0,48.4,6.48,14,5,True,오후(12-17),혼잡,0.0
2017-04-29 14:55:00,211,156,55,0,42.1,9.93,14,5,True,오후(12-17),혼잡,0.0
2017-04-29 15:00:00,163,126,36,1,41.0,8.1,15,5,True,오후(12-17),혼잡,0.61
2017-04-29 15:05:00,125,93,31,1,45.9,5.16,15,5,True,오후(12-17),원활,0.8
2017-04-29 15:10:00,165,123,42,0,44.9,6.77,15,5,True,오후(12-17),혼잡,0.0
2017-04-29 15:15:00,172,130,42,0,49.2,7.1,15,5,True,오후(12-17),혼잡,0.0
2017-04-29 15:20:00,170,123,45,2,44.7,7.37,15,5,True,오후(12-17),혼잡,1.18
2017-04-29 15:25:00,139,110,25,4,45.8,5.55,15,5,True,오후(12-17),원활,2.88
2017-04-29 15:30:00,164,129,35,0,43.7,7.58,15,5,True,오후(12-17),혼잡,0.0
2017-04-29 15:35:00,210,166,42,2,38.7,12.73,15,5,True,오후(12-17),혼잡,0.95
2017-04-29 15:40:00,167,146,20,1,46.8,6.71,15,5,True,오후(12-17),혼잡,0.6
2017-04-29 15:45:00,170,136,33,1,42.1,7.12,15,5,True,오후(12-17),혼잡,0.59
2017-04-29 15:50:00,150,122,25,3,45.2,6.27,15,5,True,오후(12-17),혼잡,2.0
2017-04-29 15:55:00,188,157,29,2,43.1,7.98,15,5,True,오후(12-17),혼잡,1.06
2017-04-29 16:00:00,198,142,54,2,43.3,9.33,16,5,True,오후(12-17),혼잡,1.01
2017-04-29 16:05:00,152,119,31,2,41.6,7.16,16,5,True,오후(12-17),혼잡,1.32
2017-04-29 16:10:00,153,109,42,2,41.3,7.09,16,5,True,오후(12-17),혼잡,1.31
2017-04-29 16:15:00,165,125,40,0,44.0,10.04,16,5,True,오후(12-17),혼잡,0.0
2017-04-29 16:20:00,170,125,43,2,43.5,7.5,16,5,True,오후(12-17),혼잡,1.18
2017-04-29 16:25:00,127,87,35,5,45.0,6.18,16,5,True,오후(12-17),혼잡,3.94
2017-04-29 16:30:00,128,109,17,2,44.8,5.61,16,5,True,오후(12-17),혼잡,1.56
2017-04-29 16:35:00,153,104,48,1,46.4,6.45,16,5,True,오후(12-17),혼잡,0.65
2017-04-29 16:40:00,168,128,40,0,45.7,7.37,16,5,True,오후(12-17),혼잡,0.0
2017-04-29 16:45:00,189,133,52,4,43.6,8.65,16,5,True,오후(12-17),혼잡,2.12
2017-04-29 16:50:00,155,124,29,2,45.7,6.34,16,5,True,오후(12-17),혼잡,1.29
2017-04-29 16:55:00,141,104,36,1,45.9,9.28,16,5,True,오후(12-17),혼잡,0.71
2017-04-29 17:00:00,155,125,29,1,44.9,7.16,17,5,True,오후(12-17),혼잡,0.65
2017-04-29 17:05:00,146,110,34,2,44.4,6.1,17,5,True,오후(12-17),혼잡,1.37
2017-04-29 17:10:00,135,100,35,0,43.6,6.01,17,5,True,오후(12-17),혼잡,0.0
2017-04-29 17:15:00,124,93,30,1,48.8,5.12,17,5,True,오후(12-17),원활,0.81
2017-04-29 17:20:00,158,111,46,1,47.1,6.46,17,5,True,오후(12-17),혼잡,0.63
2017-04-29 17:25:00,144,105,38,1,50.7,5.62,17,5,True,오후(12-17),혼잡,0.69
2017-04-29 17:30:00,142,100,41,1,44.3,6.33,17,5,True,오후(12-17),혼잡,0.7
2017-04-29 17:35:00,119,82,36,1,47.0,4.94,17,5,True,오후(12-17),원활,0.84
2017-04-29 17:40:00,158,127,26,5,49.5,6.28,17,5,True,오후(12-17),혼잡,3.16
2017-04-29 17:45:00,174,124,49,1,47.7,7.17,17,5,True,오후(12-17),혼잡,0.57
2017-04-29 17:50:00,154,114,38,2,47.1,5.96,17,5,True,오후(12-17),혼잡,1.3
2017-04-29 17:55:00,123,94,29,0,43.7,6.4,17,5,True,오후(12-17),혼잡,0.0
2017-04-29 18:00:00,162,122,39,1,45.0,7.7,18,5,True,저녁(18-23),혼잡,0.62
2017-04-29 18:05:00,164,129,35,0,46.4,6.61,18,5,True,저녁(18-23),혼잡,0.0
2017-04-29 18:10:00,167,118,49,0,46.1,6.64,18,5,True,저녁(18-23),혼잡,0.0
2017-04-29 18:15:00,149,116,32,1,44.4,6.34,18,5,True,저녁(18-23),혼잡,0.67
2017-04-29 18:20:00,178,122,53,3,40.1,9.49,18,5,True,저녁(18-23),혼잡,1.69
2017-04-29 18:25:00,169,127,39,3,38.5,12.03,18,5,True,저녁(18-23),혼잡,1.78
2017-04-29 18:30:00,152,112,39,1,41.9,7.83,18,5,True,저녁(18-23),혼잡,0.66
2017-04-29 18:35:00,155,106,48,1,40.6,8.31,18,5,True,저녁(18-23),혼잡,0.65
2017-04-29 18:40:00,144,100,44,0,39.9,11.3,18,5,True,저녁(18-23),혼잡,0.0
2017-04-29 18:45:00,174,122,48,4,37.3,10.84,18,5,True,저녁(18-23),혼잡,2.3
2017-04-29 18:50:00,154,112,42,0,41.7,9.88,18,5,True,저녁(18-23),혼잡,0.0
2017-04-29 18:55:00,130,96,32,2,32.4,18.2,18,5,True,저녁(18-23),혼잡,1.54
2017-04-29 19:00:00,118,82,31,5,29.2,26.61,19,5,True,저녁(18-23),혼잡,4.24
2017-04-29 19:05:00,115,75,34,6,34.0,27.29,19,5,True,저녁(18-23),혼잡,5.22
2017-04-29 19:10:00,144,91,50,3,30.5,21.89,19,5,True,저녁(18-23),혼잡,2.08
2017-04-29 19:15:00,116,76,38,2,38.6,11.0,19,5,True,저녁(18-23),혼잡,1.72
2017-04-29 19:20:00,112,82,30,0,47.0,4.88,19,5,True,저녁(18-23),원활,0.0
2017-04-29 19:25:00,117,94,23,0,45.6,4.75,19,5,True,저녁(18-23),원활,0.0
2017-04-29 19:30:00,127,97,30,0,45.8,5.72,19,5,True,저녁(18-23),혼잡,0.0
2017-04-29 19:35:00,132,108,23,1,43.7,6.26,19,5,True,저녁(18-23),혼잡,0.76
2017-04-29 19:40:00,102,81,21,0,46.9,5.18,19,5,True,저녁(18-23),원활,0.0
2017-04-29 19:45:00,96,82,14,0,44.1,4.52,19,5,True,저녁(18-23),원활,0.0
2017-04-29 19:50:00,154,131,23,0,43.2,7.99,19,5,True,저녁(18-23),혼잡,0.0
2017-04-29 19:55:00,119,88,29,2,44.0,6.65,19,5,True,저녁(18-23),혼잡,1.68
2017-04-29 20:00:00,117,94,22,1,43.3,6.17,20,5,True,저녁(18-23),혼잡,0.85
2017-04-29 20:05:00,116,92,23,1,44.9,6.67,20,5,True,저녁(18-23),혼잡,0.86
2017-04-29 20:10:00,130,103,26,1,45.2,6.91,20,5,True,저녁(18-23),혼잡,0.77
2017-04-29 20:15:00,136,107,29,0,45.4,6.69,20,5,True,저녁(18-23),혼잡,0.0
2017-04-29 20:20:00,87,71,15,1,47.6,4.27,20,5,True,저녁(18-23),원활,1.15
2017-04-29 20:25:00,72,56,15,1,47.5,3.43,20,5,True,저녁(18-23),원활,1.39
2017-04-29 20:30:00,135,101,34,0,47.1,6.41,20,5,True,저녁(18-23),혼잡,0.0
2017-04-29 20:35:00,123,99,23,1,49.2,11.2,20,5,True,저녁(18-23),혼잡,0.81
2017-04-29 20:40:00,107,83,23,1,45.7,5.06,20,5,True,저녁(18-23),원활,0.93
2017-04-29 20:45:00,90,71,17,2,44.4,4.45,20,5,True,저녁(18-23),원활,2.22
2017-04-29 20:50:00,130,104,26,0,45.9,6.7,20,5,True,저녁(18-23),혼잡,0.0
2017-04-29 20:55:00,111,88,23,0,47.8,4.86,20,5,True,저녁(18-23),원활,0.0
2017-04-29 21:00:00,82,65,17,0,50.5,3.83,21,5,True,저녁(18-23),원활,0.0
2017-04-29 21:05:00,70,50,19,1,47.5,3.94,21,5,True,저녁(18-23),원활,1.43
2017-04-29 21:10:00,77,60,17,0,47.7,3.87,21,5,True,저녁(18-23),원활,0.0
2017-04-29 21:15:00,121,97,24,0,43.5,6.24,21,5,True,저녁(18-23),혼잡,0.0
2017-04-29 21:20:00,106,80,26,0,47.0,5.04,21,5,True,저녁(18-23),원활,0.0
2017-04-29 21:25:00,80,57,23,0,46.1,6.82,21,5,True,저녁(18-23),혼잡,0.0
2017-04-29 21:30:00,86,71,15,0,51.3,3.99,21,5,True,저녁(18-23),원활,0.0
2017-04-29 21:35:00,92,69,23,0,44.0,7.39,21,5,True,저녁(18-23),혼잡,0.0
2017-04-29 21:40:00,74,62,12,0,44.7,3.67,21,5,True,저녁(18-23),원활,0.0
2017-04-29 21:45:00,98,82,15,1,44.3,4.88,21,5,True,저녁(18-23),원활,1.02
2017-04-29 21:50:00,76,56,20,0,43.7,3.85,21,5,True,저녁(18-23),원활,0.0
2017-04-29 21:55:00,88,71,17,0,47.0,4.3,21,5,True,저녁(18-23),원활,0.0
2017-04-29 22:00:00,103,77,26,0,42.5,5.39,22,5,True,저녁(18-23),원활,0.0
2017-04-29 22:05:00,86,65,21,0,51.0,4.62,22,5,True,저녁(18-23),원활,0.0
2017-04-29 22:10:00,89,62,27,0,45.0,4.57,22,5,True,저녁(18-23),원활,0.0
2017-04-29 22:15:00,111,89,21,1,47.5,4.82,22,5,True,저녁(18-23),원활,0.9
2017-04-29 22:20:00,69,58,11,0,48.4,3.72,22,5,True,저녁(18-23),원활,0.0
2017-04-29 22:25:00,68,53,14,1,46.1,3.41,22,5,True,저녁(18-23),원활,1.47
2017-04-29 22:30:00,51,39,11,1,49.0,2.34,22,5,True,저녁(18-23),원활,1.96
2017-04-29 22:35:00,80,65,15,0,48.2,3.74,22,5,True,저녁(18-23),원활,0.0
2017-04-29 22:40:00,79,58,21,0,47.0,4.12,22,5,True,저녁(18-23),원활,0.0
2017-04-29 22:45:00,70,49,20,1,50.4,3.06,22,5,True,저녁(18-23),원활,1.43
2017-04-29 22:50:00,72,47,24,1,51.3,3.47,22,5,True,저녁(18-23),원활,1.39
2017-04-29 22:55:00,58,44,13,1,47.5,2.5,22,5,True,저녁(18-23),원활,1.72
2017-04-29 23:00:00,49,37,12,0,49.4,2.26,23,5,True,저녁(18-23),원활,0.0
2017-04-29 23:05:00,46,36,9,1,50.2,2.19,23,5,True,저녁(18-23),원활,2.17
2017-04-29 23:10:00,48,34,14,0,50.2,2.09,23,5,True,저녁(18-23),원활,0.0
2017-04-29 23:15:00,50,38,12,0,56.9,2.05,23,5,True,저녁(18-23),원활,0.0
2017-04-29 23:20:00,66,49,16,1,53.1,3.13,23,5,True,저녁(18-23),원활,1.52
2017-04-29 23:25:00,66,50,16,0,48.2,3.09,23,5,True,저녁(18-23),원활,0.0
2017-04-29 23:30:00,36,30,6,0,50.9,1.67,23,5,True,저녁(18-23),원활,0.0
2017-04-29 23:35:00,45,35,10,0,51.3,2.01,23,5,True,저녁(18-23),원활,0.0
2017-04-29 23:40:00,47,33,14,0,53.9,1.89,23,5,True,저녁(18-23),원활,0.0
2017-04-29 23:45:00,32,28,4,0,50.6,1.36,23,5,True,저녁(18-23),원활,0.0
2017-04-29 23:50:00,31,21,10,0,59.3,1.4,23,5,True,저녁(18-23),원활,0.0
2017-04-29 23:55:00,39,33,6,0,52.5,1.74,23,5,True,저녁(18-23),원활,0.0
